v 4.177955 0.004189491 -5.000233
v 4.177955 0.004189491 4.999767
v 4.999069 0.004189491 -5.000233
v 4.999069 0.004189491 4.999767
v -5.000931 0.004189491 -5.000233
v -5.000931 0.004189491 4.999767
v -4.179816 0.004189491 -5.000233
v -4.179816 0.004189491 4.999767
v -5.000931 -1.071079 4.999767
v 4.999069 -1.071079 4.999767
v -5.000931 0.004189491 4.999767
v 4.999069 0.004189491 4.999767
v -4.179816 0.004189491 4.999767
v -5.000931 0.004189491 4.999767
v 4.999069 0.004189491 4.999767
v 4.177955 0.004189491 4.999767
v -3.456454 0.1996927 4.999767
v -4.179816 0.1996927 4.999767
v -3.456454 0.1019411 4.999767
v -4.179816 0.004189491 4.999767
v 4.177955 0.004189491 4.999767
v 3.454592 0.1019411 4.999767
v 4.177955 0.1996927 4.999767
v 3.454592 0.1996927 4.999767
v -5.000931 0.004189491 -5.000233
v -5.000931 -1.071079 -5.000233
v -5.000931 0.004189491 4.999767
v -5.000931 -1.071079 4.999767
v 4.999069 -1.071079 -5.000233
v 4.500536 -1.071079 -5.000233
v 4.999069 0.004189491 -5.000233
v -4.502397 -1.071079 -5.000233
v -5.000931 -1.071079 -5.000233
v -5.000931 0.004189491 -5.000233
v 4.177955 0.004189491 -5.000233
v 4.999069 0.004189491 -5.000233
v -5.000931 0.004189491 -5.000233
v -4.179816 0.004189491 -5.000233
v 3.454592 0.1996927 -5.000233
v 4.177955 0.1996927 -5.000233
v 3.454592 0.1019411 -5.000233
v 4.177955 0.004189491 -5.000233
v -4.179816 0.004189491 -5.000233
v -3.456454 0.1019411 -5.000233
v -4.179816 0.1996927 -5.000233
v -3.456454 0.1996927 -5.000233
v 4.999069 -1.071079 -5.000233
v 4.999069 0.004189491 -5.000233
v 4.999069 -1.071079 4.999767
v 4.999069 0.004189491 4.999767
v -5.000931 -1.071079 4.999767
v -5.000931 -1.071079 -5.000233
v 4.999069 -1.071079 4.999767
v -4.502397 -1.071079 -5.000233
v 4.500536 -1.071079 -5.000233
v 4.999069 -1.071079 -5.000233
v 4.177955 0.004189491 -5.000233
v 4.177955 0.004189491 4.999767
v 4.999069 0.004189491 -5.000233
v 4.999069 0.004189491 4.999767
v -5.000931 0.004189491 -5.000233
v -5.000931 0.004189491 4.999767
v -4.179816 0.004189491 -5.000233
v -4.179816 0.004189491 4.999767
v -5.000931 -1.071079 4.999767
v 4.999069 -1.071079 4.999767
v -5.000931 0.004189491 4.999767
v 4.999069 0.004189491 4.999767
v -4.179816 0.004189491 4.999767
v -5.000931 0.004189491 4.999767
v 4.999069 0.004189491 4.999767
v 4.177955 0.004189491 4.999767
v -3.456454 0.1996927 4.999767
v -4.179816 0.1996927 4.999767
v -3.456454 0.1019411 4.999767
v -4.179816 0.004189491 4.999767
v 4.177955 0.004189491 4.999767
v 3.454592 0.1019411 4.999767
v 4.177955 0.1996927 4.999767
v 3.454592 0.1996927 4.999767
v -5.000931 0.004189491 -5.000233
v -5.000931 -1.071079 -5.000233
v -5.000931 0.004189491 4.999767
v -5.000931 -1.071079 4.999767
v 4.999069 -1.071079 -5.000233
v 4.500536 -1.071079 -5.000233
v 4.999069 0.004189491 -5.000233
v -4.502397 -1.071079 -5.000233
v -5.000931 -1.071079 -5.000233
v -5.000931 0.004189491 -5.000233
v 4.177955 0.004189491 -5.000233
v 4.999069 0.004189491 -5.000233
v -5.000931 0.004189491 -5.000233
v -4.179816 0.004189491 -5.000233
v 3.454592 0.1996927 -5.000233
v 4.177955 0.1996927 -5.000233
v 3.454592 0.1019411 -5.000233
v 4.177955 0.004189491 -5.000233
v -4.179816 0.004189491 -5.000233
v -3.456454 0.1019411 -5.000233
v -4.179816 0.1996927 -5.000233
v -3.456454 0.1996927 -5.000233
v 4.999069 -1.071079 -5.000233
v 4.999069 0.004189491 -5.000233
v 4.999069 -1.071079 4.999767
v 4.999069 0.004189491 4.999767
v -5.000931 -1.071079 4.999767
v -5.000931 -1.071079 -5.000233
v 4.999069 -1.071079 4.999767
v -4.502397 -1.071079 -5.000233
v 4.500536 -1.071079 -5.000233
v 4.999069 -1.071079 -5.000233
v 4.177955 0.004189491 5
v 4.177955 0.004189491 15
v 4.999069 0.004189491 5
v 4.999069 0.004189491 15
v -5.000931 0.004189491 5
v -5.000931 0.004189491 15
v -4.179816 0.004189491 5
v -4.179816 0.004189491 15
v -5.000931 -1.071079 15
v 4.999069 -1.071079 15
v -5.000931 0.004189491 15
v 4.999069 0.004189491 15
v -4.179816 0.004189491 15
v -5.000931 0.004189491 15
v 4.999069 0.004189491 15
v 4.177955 0.004189491 15
v -3.456454 0.1996927 15
v -4.179816 0.1996927 15
v -3.456454 0.1019411 15
v -4.179816 0.004189491 15
v 4.177955 0.004189491 15
v 3.454592 0.1019411 15
v 4.177955 0.1996927 15
v 3.454592 0.1996927 15
v -5.000931 0.004189491 5
v -5.000931 -1.071079 5
v -5.000931 0.004189491 15
v -5.000931 -1.071079 15
v 4.999069 -1.071079 5
v 4.500536 -1.071079 5
v 4.999069 0.004189491 5
v -4.502397 -1.071079 5
v -5.000931 -1.071079 5
v -5.000931 0.004189491 5
v 4.177955 0.004189491 5
v 4.999069 0.004189491 5
v -5.000931 0.004189491 5
v -4.179816 0.004189491 5
v 3.454592 0.1996927 5
v 4.177955 0.1996927 5
v 3.454592 0.1019411 5
v 4.177955 0.004189491 5
v -4.179816 0.004189491 5
v -3.456454 0.1019411 5
v -4.179816 0.1996927 5
v -3.456454 0.1996927 5
v 4.999069 -1.071079 5
v 4.999069 0.004189491 5
v 4.999069 -1.071079 15
v 4.999069 0.004189491 15
v -5.000931 -1.071079 15
v -5.000931 -1.071079 5
v 4.999069 -1.071079 15
v -4.502397 -1.071079 5
v 4.500536 -1.071079 5
v 4.999069 -1.071079 5
v 4.183473 -1.192093E-07 15
v 4.190459 -1.192093E-07 15.10658
v 5 -1.192093E-07 15
v 4.211296 -1.192093E-07 15.21133
v 4.245628 -1.192093E-07 15.31247
v 4.292868 -1.192093E-07 15.40826
v 4.352206 -1.192093E-07 15.49707
v 4.422628 -1.192093E-07 15.57737
v 4.502931 -1.192093E-07 15.64779
v 4.591737 -1.192093E-07 15.70713
v 4.687529 -1.192093E-07 15.75437
v 4.788667 -1.192093E-07 15.7887
v 4.893422 -1.192093E-07 15.80954
v 5 -1.192093E-07 15.81653
v -5 -1.192093E-07 15
v -4.914449 -1.192093E-07 16.30526
v -4.183474 -1.192093E-07 15
v -4.659258 -1.192093E-07 17.58819
v -4.238795 -1.192093E-07 18.82683
v -4.104908 -1.192093E-07 16.19868
v -3.660254 -1.192093E-07 20
v -3.870555 -1.192093E-07 17.37686
v -3.484423 -1.192093E-07 18.51436
v -2.933533 -1.192093E-07 21.08761
v -2.953121 -1.192093E-07 19.59174
v -2.285739 -1.192093E-07 20.59054
v -2.071068 -1.192093E-07 22.07107
v -1.493697 -1.192093E-07 21.4937
v -1.087614 -1.192093E-07 22.93353
v -0.5905442 -1.192093E-07 22.28574
v 0 -1.192093E-07 23.66025
v 0.4082632 -1.192093E-07 22.95312
v 1.173166 -1.192093E-07 24.2388
v 1.485636 -1.192093E-07 23.48442
v 2.411809 -1.192093E-07 24.65926
v 2.623142 -1.192093E-07 23.87056
v 3.694737 -1.192093E-07 24.91445
v 3.801316 -1.192093E-07 24.10491
v 5 -1.192093E-07 25
v 5 -1.192093E-07 24.18347
v 3.451351 0.1999999 15
v 4.183473 0.1999999 15
v 3.451351 0.0999999 15
v 4.183473 -1.192093E-07 15
v -3.451351 0.0999999 15
v -4.183474 -1.192093E-07 15
v 5 -1.192093E-07 15
v -4.183474 0.1999999 15
v -3.451351 0.1999999 15
v -5 -1.066209 15
v -5 -1.192093E-07 15
v 5 -1.066209 15
v 5 -1.066209 15
v 5 -1.192093E-07 15
v 5 -1.066209 25
v 5 -1.192093E-07 15.81653
v 5 0.1999999 15.81653
v 5 0.0999999 16.54865
v 5 0.1999999 16.54865
v 5 0.0999999 23.45135
v 5 0.1999999 23.45135
v 5 -1.192093E-07 24.18347
v 5 -1.192093E-07 25
v 5 0.1999999 24.18347
v 3.694737 -1.066209 24.91445
v 5 -1.066209 25
v 3.694737 -1.192093E-07 24.91445
v 5 -1.192093E-07 25
v 2.411809 -1.066209 24.65926
v 3.694737 -1.066209 24.91445
v 2.411809 -1.192093E-07 24.65926
v 3.694737 -1.192093E-07 24.91445
v 1.173166 -1.066209 24.2388
v 2.411809 -1.066209 24.65926
v 1.173166 -1.192093E-07 24.2388
v 2.411809 -1.192093E-07 24.65926
v 0 -1.066209 23.66025
v 1.173166 -1.066209 24.2388
v 0 -1.192093E-07 23.66025
v 1.173166 -1.192093E-07 24.2388
v -1.087614 -1.066209 22.93353
v 0 -1.066209 23.66025
v -1.087614 -1.192093E-07 22.93353
v 0 -1.192093E-07 23.66025
v -2.071068 -1.066209 22.07107
v -1.087614 -1.066209 22.93353
v -2.071068 -1.192093E-07 22.07107
v -1.087614 -1.192093E-07 22.93353
v -2.933533 -1.192093E-07 21.08761
v -2.933533 -1.066209 21.08761
v -2.071068 -1.192093E-07 22.07107
v -2.071068 -1.066209 22.07107
v -3.660254 -1.192093E-07 20
v -3.660254 -1.066209 20
v -2.933533 -1.192093E-07 21.08761
v -2.933533 -1.066209 21.08761
v -4.238795 -1.192093E-07 18.82683
v -4.238795 -1.066209 18.82683
v -3.660254 -1.192093E-07 20
v -3.660254 -1.066209 20
v -4.659258 -1.192093E-07 17.58819
v -4.659258 -1.066209 17.58819
v -4.238795 -1.192093E-07 18.82683
v -4.238795 -1.066209 18.82683
v -4.914449 -1.192093E-07 16.30526
v -4.914449 -1.066209 16.30526
v -4.659258 -1.192093E-07 17.58819
v -4.659258 -1.066209 17.58819
v -5 -1.192093E-07 15
v -5 -1.066209 15
v -4.914449 -1.192093E-07 16.30526
v -4.914449 -1.066209 16.30526
v -5 -1.066209 15
v 5 -1.066209 15
v -4.914449 -1.066209 16.30526
v -4.659258 -1.066209 17.58819
v -4.238795 -1.066209 18.82683
v -3.660254 -1.066209 20
v -2.933533 -1.066209 21.08761
v -2.071068 -1.066209 22.07107
v -1.087614 -1.066209 22.93353
v 0 -1.066209 23.66025
v 1.173166 -1.066209 24.2388
v 2.411809 -1.066209 24.65926
v 3.694737 -1.066209 24.91445
v 5 -1.066209 25
v 15 0 14.99999
v 4.999996 0 15
v 15 2.502444 14.99999
v 15 2.502444 24.99999
v 5.000004 0 25
v 15 0 24.99999
v 4.999997 0 15.82112
v 15 2.502444 15.82111
v 4.999996 0 15
v 15 2.502444 14.99999
v 5.000004 0 25
v 15 2.502444 24.99999
v 5.000004 0 24.17889
v 15 2.502444 24.17888
v 15 0 24.99999
v 15 0 14.99999
v 15 2.502444 24.99999
v 15 2.502444 14.99999
v 15 2.502444 24.17888
v 15 2.502444 24.99999
v 15 2.502444 14.99999
v 15 2.502444 15.82111
v 15 2.697947 23.45552
v 15 2.697947 24.17888
v 15 2.600195 23.45552
v 15 2.502444 24.17888
v 15 2.502444 15.82111
v 15 2.600195 16.54447
v 15 2.697947 15.82111
v 15 2.697947 16.54447
v 14.99995 2.504855 15.82111
v 24.99995 2.504855 15.8211
v 14.99995 2.504855 14.99999
v 24.99995 2.504855 14.99999
v 14.99996 2.504855 24.99999
v 24.99996 2.504855 24.99999
v 14.99996 2.504855 24.17888
v 24.99996 2.504855 24.17887
v 24.99996 1.429586 24.99999
v 24.99995 1.429586 14.99999
v 24.99996 2.504855 24.99999
v 24.99995 2.504855 14.99999
v 24.99996 2.504855 24.17887
v 24.99996 2.504855 24.99999
v 24.99995 2.504855 14.99999
v 24.99995 2.504855 15.8211
v 24.99996 2.700358 23.45551
v 24.99996 2.700358 24.17887
v 24.99996 2.602606 23.45551
v 24.99996 2.504855 24.17887
v 24.99995 2.504855 15.8211
v 24.99995 2.602606 16.54446
v 24.99995 2.700358 15.8211
v 24.99995 2.700358 16.54446
v 14.99996 2.504855 24.99999
v 14.99996 1.429586 24.99999
v 24.99996 2.504855 24.99999
v 24.99996 1.429586 24.99999
v 14.99995 1.429586 14.99999
v 14.99995 1.429586 15.49853
v 14.99995 2.504855 14.99999
v 14.99996 1.429586 24.50146
v 14.99996 1.429586 24.99999
v 14.99996 2.504855 24.99999
v 14.99995 2.504855 15.82111
v 14.99995 2.504855 14.99999
v 14.99996 2.504855 24.99999
v 14.99996 2.504855 24.17888
v 14.99995 2.700358 16.54447
v 14.99995 2.700358 15.82111
v 14.99995 2.602606 16.54447
v 14.99995 2.504855 15.82111
v 14.99996 2.504855 24.17888
v 14.99996 2.602606 23.45551
v 14.99996 2.700358 24.17888
v 14.99996 2.700358 23.45551
v 14.99995 1.429586 14.99999
v 14.99995 2.504855 14.99999
v 24.99995 1.429586 14.99999
v 24.99995 2.504855 14.99999
v 24.99996 1.429586 24.99999
v 14.99996 1.429586 24.99999
v 24.99995 1.429586 14.99999
v 14.99996 1.429586 24.50146
v 14.99995 1.429586 15.49853
v 14.99995 1.429586 14.99999
v 35 2.5 14.99998
v 25 2.5 14.99998
v 35 5.002444 14.99998
v 35 5.002444 24.99998
v 25 2.5 24.99998
v 35 2.5 24.99998
v 25 2.5 15.8211
v 35 5.002444 15.82109
v 25 2.5 14.99998
v 35 5.002444 14.99998
v 25 2.5 24.99998
v 35 5.002444 24.99998
v 25 2.5 24.17887
v 35 5.002444 24.17886
v 35 2.5 24.99998
v 35 2.5 14.99998
v 35 5.002444 24.99998
v 35 5.002444 14.99998
v 35 5.002444 24.17886
v 35 5.002444 24.99998
v 35 5.002444 14.99998
v 35 5.002444 15.82109
v 35 5.197948 23.4555
v 35 5.197948 24.17886
v 35 5.100195 23.4555
v 35 5.002444 24.17886
v 35 5.002444 15.82109
v 35 5.100195 16.54445
v 35 5.197948 15.82109
v 35 5.197948 16.54445
v 35 5 15.8165
v 35.10658 5 15.80952
v 35 5 14.99998
v 35.21133 5 15.78868
v 35.31247 5 15.75435
v 35.40826 5 15.70711
v 35.49707 5 15.64777
v 35.57737 5 15.57735
v 35.64779 5 15.49705
v 35.70713 5 15.40824
v 35.75437 5 15.31245
v 35.7887 5 15.21131
v 35.80954 5 15.10655
v 35.81652 5 14.99998
v 35 5 24.99998
v 36.30527 5 24.91442
v 35 5 24.18345
v 37.5882 5 24.65923
v 38.82684 5 24.23877
v 36.19869 5 24.10488
v 40 5 23.66023
v 37.37686 5 23.87053
v 38.51437 5 23.4844
v 41.08762 5 22.93351
v 39.59174 5 22.95309
v 40.59055 5 22.28571
v 42.07107 5 22.07104
v 41.4937 5 21.49367
v 42.93353 5 21.08759
v 42.28574 5 20.59052
v 43.66026 5 19.99997
v 42.95312 5 19.59171
v 44.23879 5 18.8268
v 43.48442 5 18.51433
v 44.65926 5 17.58816
v 43.87055 5 17.37683
v 44.91444 5 16.30523
v 44.1049 5 16.19865
v 45 5 14.99997
v 44.18347 5 14.99997
v 35 5.2 16.54863
v 35 5.2 15.8165
v 35 5.1 16.54863
v 35 5 15.8165
v 35 5.1 23.45133
v 35 5 24.18345
v 35 5 14.99998
v 35 5.2 24.18345
v 35 5.2 23.45133
v 35 3.933791 24.99998
v 35 5 24.99998
v 35 3.933791 14.99998
v 35 3.933791 14.99998
v 35 5 14.99998
v 45 3.933791 14.99997
v 35.81652 5 14.99998
v 35.81652 5.2 14.99998
v 36.54865 5.1 14.99998
v 36.54865 5.2 14.99998
v 43.45135 5.1 14.99997
v 43.45135 5.2 14.99997
v 44.18347 5 14.99997
v 45 5 14.99997
v 44.18347 5.2 14.99997
v 44.91444 3.933791 16.30523
v 45 3.933791 14.99997
v 44.91444 5 16.30523
v 45 5 14.99997
v 44.65926 3.933791 17.58816
v 44.91444 3.933791 16.30523
v 44.65926 5 17.58816
v 44.91444 5 16.30523
v 44.23879 3.933791 18.8268
v 44.65926 3.933791 17.58816
v 44.23879 5 18.8268
v 44.65926 5 17.58816
v 43.66026 3.933791 19.99997
v 44.23879 3.933791 18.8268
v 43.66026 5 19.99997
v 44.23879 5 18.8268
v 42.93353 3.933791 21.08759
v 43.66026 3.933791 19.99997
v 42.93353 5 21.08759
v 43.66026 5 19.99997
v 42.07107 3.933791 22.07104
v 42.93353 3.933791 21.08759
v 42.07107 5 22.07104
v 42.93353 5 21.08759
v 41.08762 5 22.93351
v 41.08762 3.933791 22.93351
v 42.07107 5 22.07104
v 42.07107 3.933791 22.07104
v 40 5 23.66023
v 40 3.933791 23.66023
v 41.08762 5 22.93351
v 41.08762 3.933791 22.93351
v 38.82684 5 24.23877
v 38.82684 3.933791 24.23877
v 40 5 23.66023
v 40 3.933791 23.66023
v 37.5882 5 24.65923
v 37.5882 3.933791 24.65923
v 38.82684 5 24.23877
v 38.82684 3.933791 24.23877
v 36.30527 5 24.91442
v 36.30527 3.933791 24.91442
v 37.5882 5 24.65923
v 37.5882 3.933791 24.65923
v 35 5 24.99998
v 35 3.933791 24.99998
v 36.30527 5 24.91442
v 36.30527 3.933791 24.91442
v 35 3.933791 24.99998
v 35 3.933791 14.99998
v 36.30527 3.933791 24.91442
v 37.5882 3.933791 24.65923
v 38.82684 3.933791 24.23877
v 40 3.933791 23.66023
v 41.08762 3.933791 22.93351
v 42.07107 3.933791 22.07104
v 42.93353 3.933791 21.08759
v 43.66026 3.933791 19.99997
v 44.23879 3.933791 18.8268
v 44.65926 3.933791 17.58816
v 44.91444 3.933791 16.30523
v 45 3.933791 14.99997
v 35.81652 5 14.99998
v 35.80954 5 14.8934
v 35 5 14.99998
v 35.7887 5 14.78865
v 35.75437 5 14.68751
v 35.70713 5 14.59172
v 35.64779 5 14.50291
v 35.57737 5 14.42261
v 35.49706 5 14.35219
v 35.40826 5 14.29285
v 35.31247 5 14.24561
v 35.21133 5 14.21128
v 35.10658 5 14.19044
v 35 5 14.18345
v 45 5 14.99997
v 44.91444 5 13.6947
v 44.18347 5 14.99997
v 44.65925 5 12.41178
v 44.23878 5 11.17313
v 44.1049 5 13.80128
v 43.66024 5 9.999968
v 43.87055 5 12.62311
v 43.48441 5 11.48561
v 42.93352 5 8.912355
v 42.95311 5 10.40823
v 42.28573 5 9.409426
v 42.07105 5 7.928903
v 41.49368 5 8.506273
v 41.0876 5 7.066438
v 40.59053 5 7.714233
v 39.99998 5 6.33972
v 39.59172 5 7.046852
v 38.82682 5 5.76118
v 38.51435 5 6.515553
v 37.58817 5 5.340719
v 37.37684 5 6.129422
v 36.30524 5 5.08553
v 36.19867 5 5.895071
v 34.99998 5 4.999981
v 34.99998 5 5.816508
v 36.54865 5.2 14.99998
v 35.81652 5.2 14.99998
v 36.54865 5.1 14.99998
v 35.81652 5 14.99998
v 43.45135 5.1 14.99997
v 44.18347 5 14.99997
v 35 5 14.99998
v 44.18347 5.2 14.99997
v 43.45135 5.2 14.99997
v 45 3.933791 14.99997
v 45 5 14.99997
v 35 3.933791 14.99998
v 35 3.933791 14.99998
v 35 5 14.99998
v 34.99998 3.933791 4.999981
v 35 5 14.18345
v 35 5.2 14.18345
v 34.99999 5.1 13.45133
v 34.99999 5.2 13.45133
v 34.99998 5.1 6.54863
v 34.99998 5.2 6.54863
v 34.99998 5 5.816508
v 34.99998 5 4.999981
v 34.99998 5.2 5.816508
v 36.30524 3.933791 5.08553
v 34.99998 3.933791 4.999981
v 36.30524 5 5.08553
v 34.99998 5 4.999981
v 37.58817 3.933791 5.340719
v 36.30524 3.933791 5.08553
v 37.58817 5 5.340719
v 36.30524 5 5.08553
v 38.82682 3.933791 5.76118
v 37.58817 3.933791 5.340719
v 38.82682 5 5.76118
v 37.58817 5 5.340719
v 39.99998 3.933791 6.33972
v 38.82682 3.933791 5.76118
v 39.99998 5 6.33972
v 38.82682 5 5.76118
v 41.0876 3.933791 7.066438
v 39.99998 3.933791 6.33972
v 41.0876 5 7.066438
v 39.99998 5 6.33972
v 42.07105 3.933791 7.928903
v 41.0876 3.933791 7.066438
v 42.07105 5 7.928903
v 41.0876 5 7.066438
v 42.93352 5 8.912355
v 42.93352 3.933791 8.912355
v 42.07105 5 7.928903
v 42.07105 3.933791 7.928903
v 43.66024 5 9.999968
v 43.66024 3.933791 9.999968
v 42.93352 5 8.912355
v 42.93352 3.933791 8.912355
v 44.23878 5 11.17313
v 44.23878 3.933791 11.17313
v 43.66024 5 9.999968
v 43.66024 3.933791 9.999968
v 44.65925 5 12.41178
v 44.65925 3.933791 12.41178
v 44.23878 5 11.17313
v 44.23878 3.933791 11.17313
v 44.91444 5 13.6947
v 44.91444 3.933791 13.6947
v 44.65925 5 12.41178
v 44.65925 3.933791 12.41178
v 45 5 14.99997
v 45 3.933791 14.99997
v 44.91444 5 13.6947
v 44.91444 3.933791 13.6947
v 45 3.933791 14.99997
v 35 3.933791 14.99998
v 44.91444 3.933791 13.6947
v 44.65925 3.933791 12.41178
v 44.23878 3.933791 11.17313
v 43.66024 3.933791 9.999968
v 42.93352 3.933791 8.912355
v 42.07105 3.933791 7.928903
v 41.0876 3.933791 7.066438
v 39.99998 3.933791 6.33972
v 38.82682 3.933791 5.76118
v 37.58817 3.933791 5.340719
v 36.30524 3.933791 5.08553
v 34.99998 3.933791 4.999981
v 34.18345 5 5.000008
v 34.19044 5 5.106586
v 34.99998 5 5.000009
v 34.21127 5 5.21134
v 34.24561 5 5.312479
v 34.29285 5 5.408271
v 34.35218 5 5.497078
v 34.42261 5 5.577379
v 34.50291 5 5.647802
v 34.59171 5 5.707141
v 34.6875 5 5.75438
v 34.78864 5 5.788713
v 34.8934 5 5.809549
v 34.99998 5 5.816535
v 24.99998 5 5.000001
v 25.08553 5 6.305264
v 25.8165 5 5.000002
v 25.34072 5 7.588193
v 25.76118 5 8.826836
v 25.89507 5 6.198686
v 26.33972 5 10
v 26.12942 5 7.37686
v 26.51555 5 8.514366
v 27.06644 5 11.08762
v 27.04685 5 9.591739
v 27.71423 5 10.59055
v 27.9289 5 12.07107
v 28.50628 5 11.4937
v 28.91236 5 12.93354
v 29.40943 5 12.28574
v 29.99997 5 13.66026
v 30.40823 5 12.95313
v 31.17314 5 14.2388
v 31.48561 5 13.48443
v 32.41178 5 14.65927
v 32.62311 5 13.87056
v 33.69471 5 14.91446
v 33.80128 5 14.10492
v 34.99997 5 15.00001
v 34.99997 5 14.18348
v 33.45133 5.2 5.000008
v 34.18345 5.2 5.000008
v 33.45133 5.1 5.000008
v 34.18345 5 5.000008
v 26.54863 5.1 5.000002
v 25.8165 5 5.000002
v 34.99998 5 5.000009
v 25.8165 5.2 5.000002
v 26.54863 5.2 5.000002
v 24.99998 3.933791 5.000001
v 24.99998 5 5.000001
v 34.99998 3.933791 5.000009
v 34.99998 3.933791 5.000009
v 34.99998 5 5.000009
v 34.99997 3.933791 15.00001
v 34.99998 5 5.816535
v 34.99998 5.2 5.816535
v 34.99998 5.1 6.548657
v 34.99998 5.2 6.548657
v 34.99997 5.1 13.45136
v 34.99997 5.2 13.45136
v 34.99997 5 14.18348
v 34.99997 5 15.00001
v 34.99997 5.2 14.18348
v 33.69471 3.933791 14.91446
v 34.99997 3.933791 15.00001
v 33.69471 5 14.91446
v 34.99997 5 15.00001
v 32.41178 3.933791 14.65927
v 33.69471 3.933791 14.91446
v 32.41178 5 14.65927
v 33.69471 5 14.91446
v 31.17314 3.933791 14.2388
v 32.41178 3.933791 14.65927
v 31.17314 5 14.2388
v 32.41178 5 14.65927
v 29.99997 3.933791 13.66026
v 31.17314 3.933791 14.2388
v 29.99997 5 13.66026
v 31.17314 5 14.2388
v 28.91236 3.933791 12.93354
v 29.99997 3.933791 13.66026
v 28.91236 5 12.93354
v 29.99997 5 13.66026
v 27.9289 3.933791 12.07107
v 28.91236 3.933791 12.93354
v 27.9289 5 12.07107
v 28.91236 5 12.93354
v 27.06644 5 11.08762
v 27.06644 3.933791 11.08762
v 27.9289 5 12.07107
v 27.9289 3.933791 12.07107
v 26.33972 5 10
v 26.33972 3.933791 10
v 27.06644 5 11.08762
v 27.06644 3.933791 11.08762
v 25.76118 5 8.826836
v 25.76118 3.933791 8.826836
v 26.33972 5 10
v 26.33972 3.933791 10
v 25.34072 5 7.588193
v 25.34072 3.933791 7.588193
v 25.76118 5 8.826836
v 25.76118 3.933791 8.826836
v 25.08553 5 6.305264
v 25.08553 3.933791 6.305264
v 25.34072 5 7.588193
v 25.34072 3.933791 7.588193
v 24.99998 5 5.000001
v 24.99998 3.933791 5.000001
v 25.08553 5 6.305264
v 25.08553 3.933791 6.305264
v 24.99998 3.933791 5.000001
v 34.99998 3.933791 5.000009
v 25.08553 3.933791 6.305264
v 25.34072 3.933791 7.588193
v 25.76118 3.933791 8.826836
v 26.33972 3.933791 10
v 27.06644 3.933791 11.08762
v 27.9289 3.933791 12.07107
v 28.91236 3.933791 12.93354
v 29.99997 3.933791 13.66026
v 31.17314 3.933791 14.2388
v 32.41178 3.933791 14.65927
v 33.69471 3.933791 14.91446
v 34.99997 3.933791 15.00001
v 25.81651 5 5
v 25.80952 5 4.893422
v 24.99998 5 5.000002
v 25.78868 5 4.788668
v 25.75435 5 4.68753
v 25.70711 5 4.591738
v 25.64777 5 4.502931
v 25.57735 5 4.42263
v 25.49704 5 4.352207
v 25.40824 5 4.292869
v 25.31245 5 4.24563
v 25.21131 5 4.211298
v 25.10655 5 4.190461
v 24.99998 5 4.183476
v 34.99998 5 4.999979
v 34.91442 5 3.694717
v 34.18345 5 4.999981
v 34.65923 5 2.411789
v 34.23876 5 1.173147
v 34.10488 5 3.801297
v 33.66022 5 -1.764297E-05
v 33.87053 5 2.623124
v 33.48439 5 1.48562
v 32.93349 5 -1.08763
v 32.95309 5 0.4082479
v 32.2857 5 -0.590559
v 32.07103 5 -2.071082
v 31.49366 5 -1.49371
v 31.08757 5 -2.933546
v 30.5905 5 -2.28575
v 29.99996 5 -3.660263
v 29.5917 5 -2.953131
v 28.82679 5 -4.238802
v 28.51432 5 -3.484429
v 27.58815 5 -4.659262
v 27.37682 5 -3.870558
v 26.30522 5 -4.91445
v 26.19864 5 -4.104909
v 24.99995 5 -4.999998
v 24.99996 5 -4.183471
v 26.54863 5.2 4.999999
v 25.81651 5.2 5
v 26.54863 5.1 4.999999
v 25.81651 5 5
v 33.45133 5.1 4.999983
v 34.18345 5 4.999981
v 24.99998 5 5.000002
v 34.18345 5.2 4.999981
v 33.45133 5.2 4.999983
v 34.99998 3.933791 4.999979
v 34.99998 5 4.999979
v 24.99998 3.933791 5.000002
v 24.99998 3.933791 5.000002
v 24.99998 5 5.000002
v 24.99995 3.933791 -4.999998
v 24.99998 5 4.183476
v 24.99998 5.2 4.183476
v 24.99997 5.1 3.451353
v 24.99997 5.2 3.451353
v 24.99996 5.1 -3.451349
v 24.99996 5.2 -3.451349
v 24.99996 5 -4.183471
v 24.99995 5 -4.999998
v 24.99996 5.2 -4.183471
v 26.30522 3.933791 -4.91445
v 24.99995 3.933791 -4.999998
v 26.30522 5 -4.91445
v 24.99995 5 -4.999998
v 27.58815 3.933791 -4.659262
v 26.30522 3.933791 -4.91445
v 27.58815 5 -4.659262
v 26.30522 5 -4.91445
v 28.82679 3.933791 -4.238802
v 27.58815 3.933791 -4.659262
v 28.82679 5 -4.238802
v 27.58815 5 -4.659262
v 29.99996 3.933791 -3.660263
v 28.82679 3.933791 -4.238802
v 29.99996 5 -3.660263
v 28.82679 5 -4.238802
v 31.08757 3.933791 -2.933546
v 29.99996 3.933791 -3.660263
v 31.08757 5 -2.933546
v 29.99996 5 -3.660263
v 32.07103 3.933791 -2.071082
v 31.08757 3.933791 -2.933546
v 32.07103 5 -2.071082
v 31.08757 5 -2.933546
v 32.93349 5 -1.08763
v 32.93349 3.933791 -1.08763
v 32.07103 5 -2.071082
v 32.07103 3.933791 -2.071082
v 33.66022 5 -1.764297E-05
v 33.66022 3.933791 -1.764297E-05
v 32.93349 5 -1.08763
v 32.93349 3.933791 -1.08763
v 34.23876 5 1.173147
v 34.23876 3.933791 1.173147
v 33.66022 5 -1.764297E-05
v 33.66022 3.933791 -1.764297E-05
v 34.65923 5 2.411789
v 34.65923 3.933791 2.411789
v 34.23876 5 1.173147
v 34.23876 3.933791 1.173147
v 34.91442 5 3.694717
v 34.91442 3.933791 3.694717
v 34.65923 5 2.411789
v 34.65923 3.933791 2.411789
v 34.99998 5 4.999979
v 34.99998 3.933791 4.999979
v 34.91442 5 3.694717
v 34.91442 3.933791 3.694717
v 34.99998 3.933791 4.999979
v 24.99998 3.933791 5.000002
v 34.91442 3.933791 3.694717
v 34.65923 3.933791 2.411789
v 34.23876 3.933791 1.173147
v 33.66022 3.933791 -1.764297E-05
v 32.93349 3.933791 -1.08763
v 32.07103 3.933791 -2.071082
v 31.08757 3.933791 -2.933546
v 29.99996 3.933791 -3.660263
v 28.82679 3.933791 -4.238802
v 27.58815 3.933791 -4.659262
v 26.30522 3.933791 -4.91445
v 24.99995 3.933791 -4.999998
v 24.18342 5 -4.99997
v 24.19041 5 -4.893393
v 24.99995 5 -4.99997
v 24.21125 5 -4.788638
v 24.24558 5 -4.6875
v 24.29282 5 -4.591708
v 24.35216 5 -4.502901
v 24.42258 5 -4.422599
v 24.50288 5 -4.352177
v 24.59169 5 -4.292838
v 24.68748 5 -4.245599
v 24.78862 5 -4.211267
v 24.89337 5 -4.19043
v 24.99995 5 -4.183444
v 14.99995 5 -4.999969
v 15.0855 5 -3.694707
v 15.81648 5 -4.999969
v 15.34069 5 -2.411778
v 15.76116 5 -1.173136
v 15.89504 5 -3.801286
v 16.3397 5 3.051758E-05
v 16.1294 5 -2.623112
v 16.51553 5 -1.485607
v 17.06642 5 1.087644
v 17.04683 5 -0.4082341
v 17.71421 5 0.5905743
v 17.92888 5 2.071098
v 18.50625 5 1.493727
v 18.91234 5 2.933564
v 19.40941 5 2.285769
v 19.99995 5 3.660283
v 20.40821 5 2.953152
v 21.17312 5 4.238825
v 21.48559 5 3.484453
v 22.41176 5 4.659287
v 22.62309 5 3.870584
v 23.69469 5 4.914478
v 23.80127 5 4.104938
v 24.99995 5 5.00003
v 24.99995 5 4.183502
v 23.4513 5.2 -4.99997
v 24.18342 5.2 -4.99997
v 23.4513 5.1 -4.99997
v 24.18342 5 -4.99997
v 16.5486 5.1 -4.999969
v 15.81648 5 -4.999969
v 24.99995 5 -4.99997
v 15.81648 5.2 -4.999969
v 16.5486 5.2 -4.999969
v 14.99995 3.933791 -4.999969
v 14.99995 5 -4.999969
v 24.99995 3.933791 -4.99997
v 24.99995 3.933791 -4.99997
v 24.99995 5 -4.99997
v 24.99995 3.933791 5.00003
v 24.99995 5 -4.183444
v 24.99995 5.2 -4.183444
v 24.99995 5.1 -3.451322
v 24.99995 5.2 -3.451322
v 24.99995 5.1 3.451381
v 24.99995 5.2 3.451381
v 24.99995 5 4.183502
v 24.99995 5 5.00003
v 24.99995 5.2 4.183502
v 23.69469 3.933791 4.914478
v 24.99995 3.933791 5.00003
v 23.69469 5 4.914478
v 24.99995 5 5.00003
v 22.41176 3.933791 4.659287
v 23.69469 3.933791 4.914478
v 22.41176 5 4.659287
v 23.69469 5 4.914478
v 21.17312 3.933791 4.238825
v 22.41176 3.933791 4.659287
v 21.17312 5 4.238825
v 22.41176 5 4.659287
v 19.99995 3.933791 3.660283
v 21.17312 3.933791 4.238825
v 19.99995 5 3.660283
v 21.17312 5 4.238825
v 18.91234 3.933791 2.933564
v 19.99995 3.933791 3.660283
v 18.91234 5 2.933564
v 19.99995 5 3.660283
v 17.92888 3.933791 2.071098
v 18.91234 3.933791 2.933564
v 17.92888 5 2.071098
v 18.91234 5 2.933564
v 17.06642 5 1.087644
v 17.06642 3.933791 1.087644
v 17.92888 5 2.071098
v 17.92888 3.933791 2.071098
v 16.3397 5 3.051758E-05
v 16.3397 3.933791 3.051758E-05
v 17.06642 5 1.087644
v 17.06642 3.933791 1.087644
v 15.76116 5 -1.173136
v 15.76116 3.933791 -1.173136
v 16.3397 5 3.051758E-05
v 16.3397 3.933791 3.051758E-05
v 15.34069 5 -2.411778
v 15.34069 3.933791 -2.411778
v 15.76116 5 -1.173136
v 15.76116 3.933791 -1.173136
v 15.0855 5 -3.694707
v 15.0855 3.933791 -3.694707
v 15.34069 5 -2.411778
v 15.34069 3.933791 -2.411778
v 14.99995 5 -4.999969
v 14.99995 3.933791 -4.999969
v 15.0855 5 -3.694707
v 15.0855 3.933791 -3.694707
v 14.99995 3.933791 -4.999969
v 24.99995 3.933791 -4.99997
v 15.0855 3.933791 -3.694707
v 15.34069 3.933791 -2.411778
v 15.76116 3.933791 -1.173136
v 16.3397 3.933791 3.051758E-05
v 17.06642 3.933791 1.087644
v 17.92888 3.933791 2.071098
v 18.91234 3.933791 2.933564
v 19.99995 3.933791 3.660283
v 21.17312 3.933791 4.238825
v 22.41176 3.933791 4.659287
v 23.69469 3.933791 4.914478
v 24.99995 3.933791 5.00003
v 24.99995 2.5 -5.00001
v 24.99991 2.5 -15.00001
v 24.99995 5.002444 -5.00001
v 14.99995 5.002444 -4.999969
v 14.99991 2.5 -14.99997
v 14.99995 2.5 -4.999969
v 24.17879 2.5 -15.00001
v 24.17884 5.002444 -5.000008
v 24.99991 2.5 -15.00001
v 24.99995 5.002444 -5.00001
v 14.99991 2.5 -14.99997
v 14.99995 5.002444 -4.999969
v 15.82102 2.5 -14.99997
v 15.82107 5.002444 -4.999972
v 14.99995 2.5 -4.999969
v 24.99995 2.5 -5.00001
v 14.99995 5.002444 -4.999969
v 24.99995 5.002444 -5.00001
v 15.82107 5.002444 -4.999972
v 14.99995 5.002444 -4.999969
v 24.99995 5.002444 -5.00001
v 24.17884 5.002444 -5.000008
v 16.54443 5.197948 -4.999975
v 15.82107 5.197948 -4.999972
v 16.54443 5.100195 -4.999975
v 15.82107 5.002444 -4.999972
v 24.17884 5.002444 -5.000008
v 23.45547 5.100195 -5.000005
v 24.17884 5.197948 -5.000008
v 23.45547 5.197948 -5.000005
v 15.81645 2.5 -14.99997
v 15.80946 2.5 -15.10655
v 14.99992 2.5 -14.99997
v 15.78862 2.5 -15.2113
v 15.75429 2.5 -15.31244
v 15.70705 2.5 -15.40823
v 15.64771 2.5 -15.49704
v 15.57729 2.5 -15.57734
v 15.49699 2.5 -15.64776
v 15.40818 2.5 -15.7071
v 15.31239 2.5 -15.75434
v 15.21125 2.5 -15.78867
v 15.10649 2.5 -15.80951
v 14.99992 2.5 -15.81649
v 24.99992 2.5 -15
v 24.91436 2.5 -16.30526
v 24.18339 2.5 -15
v 24.65917 2.5 -17.58819
v 24.2387 2.5 -18.82683
v 24.10482 2.5 -16.19868
v 23.66016 2.5 -20
v 23.87047 2.5 -17.37686
v 23.48433 2.5 -18.51436
v 22.93343 2.5 -21.08761
v 22.95303 2.5 -19.59173
v 22.28564 2.5 -20.59054
v 22.07096 2.5 -22.07106
v 21.4936 2.5 -21.49369
v 21.08751 2.5 -22.93352
v 20.59044 2.5 -22.28572
v 19.99989 2.5 -23.66024
v 19.59163 2.5 -22.95311
v 18.82673 2.5 -24.23878
v 18.51426 2.5 -23.4844
v 17.58808 2.5 -24.65924
v 17.37675 2.5 -23.87053
v 16.30515 2.5 -24.91442
v 16.19857 2.5 -24.10488
v 14.99989 2.5 -24.99997
v 14.99989 2.5 -24.18344
v 16.54857 2.7 -14.99997
v 15.81645 2.7 -14.99997
v 16.54857 2.6 -14.99997
v 15.81645 2.5 -14.99997
v 23.45127 2.6 -15
v 24.18339 2.5 -15
v 14.99992 2.5 -14.99997
v 24.18339 2.7 -15
v 23.45127 2.7 -15
v 24.99992 1.433791 -15
v 24.99992 2.5 -15
v 14.99992 1.433791 -14.99997
v 14.99992 1.433791 -14.99997
v 14.99992 2.5 -14.99997
v 14.99989 1.433791 -24.99997
v 14.99992 2.5 -15.81649
v 14.99992 2.7 -15.81649
v 14.99992 2.6 -16.54862
v 14.99992 2.7 -16.54862
v 14.99989 2.6 -23.45132
v 14.99989 2.7 -23.45132
v 14.99989 2.5 -24.18344
v 14.99989 2.5 -24.99997
v 14.99989 2.7 -24.18344
v 16.30515 1.433791 -24.91442
v 14.99989 1.433791 -24.99997
v 16.30515 2.5 -24.91442
v 14.99989 2.5 -24.99997
v 17.58808 1.433791 -24.65924
v 16.30515 1.433791 -24.91442
v 17.58808 2.5 -24.65924
v 16.30515 2.5 -24.91442
v 18.82673 1.433791 -24.23878
v 17.58808 1.433791 -24.65924
v 18.82673 2.5 -24.23878
v 17.58808 2.5 -24.65924
v 19.99989 1.433791 -23.66024
v 18.82673 1.433791 -24.23878
v 19.99989 2.5 -23.66024
v 18.82673 2.5 -24.23878
v 21.08751 1.433791 -22.93352
v 19.99989 1.433791 -23.66024
v 21.08751 2.5 -22.93352
v 19.99989 2.5 -23.66024
v 22.07096 1.433791 -22.07106
v 21.08751 1.433791 -22.93352
v 22.07096 2.5 -22.07106
v 21.08751 2.5 -22.93352
v 22.93343 2.5 -21.08761
v 22.93343 1.433791 -21.08761
v 22.07096 2.5 -22.07106
v 22.07096 1.433791 -22.07106
v 23.66016 2.5 -20
v 23.66016 1.433791 -20
v 22.93343 2.5 -21.08761
v 22.93343 1.433791 -21.08761
v 24.2387 2.5 -18.82683
v 24.2387 1.433791 -18.82683
v 23.66016 2.5 -20
v 23.66016 1.433791 -20
v 24.65917 2.5 -17.58819
v 24.65917 1.433791 -17.58819
v 24.2387 2.5 -18.82683
v 24.2387 1.433791 -18.82683
v 24.91436 2.5 -16.30526
v 24.91436 1.433791 -16.30526
v 24.65917 2.5 -17.58819
v 24.65917 1.433791 -17.58819
v 24.99992 2.5 -15
v 24.99992 1.433791 -15
v 24.91436 2.5 -16.30526
v 24.91436 1.433791 -16.30526
v 24.99992 1.433791 -15
v 14.99992 1.433791 -14.99997
v 24.91436 1.433791 -16.30526
v 24.65917 1.433791 -17.58819
v 24.2387 1.433791 -18.82683
v 23.66016 1.433791 -20
v 22.93343 1.433791 -21.08761
v 22.07096 1.433791 -22.07106
v 21.08751 1.433791 -22.93352
v 19.99989 1.433791 -23.66024
v 18.82673 1.433791 -24.23878
v 17.58808 1.433791 -24.65924
v 16.30515 1.433791 -24.91442
v 14.99989 1.433791 -24.99997
vt 36.15482 0.001201516 0
vt 36.15482 39.37008 0
vt 39.37008 0.001201516 0
vt 39.37008 39.37008 0
vt 0.001201516 0.001201516 0
vt 0.001201516 39.37008 0
vt 3.214056 0.001201516 0
vt 3.214056 39.37008 0
vt 0.001201516 15.48634 0
vt -39.37008 15.48634 0
vt 0.001201516 19.68444 0
vt -39.37008 19.68444 0
vt -3.214056 19.68444 0
vt 0.001201516 19.68444 0
vt -39.37008 19.68444 0
vt -36.15482 19.68444 0
vt -6.097694 20.47263 0
vt -3.214056 20.47263 0
vt -6.097694 20.07854 0
vt -3.214056 19.68444 0
vt -36.15482 19.68444 0
vt -33.27359 20.07854 0
vt -36.15482 20.47263 0
vt -33.27359 20.47263 0
vt 0.001201516 19.68444 0
vt 0.001201516 15.48634 0
vt -39.37008 19.68444 0
vt -39.37008 15.48634 0
vt 39.37008 15.48634 0
vt 37.402 15.48634 0
vt 39.37008 19.68444 0
vt 1.969285 15.48634 0
vt 0.001201516 15.48634 0
vt 0.001201516 19.68444 0
vt 36.15482 19.68444 0
vt 39.37008 19.68444 0
vt 0.001201516 19.68444 0
vt 3.214056 19.68444 0
vt 33.27359 20.47263 0
vt 36.15482 20.47263 0
vt 33.27359 20.07854 0
vt 36.15482 19.68444 0
vt 3.214056 19.68444 0
vt 6.097694 20.07854 0
vt 3.214056 20.47263 0
vt 6.097694 20.47263 0
vt 0.001201516 15.48634 0
vt 0.001201516 19.68444 0
vt 39.37008 15.48634 0
vt 39.37008 19.68444 0
vt 0.001201516 39.37008 0
vt 0.001201516 0.001201516 0
vt -39.37008 39.37008 0
vt -1.969285 0.001201516 0
vt -37.402 0.001201516 0
vt -39.37008 0.001201516 0
vt 36.15482 0.001201516 0
vt 36.15482 39.37008 0
vt 39.37008 0.001201516 0
vt 39.37008 39.37008 0
vt 0.001201516 0.001201516 0
vt 0.001201516 39.37008 0
vt 3.214056 0.001201516 0
vt 3.214056 39.37008 0
vt 0.001201516 15.48634 0
vt -39.37008 15.48634 0
vt 0.001201516 19.68444 0
vt -39.37008 19.68444 0
vt -3.214056 19.68444 0
vt 0.001201516 19.68444 0
vt -39.37008 19.68444 0
vt -36.15482 19.68444 0
vt -6.097694 20.47263 0
vt -3.214056 20.47263 0
vt -6.097694 20.07854 0
vt -3.214056 19.68444 0
vt -36.15482 19.68444 0
vt -33.27359 20.07854 0
vt -36.15482 20.47263 0
vt -33.27359 20.47263 0
vt 0.001201516 19.68444 0
vt 0.001201516 15.48634 0
vt -39.37008 19.68444 0
vt -39.37008 15.48634 0
vt 39.37008 15.48634 0
vt 37.402 15.48634 0
vt 39.37008 19.68444 0
vt 1.969285 15.48634 0
vt 0.001201516 15.48634 0
vt 0.001201516 19.68444 0
vt 36.15482 19.68444 0
vt 39.37008 19.68444 0
vt 0.001201516 19.68444 0
vt 3.214056 19.68444 0
vt 33.27359 20.47263 0
vt 36.15482 20.47263 0
vt 33.27359 20.07854 0
vt 36.15482 19.68444 0
vt 3.214056 19.68444 0
vt 6.097694 20.07854 0
vt 3.214056 20.47263 0
vt 6.097694 20.47263 0
vt 0.001201516 15.48634 0
vt 0.001201516 19.68444 0
vt 39.37008 15.48634 0
vt 39.37008 19.68444 0
vt 0.001201516 39.37008 0
vt 0.001201516 0.001201516 0
vt -39.37008 39.37008 0
vt -1.969285 0.001201516 0
vt -37.402 0.001201516 0
vt -39.37008 0.001201516 0
vt 36.15482 0.001201516 0
vt 36.15482 39.37008 0
vt 39.37008 0.001201516 0
vt 39.37008 39.37008 0
vt 0.001201516 0.001201516 0
vt 0.001201516 39.37008 0
vt 3.214056 0.001201516 0
vt 3.214056 39.37008 0
vt 0.001201516 15.48634 0
vt -39.37008 15.48634 0
vt 0.001201516 19.68444 0
vt -39.37008 19.68444 0
vt -3.214056 19.68444 0
vt 0.001201516 19.68444 0
vt -39.37008 19.68444 0
vt -36.15482 19.68444 0
vt -6.097694 20.47263 0
vt -3.214056 20.47263 0
vt -6.097694 20.07854 0
vt -3.214056 19.68444 0
vt -36.15482 19.68444 0
vt -33.27359 20.07854 0
vt -36.15482 20.47263 0
vt -33.27359 20.47263 0
vt 0.001201516 19.68444 0
vt 0.001201516 15.48634 0
vt -39.37008 19.68444 0
vt -39.37008 15.48634 0
vt 39.37008 15.48634 0
vt 37.402 15.48634 0
vt 39.37008 19.68444 0
vt 1.969285 15.48634 0
vt 0.001201516 15.48634 0
vt 0.001201516 19.68444 0
vt 36.15482 19.68444 0
vt 39.37008 19.68444 0
vt 0.001201516 19.68444 0
vt 3.214056 19.68444 0
vt 33.27359 20.47263 0
vt 36.15482 20.47263 0
vt 33.27359 20.07854 0
vt 36.15482 19.68444 0
vt 3.214056 19.68444 0
vt 6.097694 20.07854 0
vt 3.214056 20.47263 0
vt 6.097694 20.47263 0
vt 0.001201516 15.48634 0
vt 0.001201516 19.68444 0
vt 39.37008 15.48634 0
vt 39.37008 19.68444 0
vt 0.001201516 39.37008 0
vt 0.001201516 0.001201516 0
vt -39.37008 39.37008 0
vt -1.969285 0.001201516 0
vt -37.402 0.001201516 0
vt -39.37008 0.001201516 0
vt 36.15541 0 0
vt 36.18291 0.4195987 0
vt 39.37008 0 0
vt 36.26495 0.8320179 0
vt 36.40011 1.230201 0
vt 36.58609 1.607335 0
vt 36.81971 1.956967 0
vt 37.09696 2.273115 0
vt 37.41311 2.55037 0
vt 37.76274 2.783986 0
vt 38.13988 2.969968 0
vt 38.53806 3.105133 0
vt 38.95048 3.187169 0
vt 39.37008 3.214671 0
vt 0 0 0
vt 0.3368165 5.138826 0
vt 3.21467 0 0
vt 1.341503 10.18973 0
vt 2.996869 15.06628 0
vt 3.523985 4.719228 0
vt 5.27459 19.68504 0
vt 4.446636 9.357708 0
vt 5.966837 13.83608 0
vt 8.135695 23.96699 0
vt 8.058577 18.0777 0
vt 10.68606 22.01002 0
vt 11.53123 27.83885 0
vt 13.80434 25.56573 0
vt 15.40309 31.23438 0
vt 17.36006 28.68401 0
vt 19.68504 34.09549 0
vt 21.29238 31.3115 0
vt 24.3038 36.37321 0
vt 25.534 33.40324 0
vt 29.18035 38.02858 0
vt 30.01237 34.92344 0
vt 34.23125 39.03326 0
vt 34.65085 35.8461 0
vt 39.37008 39.37008 0
vt 39.37008 36.15541 0
vt 33.27304 4.985074 0
vt 36.15541 4.985074 0
vt 33.27304 4.591372 0
vt 36.15541 4.197672 0
vt 6.097044 4.591372 0
vt 3.21467 4.197672 0
vt 39.37008 4.197672 0
vt 3.21467 4.985074 0
vt 6.097044 4.985074 0
vt 0 0 0
vt 0 4.197672 0
vt 39.37008 0 0
vt 1.75102E-07 -2.649361E-06 0
vt 1.75102E-07 4.197669 0
vt 39.37008 -2.649361E-06 0
vt 3.214671 4.197669 0
vt 3.214671 4.985071 0
vt 6.097044 4.59137 0
vt 6.097044 4.985071 0
vt 33.27304 4.59137 0
vt 33.27304 4.985071 0
vt 36.15541 4.197669 0
vt 39.37008 4.197669 0
vt 36.15541 4.985071 0
vt -36.71086 0 0
vt -41.86071 0 0
vt -36.71086 4.197672 0
vt -41.86071 4.197672 0
vt -36.03867 0 0
vt -41.18852 0 0
vt -36.03867 4.197672 0
vt -41.18852 4.197672 0
vt -34.70579 0 0
vt -39.85564 0 0
vt -34.70579 4.197672 0
vt -39.85564 4.197672 0
vt -32.73502 0 0
vt -37.88488 0 0
vt -32.73502 4.197672 0
vt -37.88488 4.197672 0
vt -30.1601 0 0
vt -35.30995 0 0
vt -30.1601 4.197672 0
vt -35.30995 4.197672 0
vt -27.02507 0 0
vt -32.17492 0 0
vt -27.02507 4.197672 0
vt -32.17492 4.197672 0
vt -23.38357 4.197672 0
vt -23.38357 0 0
vt -28.53342 4.197672 0
vt -28.53342 0 0
vt -19.29792 4.197672 0
vt -19.29792 0 0
vt -24.44777 4.197672 0
vt -24.44777 0 0
vt -14.83801 4.197672 0
vt -14.83801 0 0
vt -19.98787 4.197672 0
vt -19.98787 0 0
vt -10.08017 4.197672 0
vt -10.08017 0 0
vt -15.23002 4.197672 0
vt -15.23002 0 0
vt -5.105795 4.197672 0
vt -5.105795 0 0
vt -10.25565 4.197672 0
vt -10.25565 0 0
vt 0 4.197672 0
vt 0 0 0
vt -5.149853 4.197672 0
vt -5.149853 0 0
vt 0 0 0
vt -39.37008 0 0
vt -0.3368165 5.138826 0
vt -1.341503 10.18973 0
vt -2.996869 15.06628 0
vt -5.27459 19.68504 0
vt -8.135695 23.96699 0
vt -11.53123 27.83885 0
vt -15.40309 31.23438 0
vt -19.68504 34.09549 0
vt -24.3038 36.37321 0
vt -29.18035 38.02858 0
vt -34.23125 39.03326 0
vt -39.37008 39.37008 0
vt 39.37125 0.0005878371 0
vt 0.0005878371 0.0005878371 0
vt 39.37125 9.842643 0
vt -39.37008 9.842643 0
vt 0.0005878371 0.0005878371 0
vt -39.37008 0.0005878371 0
vt 36.15498 0.0005878371 0
vt 36.15498 40.58194 0
vt 39.37125 0.0005878371 0
vt 39.37125 40.58194 0
vt 0.0005878371 0.0005878371 0
vt 0.0005878371 40.58194 0
vt 3.21442 0.0005878371 0
vt 3.21442 40.58194 0
vt 0.0005878371 0.0005878371 0
vt -39.37008 0.0005878371 0
vt 0.0005878371 9.842643 0
vt -39.37008 9.842643 0
vt -3.21569 9.842643 0
vt 0.0005878371 9.842643 0
vt -39.37008 9.842643 0
vt -36.15625 9.842643 0
vt -6.096888 10.6302 0
vt -3.21569 10.6302 0
vt -6.096888 10.23642 0
vt -3.21569 9.842643 0
vt -36.15625 9.842643 0
vt -33.2726 10.23642 0
vt -36.15625 10.6302 0
vt -33.2726 10.6302 0
vt 36.15482 0.001201516 0
vt 36.15482 39.37008 0
vt 39.37008 0.001201516 0
vt 39.37008 39.37008 0
vt 0.001201516 0.001201516 0
vt 0.001201516 39.37008 0
vt 3.214056 0.001201516 0
vt 3.214056 39.37008 0
vt 0.001201516 15.48634 0
vt -39.37008 15.48634 0
vt 0.001201516 19.68444 0
vt -39.37008 19.68444 0
vt -3.214056 19.68444 0
vt 0.001201516 19.68444 0
vt -39.37008 19.68444 0
vt -36.15482 19.68444 0
vt -6.097694 20.47263 0
vt -3.214056 20.47263 0
vt -6.097694 20.07854 0
vt -3.214056 19.68444 0
vt -36.15482 19.68444 0
vt -33.27359 20.07854 0
vt -36.15482 20.47263 0
vt -33.27359 20.47263 0
vt 0.001201516 19.68444 0
vt 0.001201516 15.48634 0
vt -39.37008 19.68444 0
vt -39.37008 15.48634 0
vt 39.37008 15.48634 0
vt 37.402 15.48634 0
vt 39.37008 19.68444 0
vt 1.969285 15.48634 0
vt 0.001201516 15.48634 0
vt 0.001201516 19.68444 0
vt 36.15482 19.68444 0
vt 39.37008 19.68444 0
vt 0.001201516 19.68444 0
vt 3.214056 19.68444 0
vt 33.27359 20.47263 0
vt 36.15482 20.47263 0
vt 33.27359 20.07854 0
vt 36.15482 19.68444 0
vt 3.214056 19.68444 0
vt 6.097694 20.07854 0
vt 3.214056 20.47263 0
vt 6.097694 20.47263 0
vt 0.001201516 15.48634 0
vt 0.001201516 19.68444 0
vt 39.37008 15.48634 0
vt 39.37008 19.68444 0
vt 0.001201516 39.37008 0
vt 0.001201516 0.001201516 0
vt -39.37008 39.37008 0
vt -1.969285 0.001201516 0
vt -37.402 0.001201516 0
vt -39.37008 0.001201516 0
vt 39.37125 0.0005878371 0
vt 0.0005878371 0.0005878371 0
vt 39.37125 9.842643 0
vt -39.37008 9.842643 0
vt 0.0005878371 0.0005878371 0
vt -39.37008 0.0005878371 0
vt 36.15498 0.0005878371 0
vt 36.15498 40.58194 0
vt 39.37125 0.0005878371 0
vt 39.37125 40.58194 0
vt 0.0005878371 0.0005878371 0
vt 0.0005878371 40.58194 0
vt 3.21442 0.0005878371 0
vt 3.21442 40.58194 0
vt 0.0005878371 0.0005878371 0
vt -39.37008 0.0005878371 0
vt 0.0005878371 9.842643 0
vt -39.37008 9.842643 0
vt -3.21569 9.842643 0
vt 0.0005878371 9.842643 0
vt -39.37008 9.842643 0
vt -36.15625 9.842643 0
vt -6.096888 10.6302 0
vt -3.21569 10.6302 0
vt -6.096888 10.23642 0
vt -3.21569 9.842643 0
vt -36.15625 9.842643 0
vt -33.2726 10.23642 0
vt -36.15625 10.6302 0
vt -33.2726 10.6302 0
vt 36.15541 0 0
vt 36.18291 0.4195987 0
vt 39.37008 0 0
vt 36.26495 0.8320179 0
vt 36.40011 1.230201 0
vt 36.58609 1.607335 0
vt 36.81971 1.956967 0
vt 37.09696 2.273115 0
vt 37.41311 2.55037 0
vt 37.76274 2.783986 0
vt 38.13988 2.969968 0
vt 38.53806 3.105133 0
vt 38.95048 3.187169 0
vt 39.37008 3.214671 0
vt 0 0 0
vt 0.3368165 5.138826 0
vt 3.21467 0 0
vt 1.341503 10.18973 0
vt 2.996869 15.06628 0
vt 3.523985 4.719228 0
vt 5.27459 19.68504 0
vt 4.446636 9.357708 0
vt 5.966837 13.83608 0
vt 8.135695 23.96699 0
vt 8.058577 18.0777 0
vt 10.68606 22.01002 0
vt 11.53123 27.83885 0
vt 13.80434 25.56573 0
vt 15.40309 31.23438 0
vt 17.36006 28.68401 0
vt 19.68504 34.09549 0
vt 21.29238 31.3115 0
vt 24.3038 36.37321 0
vt 25.534 33.40324 0
vt 29.18035 38.02858 0
vt 30.01237 34.92344 0
vt 34.23125 39.03326 0
vt 34.65085 35.8461 0
vt 39.37008 39.37008 0
vt 39.37008 36.15541 0
vt 33.27304 4.985074 0
vt 36.15541 4.985074 0
vt 33.27304 4.591372 0
vt 36.15541 4.197672 0
vt 6.097044 4.591372 0
vt 3.21467 4.197672 0
vt 39.37008 4.197672 0
vt 3.21467 4.985074 0
vt 6.097044 4.985074 0
vt 0 0 0
vt 0 4.197672 0
vt 39.37008 0 0
vt 1.75102E-07 -2.649361E-06 0
vt 1.75102E-07 4.197669 0
vt 39.37008 -2.649361E-06 0
vt 3.214671 4.197669 0
vt 3.214671 4.985071 0
vt 6.097044 4.59137 0
vt 6.097044 4.985071 0
vt 33.27304 4.59137 0
vt 33.27304 4.985071 0
vt 36.15541 4.197669 0
vt 39.37008 4.197669 0
vt 36.15541 4.985071 0
vt -36.71086 0 0
vt -41.86071 0 0
vt -36.71086 4.197672 0
vt -41.86071 4.197672 0
vt -36.03867 0 0
vt -41.18852 0 0
vt -36.03867 4.197672 0
vt -41.18852 4.197672 0
vt -34.70579 0 0
vt -39.85564 0 0
vt -34.70579 4.197672 0
vt -39.85564 4.197672 0
vt -32.73502 0 0
vt -37.88488 0 0
vt -32.73502 4.197672 0
vt -37.88488 4.197672 0
vt -30.1601 0 0
vt -35.30995 0 0
vt -30.1601 4.197672 0
vt -35.30995 4.197672 0
vt -27.02507 0 0
vt -32.17492 0 0
vt -27.02507 4.197672 0
vt -32.17492 4.197672 0
vt -23.38357 4.197672 0
vt -23.38357 0 0
vt -28.53342 4.197672 0
vt -28.53342 0 0
vt -19.29792 4.197672 0
vt -19.29792 0 0
vt -24.44777 4.197672 0
vt -24.44777 0 0
vt -14.83801 4.197672 0
vt -14.83801 0 0
vt -19.98787 4.197672 0
vt -19.98787 0 0
vt -10.08017 4.197672 0
vt -10.08017 0 0
vt -15.23002 4.197672 0
vt -15.23002 0 0
vt -5.105795 4.197672 0
vt -5.105795 0 0
vt -10.25565 4.197672 0
vt -10.25565 0 0
vt 0 4.197672 0
vt 0 0 0
vt -5.149853 4.197672 0
vt -5.149853 0 0
vt 0 0 0
vt -39.37008 0 0
vt -0.3368165 5.138826 0
vt -1.341503 10.18973 0
vt -2.996869 15.06628 0
vt -5.27459 19.68504 0
vt -8.135695 23.96699 0
vt -11.53123 27.83885 0
vt -15.40309 31.23438 0
vt -19.68504 34.09549 0
vt -24.3038 36.37321 0
vt -29.18035 38.02858 0
vt -34.23125 39.03326 0
vt -39.37008 39.37008 0
vt 36.15541 0 0
vt 36.18291 0.4195987 0
vt 39.37008 0 0
vt 36.26495 0.8320179 0
vt 36.40011 1.230201 0
vt 36.58609 1.607335 0
vt 36.81971 1.956967 0
vt 37.09696 2.273115 0
vt 37.41311 2.55037 0
vt 37.76274 2.783986 0
vt 38.13988 2.969968 0
vt 38.53806 3.105133 0
vt 38.95048 3.187169 0
vt 39.37008 3.214671 0
vt 0 0 0
vt 0.3368165 5.138826 0
vt 3.21467 0 0
vt 1.341503 10.18973 0
vt 2.996869 15.06628 0
vt 3.523985 4.719228 0
vt 5.27459 19.68504 0
vt 4.446636 9.357708 0
vt 5.966837 13.83608 0
vt 8.135695 23.96699 0
vt 8.058577 18.0777 0
vt 10.68606 22.01002 0
vt 11.53123 27.83885 0
vt 13.80434 25.56573 0
vt 15.40309 31.23438 0
vt 17.36006 28.68401 0
vt 19.68504 34.09549 0
vt 21.29238 31.3115 0
vt 24.3038 36.37321 0
vt 25.534 33.40324 0
vt 29.18035 38.02858 0
vt 30.01237 34.92344 0
vt 34.23125 39.03326 0
vt 34.65085 35.8461 0
vt 39.37008 39.37008 0
vt 39.37008 36.15541 0
vt 33.27304 4.985074 0
vt 36.15541 4.985074 0
vt 33.27304 4.591372 0
vt 36.15541 4.197672 0
vt 6.097044 4.591372 0
vt 3.21467 4.197672 0
vt 39.37008 4.197672 0
vt 3.21467 4.985074 0
vt 6.097044 4.985074 0
vt 0 0 0
vt 0 4.197672 0
vt 39.37008 0 0
vt 1.75102E-07 -2.649361E-06 0
vt 1.75102E-07 4.197669 0
vt 39.37008 -2.649361E-06 0
vt 3.214671 4.197669 0
vt 3.214671 4.985071 0
vt 6.097044 4.59137 0
vt 6.097044 4.985071 0
vt 33.27304 4.59137 0
vt 33.27304 4.985071 0
vt 36.15541 4.197669 0
vt 39.37008 4.197669 0
vt 36.15541 4.985071 0
vt -36.71086 0 0
vt -41.86071 0 0
vt -36.71086 4.197672 0
vt -41.86071 4.197672 0
vt -36.03867 0 0
vt -41.18852 0 0
vt -36.03867 4.197672 0
vt -41.18852 4.197672 0
vt -34.70579 0 0
vt -39.85564 0 0
vt -34.70579 4.197672 0
vt -39.85564 4.197672 0
vt -32.73502 0 0
vt -37.88488 0 0
vt -32.73502 4.197672 0
vt -37.88488 4.197672 0
vt -30.1601 0 0
vt -35.30995 0 0
vt -30.1601 4.197672 0
vt -35.30995 4.197672 0
vt -27.02507 0 0
vt -32.17492 0 0
vt -27.02507 4.197672 0
vt -32.17492 4.197672 0
vt -23.38357 4.197672 0
vt -23.38357 0 0
vt -28.53342 4.197672 0
vt -28.53342 0 0
vt -19.29792 4.197672 0
vt -19.29792 0 0
vt -24.44777 4.197672 0
vt -24.44777 0 0
vt -14.83801 4.197672 0
vt -14.83801 0 0
vt -19.98787 4.197672 0
vt -19.98787 0 0
vt -10.08017 4.197672 0
vt -10.08017 0 0
vt -15.23002 4.197672 0
vt -15.23002 0 0
vt -5.105795 4.197672 0
vt -5.105795 0 0
vt -10.25565 4.197672 0
vt -10.25565 0 0
vt 0 4.197672 0
vt 0 0 0
vt -5.149853 4.197672 0
vt -5.149853 0 0
vt 0 0 0
vt -39.37008 0 0
vt -0.3368165 5.138826 0
vt -1.341503 10.18973 0
vt -2.996869 15.06628 0
vt -5.27459 19.68504 0
vt -8.135695 23.96699 0
vt -11.53123 27.83885 0
vt -15.40309 31.23438 0
vt -19.68504 34.09549 0
vt -24.3038 36.37321 0
vt -29.18035 38.02858 0
vt -34.23125 39.03326 0
vt -39.37008 39.37008 0
vt 36.15541 0 0
vt 36.18291 0.4195987 0
vt 39.37008 0 0
vt 36.26495 0.8320179 0
vt 36.40011 1.230201 0
vt 36.58609 1.607335 0
vt 36.81971 1.956967 0
vt 37.09696 2.273115 0
vt 37.41311 2.55037 0
vt 37.76274 2.783986 0
vt 38.13988 2.969968 0
vt 38.53806 3.105133 0
vt 38.95048 3.187169 0
vt 39.37008 3.214671 0
vt 0 0 0
vt 0.3368165 5.138826 0
vt 3.21467 0 0
vt 1.341503 10.18973 0
vt 2.996869 15.06628 0
vt 3.523985 4.719228 0
vt 5.27459 19.68504 0
vt 4.446636 9.357708 0
vt 5.966837 13.83608 0
vt 8.135695 23.96699 0
vt 8.058577 18.0777 0
vt 10.68606 22.01002 0
vt 11.53123 27.83885 0
vt 13.80434 25.56573 0
vt 15.40309 31.23438 0
vt 17.36006 28.68401 0
vt 19.68504 34.09549 0
vt 21.29238 31.3115 0
vt 24.3038 36.37321 0
vt 25.534 33.40324 0
vt 29.18035 38.02858 0
vt 30.01237 34.92344 0
vt 34.23125 39.03326 0
vt 34.65085 35.8461 0
vt 39.37008 39.37008 0
vt 39.37008 36.15541 0
vt 33.27304 4.985074 0
vt 36.15541 4.985074 0
vt 33.27304 4.591372 0
vt 36.15541 4.197672 0
vt 6.097044 4.591372 0
vt 3.21467 4.197672 0
vt 39.37008 4.197672 0
vt 3.21467 4.985074 0
vt 6.097044 4.985074 0
vt 0 0 0
vt 0 4.197672 0
vt 39.37008 0 0
vt 1.75102E-07 -2.649361E-06 0
vt 1.75102E-07 4.197669 0
vt 39.37008 -2.649361E-06 0
vt 3.214671 4.197669 0
vt 3.214671 4.985071 0
vt 6.097044 4.59137 0
vt 6.097044 4.985071 0
vt 33.27304 4.59137 0
vt 33.27304 4.985071 0
vt 36.15541 4.197669 0
vt 39.37008 4.197669 0
vt 36.15541 4.985071 0
vt -36.71086 0 0
vt -41.86071 0 0
vt -36.71086 4.197672 0
vt -41.86071 4.197672 0
vt -36.03867 0 0
vt -41.18852 0 0
vt -36.03867 4.197672 0
vt -41.18852 4.197672 0
vt -34.70579 0 0
vt -39.85564 0 0
vt -34.70579 4.197672 0
vt -39.85564 4.197672 0
vt -32.73502 0 0
vt -37.88488 0 0
vt -32.73502 4.197672 0
vt -37.88488 4.197672 0
vt -30.1601 0 0
vt -35.30995 0 0
vt -30.1601 4.197672 0
vt -35.30995 4.197672 0
vt -27.02507 0 0
vt -32.17492 0 0
vt -27.02507 4.197672 0
vt -32.17492 4.197672 0
vt -23.38357 4.197672 0
vt -23.38357 0 0
vt -28.53342 4.197672 0
vt -28.53342 0 0
vt -19.29792 4.197672 0
vt -19.29792 0 0
vt -24.44777 4.197672 0
vt -24.44777 0 0
vt -14.83801 4.197672 0
vt -14.83801 0 0
vt -19.98787 4.197672 0
vt -19.98787 0 0
vt -10.08017 4.197672 0
vt -10.08017 0 0
vt -15.23002 4.197672 0
vt -15.23002 0 0
vt -5.105795 4.197672 0
vt -5.105795 0 0
vt -10.25565 4.197672 0
vt -10.25565 0 0
vt 0 4.197672 0
vt 0 0 0
vt -5.149853 4.197672 0
vt -5.149853 0 0
vt 0 0 0
vt -39.37008 0 0
vt -0.3368165 5.138826 0
vt -1.341503 10.18973 0
vt -2.996869 15.06628 0
vt -5.27459 19.68504 0
vt -8.135695 23.96699 0
vt -11.53123 27.83885 0
vt -15.40309 31.23438 0
vt -19.68504 34.09549 0
vt -24.3038 36.37321 0
vt -29.18035 38.02858 0
vt -34.23125 39.03326 0
vt -39.37008 39.37008 0
vt 36.15541 0 0
vt 36.18291 0.4195987 0
vt 39.37008 0 0
vt 36.26495 0.8320179 0
vt 36.40011 1.230201 0
vt 36.58609 1.607335 0
vt 36.81971 1.956967 0
vt 37.09696 2.273115 0
vt 37.41311 2.55037 0
vt 37.76274 2.783986 0
vt 38.13988 2.969968 0
vt 38.53806 3.105133 0
vt 38.95048 3.187169 0
vt 39.37008 3.214671 0
vt 0 0 0
vt 0.3368165 5.138826 0
vt 3.21467 0 0
vt 1.341503 10.18973 0
vt 2.996869 15.06628 0
vt 3.523985 4.719228 0
vt 5.27459 19.68504 0
vt 4.446636 9.357708 0
vt 5.966837 13.83608 0
vt 8.135695 23.96699 0
vt 8.058577 18.0777 0
vt 10.68606 22.01002 0
vt 11.53123 27.83885 0
vt 13.80434 25.56573 0
vt 15.40309 31.23438 0
vt 17.36006 28.68401 0
vt 19.68504 34.09549 0
vt 21.29238 31.3115 0
vt 24.3038 36.37321 0
vt 25.534 33.40324 0
vt 29.18035 38.02858 0
vt 30.01237 34.92344 0
vt 34.23125 39.03326 0
vt 34.65085 35.8461 0
vt 39.37008 39.37008 0
vt 39.37008 36.15541 0
vt 33.27304 4.985074 0
vt 36.15541 4.985074 0
vt 33.27304 4.591372 0
vt 36.15541 4.197672 0
vt 6.097044 4.591372 0
vt 3.21467 4.197672 0
vt 39.37008 4.197672 0
vt 3.21467 4.985074 0
vt 6.097044 4.985074 0
vt 0 0 0
vt 0 4.197672 0
vt 39.37008 0 0
vt 1.75102E-07 -2.649361E-06 0
vt 1.75102E-07 4.197669 0
vt 39.37008 -2.649361E-06 0
vt 3.214671 4.197669 0
vt 3.214671 4.985071 0
vt 6.097044 4.59137 0
vt 6.097044 4.985071 0
vt 33.27304 4.59137 0
vt 33.27304 4.985071 0
vt 36.15541 4.197669 0
vt 39.37008 4.197669 0
vt 36.15541 4.985071 0
vt -36.71086 0 0
vt -41.86071 0 0
vt -36.71086 4.197672 0
vt -41.86071 4.197672 0
vt -36.03867 0 0
vt -41.18852 0 0
vt -36.03867 4.197672 0
vt -41.18852 4.197672 0
vt -34.70579 0 0
vt -39.85564 0 0
vt -34.70579 4.197672 0
vt -39.85564 4.197672 0
vt -32.73502 0 0
vt -37.88488 0 0
vt -32.73502 4.197672 0
vt -37.88488 4.197672 0
vt -30.1601 0 0
vt -35.30995 0 0
vt -30.1601 4.197672 0
vt -35.30995 4.197672 0
vt -27.02507 0 0
vt -32.17492 0 0
vt -27.02507 4.197672 0
vt -32.17492 4.197672 0
vt -23.38357 4.197672 0
vt -23.38357 0 0
vt -28.53342 4.197672 0
vt -28.53342 0 0
vt -19.29792 4.197672 0
vt -19.29792 0 0
vt -24.44777 4.197672 0
vt -24.44777 0 0
vt -14.83801 4.197672 0
vt -14.83801 0 0
vt -19.98787 4.197672 0
vt -19.98787 0 0
vt -10.08017 4.197672 0
vt -10.08017 0 0
vt -15.23002 4.197672 0
vt -15.23002 0 0
vt -5.105795 4.197672 0
vt -5.105795 0 0
vt -10.25565 4.197672 0
vt -10.25565 0 0
vt 0 4.197672 0
vt 0 0 0
vt -5.149853 4.197672 0
vt -5.149853 0 0
vt 0 0 0
vt -39.37008 0 0
vt -0.3368165 5.138826 0
vt -1.341503 10.18973 0
vt -2.996869 15.06628 0
vt -5.27459 19.68504 0
vt -8.135695 23.96699 0
vt -11.53123 27.83885 0
vt -15.40309 31.23438 0
vt -19.68504 34.09549 0
vt -24.3038 36.37321 0
vt -29.18035 38.02858 0
vt -34.23125 39.03326 0
vt -39.37008 39.37008 0
vt 36.15541 0 0
vt 36.18291 0.4195987 0
vt 39.37008 0 0
vt 36.26495 0.8320179 0
vt 36.40011 1.230201 0
vt 36.58609 1.607335 0
vt 36.81971 1.956967 0
vt 37.09696 2.273115 0
vt 37.41311 2.55037 0
vt 37.76274 2.783986 0
vt 38.13988 2.969968 0
vt 38.53806 3.105133 0
vt 38.95048 3.187169 0
vt 39.37008 3.214671 0
vt 0 0 0
vt 0.3368165 5.138826 0
vt 3.21467 0 0
vt 1.341503 10.18973 0
vt 2.996869 15.06628 0
vt 3.523985 4.719228 0
vt 5.27459 19.68504 0
vt 4.446636 9.357708 0
vt 5.966837 13.83608 0
vt 8.135695 23.96699 0
vt 8.058577 18.0777 0
vt 10.68606 22.01002 0
vt 11.53123 27.83885 0
vt 13.80434 25.56573 0
vt 15.40309 31.23438 0
vt 17.36006 28.68401 0
vt 19.68504 34.09549 0
vt 21.29238 31.3115 0
vt 24.3038 36.37321 0
vt 25.534 33.40324 0
vt 29.18035 38.02858 0
vt 30.01237 34.92344 0
vt 34.23125 39.03326 0
vt 34.65085 35.8461 0
vt 39.37008 39.37008 0
vt 39.37008 36.15541 0
vt 33.27304 4.985074 0
vt 36.15541 4.985074 0
vt 33.27304 4.591372 0
vt 36.15541 4.197672 0
vt 6.097044 4.591372 0
vt 3.21467 4.197672 0
vt 39.37008 4.197672 0
vt 3.21467 4.985074 0
vt 6.097044 4.985074 0
vt 0 0 0
vt 0 4.197672 0
vt 39.37008 0 0
vt 1.75102E-07 -2.649361E-06 0
vt 1.75102E-07 4.197669 0
vt 39.37008 -2.649361E-06 0
vt 3.214671 4.197669 0
vt 3.214671 4.985071 0
vt 6.097044 4.59137 0
vt 6.097044 4.985071 0
vt 33.27304 4.59137 0
vt 33.27304 4.985071 0
vt 36.15541 4.197669 0
vt 39.37008 4.197669 0
vt 36.15541 4.985071 0
vt -36.71086 0 0
vt -41.86071 0 0
vt -36.71086 4.197672 0
vt -41.86071 4.197672 0
vt -36.03867 0 0
vt -41.18852 0 0
vt -36.03867 4.197672 0
vt -41.18852 4.197672 0
vt -34.70579 0 0
vt -39.85564 0 0
vt -34.70579 4.197672 0
vt -39.85564 4.197672 0
vt -32.73502 0 0
vt -37.88488 0 0
vt -32.73502 4.197672 0
vt -37.88488 4.197672 0
vt -30.1601 0 0
vt -35.30995 0 0
vt -30.1601 4.197672 0
vt -35.30995 4.197672 0
vt -27.02507 0 0
vt -32.17492 0 0
vt -27.02507 4.197672 0
vt -32.17492 4.197672 0
vt -23.38357 4.197672 0
vt -23.38357 0 0
vt -28.53342 4.197672 0
vt -28.53342 0 0
vt -19.29792 4.197672 0
vt -19.29792 0 0
vt -24.44777 4.197672 0
vt -24.44777 0 0
vt -14.83801 4.197672 0
vt -14.83801 0 0
vt -19.98787 4.197672 0
vt -19.98787 0 0
vt -10.08017 4.197672 0
vt -10.08017 0 0
vt -15.23002 4.197672 0
vt -15.23002 0 0
vt -5.105795 4.197672 0
vt -5.105795 0 0
vt -10.25565 4.197672 0
vt -10.25565 0 0
vt 0 4.197672 0
vt 0 0 0
vt -5.149853 4.197672 0
vt -5.149853 0 0
vt 0 0 0
vt -39.37008 0 0
vt -0.3368165 5.138826 0
vt -1.341503 10.18973 0
vt -2.996869 15.06628 0
vt -5.27459 19.68504 0
vt -8.135695 23.96699 0
vt -11.53123 27.83885 0
vt -15.40309 31.23438 0
vt -19.68504 34.09549 0
vt -24.3038 36.37321 0
vt -29.18035 38.02858 0
vt -34.23125 39.03326 0
vt -39.37008 39.37008 0
vt 39.37125 0.0005878371 0
vt 0.0005878371 0.0005878371 0
vt 39.37125 9.842643 0
vt -39.37008 9.842643 0
vt 0.0005878371 0.0005878371 0
vt -39.37008 0.0005878371 0
vt 36.15498 0.0005878371 0
vt 36.15498 40.58194 0
vt 39.37125 0.0005878371 0
vt 39.37125 40.58194 0
vt 0.0005878371 0.0005878371 0
vt 0.0005878371 40.58194 0
vt 3.21442 0.0005878371 0
vt 3.21442 40.58194 0
vt 0.0005878371 0.0005878371 0
vt -39.37008 0.0005878371 0
vt 0.0005878371 9.842643 0
vt -39.37008 9.842643 0
vt -3.21569 9.842643 0
vt 0.0005878371 9.842643 0
vt -39.37008 9.842643 0
vt -36.15625 9.842643 0
vt -6.096888 10.6302 0
vt -3.21569 10.6302 0
vt -6.096888 10.23642 0
vt -3.21569 9.842643 0
vt -36.15625 9.842643 0
vt -33.2726 10.23642 0
vt -36.15625 10.6302 0
vt -33.2726 10.6302 0
vt 36.15541 0 0
vt 36.18291 0.4195987 0
vt 39.37008 0 0
vt 36.26495 0.8320179 0
vt 36.40011 1.230201 0
vt 36.58609 1.607335 0
vt 36.81971 1.956967 0
vt 37.09696 2.273115 0
vt 37.41311 2.55037 0
vt 37.76274 2.783986 0
vt 38.13988 2.969968 0
vt 38.53806 3.105133 0
vt 38.95048 3.187169 0
vt 39.37008 3.214671 0
vt 0 0 0
vt 0.3368165 5.138826 0
vt 3.21467 0 0
vt 1.341503 10.18973 0
vt 2.996869 15.06628 0
vt 3.523985 4.719228 0
vt 5.27459 19.68504 0
vt 4.446636 9.357708 0
vt 5.966837 13.83608 0
vt 8.135695 23.96699 0
vt 8.058577 18.0777 0
vt 10.68606 22.01002 0
vt 11.53123 27.83885 0
vt 13.80434 25.56573 0
vt 15.40309 31.23438 0
vt 17.36006 28.68401 0
vt 19.68504 34.09549 0
vt 21.29238 31.3115 0
vt 24.3038 36.37321 0
vt 25.534 33.40324 0
vt 29.18035 38.02858 0
vt 30.01237 34.92344 0
vt 34.23125 39.03326 0
vt 34.65085 35.8461 0
vt 39.37008 39.37008 0
vt 39.37008 36.15541 0
vt 33.27304 4.985074 0
vt 36.15541 4.985074 0
vt 33.27304 4.591372 0
vt 36.15541 4.197672 0
vt 6.097044 4.591372 0
vt 3.21467 4.197672 0
vt 39.37008 4.197672 0
vt 3.21467 4.985074 0
vt 6.097044 4.985074 0
vt 0 0 0
vt 0 4.197672 0
vt 39.37008 0 0
vt 1.75102E-07 -2.649361E-06 0
vt 1.75102E-07 4.197669 0
vt 39.37008 -2.649361E-06 0
vt 3.214671 4.197669 0
vt 3.214671 4.985071 0
vt 6.097044 4.59137 0
vt 6.097044 4.985071 0
vt 33.27304 4.59137 0
vt 33.27304 4.985071 0
vt 36.15541 4.197669 0
vt 39.37008 4.197669 0
vt 36.15541 4.985071 0
vt -36.71086 0 0
vt -41.86071 0 0
vt -36.71086 4.197672 0
vt -41.86071 4.197672 0
vt -36.03867 0 0
vt -41.18852 0 0
vt -36.03867 4.197672 0
vt -41.18852 4.197672 0
vt -34.70579 0 0
vt -39.85564 0 0
vt -34.70579 4.197672 0
vt -39.85564 4.197672 0
vt -32.73502 0 0
vt -37.88488 0 0
vt -32.73502 4.197672 0
vt -37.88488 4.197672 0
vt -30.1601 0 0
vt -35.30995 0 0
vt -30.1601 4.197672 0
vt -35.30995 4.197672 0
vt -27.02507 0 0
vt -32.17492 0 0
vt -27.02507 4.197672 0
vt -32.17492 4.197672 0
vt -23.38357 4.197672 0
vt -23.38357 0 0
vt -28.53342 4.197672 0
vt -28.53342 0 0
vt -19.29792 4.197672 0
vt -19.29792 0 0
vt -24.44777 4.197672 0
vt -24.44777 0 0
vt -14.83801 4.197672 0
vt -14.83801 0 0
vt -19.98787 4.197672 0
vt -19.98787 0 0
vt -10.08017 4.197672 0
vt -10.08017 0 0
vt -15.23002 4.197672 0
vt -15.23002 0 0
vt -5.105795 4.197672 0
vt -5.105795 0 0
vt -10.25565 4.197672 0
vt -10.25565 0 0
vt 0 4.197672 0
vt 0 0 0
vt -5.149853 4.197672 0
vt -5.149853 0 0
vt 0 0 0
vt -39.37008 0 0
vt -0.3368165 5.138826 0
vt -1.341503 10.18973 0
vt -2.996869 15.06628 0
vt -5.27459 19.68504 0
vt -8.135695 23.96699 0
vt -11.53123 27.83885 0
vt -15.40309 31.23438 0
vt -19.68504 34.09549 0
vt -24.3038 36.37321 0
vt -29.18035 38.02858 0
vt -34.23125 39.03326 0
vt -39.37008 39.37008 0
vn 0.01587102 0.999874 5.683625E-14
vn 0.01587102 0.999874 5.683625E-14
vn 0.01587102 0.999874 5.683625E-14
vn 0.01587102 0.999874 5.683625E-14
vn 0.01587102 0.999874 5.683625E-14
vn 0.01587102 0.999874 5.683625E-14
vn 0.01587102 0.999874 5.683625E-14
vn 0.01587102 0.999874 5.683625E-14
vn 0.01587302 0.01587302 0.999748
vn 0.01587302 0.01587302 0.999748
vn 0.01587302 0.01587302 0.999748
vn 0.01587302 0.01587302 0.999748
vn 0.01587102 0.999874 5.683625E-14
vn 0.01587102 0.999874 5.683625E-14
vn 0.01587102 0.999874 5.683625E-14
vn 0.01587102 0.999874 5.683625E-14
vn 0.01587302 0.01587302 0.999748
vn 0.01587302 0.01587302 0.999748
vn 0.01587302 0.01587302 0.999748
vn 0.01587302 0.01587302 0.999748
vn 0.01587302 0.01587302 0.999748
vn 0.01587302 0.01587302 0.999748
vn 0.01587302 0.01587302 0.999748
vn 0.01587302 0.01587302 0.999748
vn -0.999874 0.01587102 9.021695E-16
vn -0.999874 0.01587102 9.021695E-16
vn -0.999874 0.01587102 9.021695E-16
vn -0.999874 0.01587102 9.021695E-16
vn 0.01587302 0.01587302 -0.999748
vn 0.01587302 0.01587302 -0.999748
vn 0.01587302 0.01587302 -0.999748
vn 0.01587302 0.01587302 -0.999748
vn 0.01587302 0.01587302 -0.999748
vn 0.01587302 0.01587302 -0.999748
vn 0.01587102 0.999874 5.683625E-14
vn 0.01587102 0.999874 5.683625E-14
vn 0.01587102 0.999874 5.683625E-14
vn 0.01587102 0.999874 5.683625E-14
vn 0.01587302 0.01587302 -0.999748
vn 0.01587302 0.01587302 -0.999748
vn 0.01587302 0.01587302 -0.999748
vn 0.01587302 0.01587302 -0.999748
vn 0.01587302 0.01587302 -0.999748
vn 0.01587302 0.01587302 -0.999748
vn 0.01587302 0.01587302 -0.999748
vn 0.01587302 0.01587302 -0.999748
vn 0.999874 0.01587102 9.021559E-16
vn 0.999874 0.01587102 9.021559E-16
vn 0.999874 0.01587102 9.021559E-16
vn 0.999874 0.01587102 9.021559E-16
vn 0.01587102 -0.999874 -5.683625E-14
vn 0.01587102 -0.999874 -5.683625E-14
vn 0.01587102 -0.999874 -5.683625E-14
vn 0.01587102 -0.999874 -5.683625E-14
vn 0.01587102 -0.999874 -5.683625E-14
vn 0.01587102 -0.999874 -5.683625E-14
vn 0.01587102 0.999874 5.683625E-14
vn 0.01587102 0.999874 5.683625E-14
vn 0.01587102 0.999874 5.683625E-14
vn 0.01587102 0.999874 5.683625E-14
vn 0.01587102 0.999874 5.683625E-14
vn 0.01587102 0.999874 5.683625E-14
vn 0.01587102 0.999874 5.683625E-14
vn 0.01587102 0.999874 5.683625E-14
vn 0.01587302 0.01587302 0.999748
vn 0.01587302 0.01587302 0.999748
vn 0.01587302 0.01587302 0.999748
vn 0.01587302 0.01587302 0.999748
vn 0.01587102 0.999874 5.683625E-14
vn 0.01587102 0.999874 5.683625E-14
vn 0.01587102 0.999874 5.683625E-14
vn 0.01587102 0.999874 5.683625E-14
vn 0.01587302 0.01587302 0.999748
vn 0.01587302 0.01587302 0.999748
vn 0.01587302 0.01587302 0.999748
vn 0.01587302 0.01587302 0.999748
vn 0.01587302 0.01587302 0.999748
vn 0.01587302 0.01587302 0.999748
vn 0.01587302 0.01587302 0.999748
vn 0.01587302 0.01587302 0.999748
vn -0.999874 0.01587102 9.021695E-16
vn -0.999874 0.01587102 9.021695E-16
vn -0.999874 0.01587102 9.021695E-16
vn -0.999874 0.01587102 9.021695E-16
vn 0.01587302 0.01587302 -0.999748
vn 0.01587302 0.01587302 -0.999748
vn 0.01587302 0.01587302 -0.999748
vn 0.01587302 0.01587302 -0.999748
vn 0.01587302 0.01587302 -0.999748
vn 0.01587302 0.01587302 -0.999748
vn 0.01587102 0.999874 5.683625E-14
vn 0.01587102 0.999874 5.683625E-14
vn 0.01587102 0.999874 5.683625E-14
vn 0.01587102 0.999874 5.683625E-14
vn 0.01587302 0.01587302 -0.999748
vn 0.01587302 0.01587302 -0.999748
vn 0.01587302 0.01587302 -0.999748
vn 0.01587302 0.01587302 -0.999748
vn 0.01587302 0.01587302 -0.999748
vn 0.01587302 0.01587302 -0.999748
vn 0.01587302 0.01587302 -0.999748
vn 0.01587302 0.01587302 -0.999748
vn 0.999874 0.01587102 9.021559E-16
vn 0.999874 0.01587102 9.021559E-16
vn 0.999874 0.01587102 9.021559E-16
vn 0.999874 0.01587102 9.021559E-16
vn 0.01587102 -0.999874 -5.683625E-14
vn 0.01587102 -0.999874 -5.683625E-14
vn 0.01587102 -0.999874 -5.683625E-14
vn 0.01587102 -0.999874 -5.683625E-14
vn 0.01587102 -0.999874 -5.683625E-14
vn 0.01587102 -0.999874 -5.683625E-14
vn 0.01587102 0.999874 5.683625E-14
vn 0.01587102 0.999874 5.683625E-14
vn 0.01587102 0.999874 5.683625E-14
vn 0.01587102 0.999874 5.683625E-14
vn 0.01587102 0.999874 5.683625E-14
vn 0.01587102 0.999874 5.683625E-14
vn 0.01587102 0.999874 5.683625E-14
vn 0.01587102 0.999874 5.683625E-14
vn 0.01587302 0.01587302 0.999748
vn 0.01587302 0.01587302 0.999748
vn 0.01587302 0.01587302 0.999748
vn 0.01587302 0.01587302 0.999748
vn 0.01587102 0.999874 5.683625E-14
vn 0.01587102 0.999874 5.683625E-14
vn 0.01587102 0.999874 5.683625E-14
vn 0.01587102 0.999874 5.683625E-14
vn 0.01587302 0.01587302 0.999748
vn 0.01587302 0.01587302 0.999748
vn 0.01587302 0.01587302 0.999748
vn 0.01587302 0.01587302 0.999748
vn 0.01587302 0.01587302 0.999748
vn 0.01587302 0.01587302 0.999748
vn 0.01587302 0.01587302 0.999748
vn 0.01587302 0.01587302 0.999748
vn -0.999874 0.01587102 9.021695E-16
vn -0.999874 0.01587102 9.021695E-16
vn -0.999874 0.01587102 9.021695E-16
vn -0.999874 0.01587102 9.021695E-16
vn 0.01587302 0.01587302 -0.999748
vn 0.01587302 0.01587302 -0.999748
vn 0.01587302 0.01587302 -0.999748
vn 0.01587302 0.01587302 -0.999748
vn 0.01587302 0.01587302 -0.999748
vn 0.01587302 0.01587302 -0.999748
vn 0.01587102 0.999874 5.683625E-14
vn 0.01587102 0.999874 5.683625E-14
vn 0.01587102 0.999874 5.683625E-14
vn 0.01587102 0.999874 5.683625E-14
vn 0.01587302 0.01587302 -0.999748
vn 0.01587302 0.01587302 -0.999748
vn 0.01587302 0.01587302 -0.999748
vn 0.01587302 0.01587302 -0.999748
vn 0.01587302 0.01587302 -0.999748
vn 0.01587302 0.01587302 -0.999748
vn 0.01587302 0.01587302 -0.999748
vn 0.01587302 0.01587302 -0.999748
vn 0.999874 0.01587102 9.021559E-16
vn 0.999874 0.01587102 9.021559E-16
vn 0.999874 0.01587102 9.021559E-16
vn 0.999874 0.01587102 9.021559E-16
vn 0.01587102 -0.999874 -5.683625E-14
vn 0.01587102 -0.999874 -5.683625E-14
vn 0.01587102 -0.999874 -5.683625E-14
vn 0.01587102 -0.999874 -5.683625E-14
vn 0.01587102 -0.999874 -5.683625E-14
vn 0.01587102 -0.999874 -5.683625E-14
vn 0 1 0
vn 0 1 0
vn 0 1 0
vn 0 1 0
vn 0 1 0
vn 0 1 0
vn 0 1 0
vn 0 1 0
vn 0 1 0
vn 0 1 0
vn 0 1 0
vn 0 1 0
vn 0 1 0
vn 0 1 0
vn 0 1 0
vn 0 1 0
vn 0 1 0
vn 0 1 0
vn 0 1 0
vn 0 1 0
vn 0 1 0
vn 0 1 0
vn 0 1 0
vn 0 1 0
vn 0 1 0
vn 0 1 0
vn 0 1 0
vn 0 1 0
vn 0 1 0
vn 0 1 0
vn 0 1 0
vn 0 1 0
vn 0 1 0
vn 0 1 0
vn 0 1 0
vn 0 1 0
vn 0 1 0
vn 0 1 0
vn 0 1 0
vn 0 1 0
vn 0 0 -1
vn 0 0 -1
vn 0 0 -1
vn 0 0 -1
vn 0 0 -1
vn 0 0 -1
vn 0 0 -1
vn 0 0 -1
vn 0 0 -1
vn 0 0 -1
vn 0 0 -1
vn 0 0 -1
vn 1 0 0
vn 1 0 0
vn 1 0 0
vn 1 0 0
vn 1 0 0
vn 1 0 0
vn 1 0 0
vn 1 0 0
vn 1 0 0
vn 1 0 0
vn 1 0 0
vn 1 0 0
vn -0.1305262 0 0.9914449
vn -0.06540318 0 0.9978589
vn -0.1305262 0 0.9914449
vn -0.06540318 0 0.9978589
vn -0.258819 0 0.9659258
vn -0.1305262 0 0.9914449
vn -0.258819 0 0.9659258
vn -0.1305262 0 0.9914449
vn -0.3826834 0 0.9238795
vn -0.258819 0 0.9659258
vn -0.3826834 0 0.9238795
vn -0.258819 0 0.9659258
vn -0.5 0 0.8660254
vn -0.3826834 0 0.9238795
vn -0.5 0 0.8660254
vn -0.3826834 0 0.9238795
vn -0.6087614 0 0.7933533
vn -0.5 0 0.8660254
vn -0.6087614 0 0.7933533
vn -0.5 0 0.8660254
vn -0.7071068 0 0.7071068
vn -0.6087614 0 0.7933533
vn -0.7071068 0 0.7071068
vn -0.6087614 0 0.7933533
vn -0.7933533 0 0.6087614
vn -0.7933533 0 0.6087614
vn -0.7071068 0 0.7071068
vn -0.7071068 0 0.7071068
vn -0.8660254 0 0.5
vn -0.8660254 0 0.5
vn -0.7933533 0 0.6087614
vn -0.7933533 0 0.6087614
vn -0.9238795 0 0.3826834
vn -0.9238795 0 0.3826834
vn -0.8660254 0 0.5
vn -0.8660254 0 0.5
vn -0.9659258 0 0.258819
vn -0.9659258 0 0.258819
vn -0.9238795 0 0.3826834
vn -0.9238795 0 0.3826834
vn -0.9914449 0 0.1305262
vn -0.9914449 0 0.1305262
vn -0.9659258 0 0.258819
vn -0.9659258 0 0.258819
vn -0.9978589 0 0.06540314
vn -0.9978589 0 0.06540314
vn -0.9914449 0 0.1305262
vn -0.9914449 0 0.1305262
vn 0 -1 0
vn 0 -1 0
vn 0 -1 0
vn 0 -1 0
vn 0 -1 0
vn 0 -1 0
vn 0 -1 0
vn 0 -1 0
vn 0 -1 0
vn 0 -1 0
vn 0 -1 0
vn 0 -1 0
vn 0 -1 0
vn 0 -1 0
vn -8.343599E-07 0.01587102 -0.999874
vn -8.343599E-07 0.01587102 -0.999874
vn -8.343599E-07 0.01587102 -0.999874
vn 8.343599E-07 0.01587102 0.999874
vn 8.343599E-07 0.01587102 0.999874
vn 8.343599E-07 0.01587102 0.999874
vn -0.2494641 0.968254 -0.01587281
vn -0.2494641 0.968254 -0.01587281
vn -0.2494641 0.968254 -0.01587281
vn -0.2494641 0.968254 -0.01587281
vn -0.2494641 0.968254 -0.01587281
vn -0.2494641 0.968254 -0.01587281
vn -0.2494641 0.968254 -0.01587281
vn -0.2494641 0.968254 -0.01587281
vn 0.999748 0.01587302 -0.01587385
vn 0.999748 0.01587302 -0.01587385
vn 0.999748 0.01587302 -0.01587385
vn 0.999748 0.01587302 -0.01587385
vn -1.324381E-08 0.999874 -0.01587102
vn -1.324381E-08 0.999874 -0.01587102
vn -1.324381E-08 0.999874 -0.01587102
vn -1.324381E-08 0.999874 -0.01587102
vn 0.999748 0.01587302 -0.01587385
vn 0.999748 0.01587302 -0.01587385
vn 0.999748 0.01587302 -0.01587385
vn 0.999748 0.01587302 -0.01587385
vn 0.999748 0.01587302 -0.01587385
vn 0.999748 0.01587302 -0.01587385
vn 0.999748 0.01587302 -0.01587385
vn 0.999748 0.01587302 -0.01587385
vn -9.459733E-09 0.999874 -0.01587102
vn -9.459733E-09 0.999874 -0.01587102
vn -9.459733E-09 0.999874 -0.01587102
vn -9.459733E-09 0.999874 -0.01587102
vn -9.459733E-09 0.999874 -0.01587102
vn -9.459733E-09 0.999874 -0.01587102
vn -9.459733E-09 0.999874 -0.01587102
vn -9.459733E-09 0.999874 -0.01587102
vn 0.999748 0.01587302 -0.01587361
vn 0.999748 0.01587302 -0.01587361
vn 0.999748 0.01587302 -0.01587361
vn 0.999748 0.01587302 -0.01587361
vn -9.459733E-09 0.999874 -0.01587102
vn -9.459733E-09 0.999874 -0.01587102
vn -9.459733E-09 0.999874 -0.01587102
vn -9.459733E-09 0.999874 -0.01587102
vn 0.999748 0.01587302 -0.01587361
vn 0.999748 0.01587302 -0.01587361
vn 0.999748 0.01587302 -0.01587361
vn 0.999748 0.01587302 -0.01587361
vn 0.999748 0.01587302 -0.01587361
vn 0.999748 0.01587302 -0.01587361
vn 0.999748 0.01587302 -0.01587361
vn 0.999748 0.01587302 -0.01587361
vn 5.959714E-07 0.01587102 0.999874
vn 5.959714E-07 0.01587102 0.999874
vn 5.959714E-07 0.01587102 0.999874
vn 5.959714E-07 0.01587102 0.999874
vn -0.999748 0.01587302 -0.01587242
vn -0.999748 0.01587302 -0.01587242
vn -0.999748 0.01587302 -0.01587242
vn -0.999748 0.01587302 -0.01587242
vn -0.999748 0.01587302 -0.01587242
vn -0.999748 0.01587302 -0.01587242
vn -9.459733E-09 0.999874 -0.01587102
vn -9.459733E-09 0.999874 -0.01587102
vn -9.459733E-09 0.999874 -0.01587102
vn -9.459733E-09 0.999874 -0.01587102
vn -0.999748 0.01587302 -0.01587242
vn -0.999748 0.01587302 -0.01587242
vn -0.999748 0.01587302 -0.01587242
vn -0.999748 0.01587302 -0.01587242
vn -0.999748 0.01587302 -0.01587242
vn -0.999748 0.01587302 -0.01587242
vn -0.999748 0.01587302 -0.01587242
vn -0.999748 0.01587302 -0.01587242
vn -5.959714E-07 0.01587102 -0.999874
vn -5.959714E-07 0.01587102 -0.999874
vn -5.959714E-07 0.01587102 -0.999874
vn -5.959714E-07 0.01587102 -0.999874
vn -9.459994E-09 -0.999874 -0.01587102
vn -9.459994E-09 -0.999874 -0.01587102
vn -9.459994E-09 -0.999874 -0.01587102
vn -9.459994E-09 -0.999874 -0.01587102
vn -9.459994E-09 -0.999874 -0.01587102
vn -9.459994E-09 -0.999874 -0.01587102
vn -8.343599E-07 0.01587102 -0.999874
vn -8.343599E-07 0.01587102 -0.999874
vn -8.343599E-07 0.01587102 -0.999874
vn 8.343599E-07 0.01587102 0.999874
vn 8.343599E-07 0.01587102 0.999874
vn 8.343599E-07 0.01587102 0.999874
vn -0.2494641 0.968254 -0.01587281
vn -0.2494641 0.968254 -0.01587281
vn -0.2494641 0.968254 -0.01587281
vn -0.2494641 0.968254 -0.01587281
vn -0.2494641 0.968254 -0.01587281
vn -0.2494641 0.968254 -0.01587281
vn -0.2494641 0.968254 -0.01587281
vn -0.2494641 0.968254 -0.01587281
vn 0.999748 0.01587302 -0.01587385
vn 0.999748 0.01587302 -0.01587385
vn 0.999748 0.01587302 -0.01587385
vn 0.999748 0.01587302 -0.01587385
vn -1.324381E-08 0.999874 -0.01587102
vn -1.324381E-08 0.999874 -0.01587102
vn -1.324381E-08 0.999874 -0.01587102
vn -1.324381E-08 0.999874 -0.01587102
vn 0.999748 0.01587302 -0.01587385
vn 0.999748 0.01587302 -0.01587385
vn 0.999748 0.01587302 -0.01587385
vn 0.999748 0.01587302 -0.01587385
vn 0.999748 0.01587302 -0.01587385
vn 0.999748 0.01587302 -0.01587385
vn 0.999748 0.01587302 -0.01587385
vn 0.999748 0.01587302 -0.01587385
vn 0 1 0
vn 0 1 0
vn 0 1 0
vn 0 1 0
vn 0 1 0
vn 0 1 0
vn 0 1 0
vn 0 1 0
vn 0 1 0
vn 0 1 0
vn 0 1 0
vn 0 1 0
vn 0 1 0
vn 0 1 0
vn 0 1 0
vn 0 1 0
vn 0 1 0
vn 0 1 0
vn 0 1 0
vn 0 1 0
vn 0 1 0
vn 0 1 0
vn 0 1 0
vn 0 1 0
vn 0 1 0
vn 0 1 0
vn 0 1 0
vn 0 1 0
vn 0 1 0
vn 0 1 0
vn 0 1 0
vn 0 1 0
vn 0 1 0
vn 0 1 0
vn 0 1 0
vn 0 1 0
vn 0 1 0
vn 0 1 0
vn 0 1 0
vn 0 1 0
vn -1 0 8.34465E-07
vn -1 0 8.34465E-07
vn -1 0 8.34465E-07
vn -1 0 8.34465E-07
vn -1 0 8.34465E-07
vn -1 0 8.34465E-07
vn -1 0 8.34465E-07
vn -1 0 8.34465E-07
vn -1 0 8.34465E-07
vn -1 0 8.34465E-07
vn -1 0 8.34465E-07
vn -1 0 8.34465E-07
vn -8.34465E-07 0 -1
vn -8.34465E-07 0 -1
vn -8.34465E-07 0 -1
vn -8.34465E-07 0 -1
vn -8.34465E-07 0 -1
vn -8.34465E-07 0 -1
vn -8.34465E-07 0 -1
vn -8.34465E-07 0 -1
vn -8.34465E-07 0 -1
vn -8.34465E-07 0 -1
vn -8.34465E-07 0 -1
vn -8.34465E-07 0 -1
vn 0.991445 0 0.1305254
vn 0.997859 0 0.06540234
vn 0.991445 0 0.1305254
vn 0.997859 0 0.06540234
vn 0.9659261 0 0.2588182
vn 0.991445 0 0.1305254
vn 0.9659261 0 0.2588182
vn 0.991445 0 0.1305254
vn 0.9238798 0 0.3826826
vn 0.9659261 0 0.2588182
vn 0.9238798 0 0.3826826
vn 0.9659261 0 0.2588182
vn 0.8660259 0 0.4999993
vn 0.9238798 0 0.3826826
vn 0.8660259 0 0.4999993
vn 0.9238798 0 0.3826826
vn 0.7933539 0 0.6087608
vn 0.8660259 0 0.4999993
vn 0.7933539 0 0.6087608
vn 0.8660259 0 0.4999993
vn 0.7071074 0 0.7071062
vn 0.7933539 0 0.6087608
vn 0.7071074 0 0.7071062
vn 0.7933539 0 0.6087608
vn 0.6087621 0 0.7933528
vn 0.6087621 0 0.7933528
vn 0.7071074 0 0.7071062
vn 0.7071074 0 0.7071062
vn 0.5000007 0 0.866025
vn 0.5000007 0 0.866025
vn 0.6087621 0 0.7933528
vn 0.6087621 0 0.7933528
vn 0.3826842 0 0.9238792
vn 0.3826842 0 0.9238792
vn 0.5000007 0 0.866025
vn 0.5000007 0 0.866025
vn 0.2588198 0 0.9659256
vn 0.2588198 0 0.9659256
vn 0.3826842 0 0.9238792
vn 0.3826842 0 0.9238792
vn 0.130527 0 0.9914448
vn 0.130527 0 0.9914448
vn 0.2588198 0 0.9659256
vn 0.2588198 0 0.9659256
vn 0.06540398 0 0.9978589
vn 0.06540398 0 0.9978589
vn 0.130527 0 0.9914448
vn 0.130527 0 0.9914448
vn 0 -1 0
vn 0 -1 0
vn 0 -1 0
vn 0 -1 0
vn 0 -1 0
vn 0 -1 0
vn 0 -1 0
vn 0 -1 0
vn 0 -1 0
vn 0 -1 0
vn 0 -1 0
vn 0 -1 0
vn 0 -1 0
vn 0 -1 0
vn 0 1 0
vn 0 1 0
vn 0 1 0
vn 0 1 0
vn 0 1 0
vn 0 1 0
vn 0 1 0
vn 0 1 0
vn 0 1 0
vn 0 1 0
vn 0 1 0
vn 0 1 0
vn 0 1 0
vn 0 1 0
vn 0 1 0
vn 0 1 0
vn 0 1 0
vn 0 1 0
vn 0 1 0
vn 0 1 0
vn 0 1 0
vn 0 1 0
vn 0 1 0
vn 0 1 0
vn 0 1 0
vn 0 1 0
vn 0 1 0
vn 0 1 0
vn 0 1 0
vn 0 1 0
vn 0 1 0
vn 0 1 0
vn 0 1 0
vn 0 1 0
vn 0 1 0
vn 0 1 0
vn 0 1 0
vn 0 1 0
vn 0 1 0
vn 0 1 0
vn 1.549721E-06 0 1
vn 1.549721E-06 0 1
vn 1.549721E-06 0 1
vn 1.549721E-06 0 1
vn 1.549721E-06 0 1
vn 1.549721E-06 0 1
vn 1.549721E-06 0 1
vn 1.549721E-06 0 1
vn 1.549721E-06 0 1
vn 1.549721E-06 0 1
vn 1.549721E-06 0 1
vn 1.549721E-06 0 1
vn -1 0 1.549721E-06
vn -1 0 1.549721E-06
vn -1 0 1.549721E-06
vn -1 0 1.549721E-06
vn -1 0 1.549721E-06
vn -1 0 1.549721E-06
vn -1 0 1.549721E-06
vn -1 0 1.549721E-06
vn -1 0 1.549721E-06
vn -1 0 1.549721E-06
vn -1 0 1.549721E-06
vn -1 0 1.549721E-06
vn 0.1305247 0 -0.9914451
vn 0.06540163 0 -0.9978591
vn 0.1305247 0 -0.9914451
vn 0.06540163 0 -0.9978591
vn 0.2588175 0 -0.9659262
vn 0.1305247 0 -0.9914451
vn 0.2588175 0 -0.9659262
vn 0.1305247 0 -0.9914451
vn 0.382682 0 -0.9238801
vn 0.2588175 0 -0.9659262
vn 0.382682 0 -0.9238801
vn 0.2588175 0 -0.9659262
vn 0.4999987 0 -0.8660262
vn 0.382682 0 -0.9238801
vn 0.4999987 0 -0.8660262
vn 0.382682 0 -0.9238801
vn 0.6087602 0 -0.7933543
vn 0.4999987 0 -0.8660262
vn 0.6087602 0 -0.7933543
vn 0.4999987 0 -0.8660262
vn 0.7071057 0 -0.7071078
vn 0.6087602 0 -0.7933543
vn 0.7071057 0 -0.7071078
vn 0.6087602 0 -0.7933543
vn 0.7933524 0 -0.6087627
vn 0.7933524 0 -0.6087627
vn 0.7071057 0 -0.7071078
vn 0.7071057 0 -0.7071078
vn 0.8660247 0 -0.5000014
vn 0.8660247 0 -0.5000014
vn 0.7933524 0 -0.6087627
vn 0.7933524 0 -0.6087627
vn 0.9238789 0 -0.3826848
vn 0.9238789 0 -0.3826848
vn 0.8660247 0 -0.5000014
vn 0.8660247 0 -0.5000014
vn 0.9659254 0 -0.2588205
vn 0.9659254 0 -0.2588205
vn 0.9238789 0 -0.3826848
vn 0.9238789 0 -0.3826848
vn 0.9914447 0 -0.1305277
vn 0.9914447 0 -0.1305277
vn 0.9659254 0 -0.2588205
vn 0.9659254 0 -0.2588205
vn 0.9978588 0 -0.06540469
vn 0.9978588 0 -0.06540469
vn 0.9914447 0 -0.1305277
vn 0.9914447 0 -0.1305277
vn 0 -1 0
vn 0 -1 0
vn 0 -1 0
vn 0 -1 0
vn 0 -1 0
vn 0 -1 0
vn 0 -1 0
vn 0 -1 0
vn 0 -1 0
vn 0 -1 0
vn 0 -1 0
vn 0 -1 0
vn 0 -1 0
vn 0 -1 0
vn 0 1 0
vn 0 1 0
vn 0 1 0
vn 0 1 0
vn 0 1 0
vn 0 1 0
vn 0 1 0
vn 0 1 0
vn 0 1 0
vn 0 1 0
vn 0 1 0
vn 0 1 0
vn 0 1 0
vn 0 1 0
vn 0 1 0
vn 0 1 0
vn 0 1 0
vn 0 1 0
vn 0 1 0
vn 0 1 0
vn 0 1 0
vn 0 1 0
vn 0 1 0
vn 0 1 0
vn 0 1 0
vn 0 1 0
vn 0 1 0
vn 0 1 0
vn 0 1 0
vn 0 1 0
vn 0 1 0
vn 0 1 0
vn 0 1 0
vn 0 1 0
vn 0 1 0
vn 0 1 0
vn 0 1 0
vn 0 1 0
vn 0 1 0
vn 0 1 0
vn 7.152557E-07 0 -1
vn 7.152557E-07 0 -1
vn 7.152557E-07 0 -1
vn 7.152557E-07 0 -1
vn 7.152557E-07 0 -1
vn 7.152557E-07 0 -1
vn 7.152557E-07 0 -1
vn 7.152557E-07 0 -1
vn 7.152557E-07 0 -1
vn 7.152557E-07 0 -1
vn 7.152557E-07 0 -1
vn 7.152557E-07 0 -1
vn 1 0 7.152557E-07
vn 1 0 7.152557E-07
vn 1 0 7.152557E-07
vn 1 0 7.152557E-07
vn 1 0 7.152557E-07
vn 1 0 7.152557E-07
vn 1 0 7.152557E-07
vn 1 0 7.152557E-07
vn 1 0 7.152557E-07
vn 1 0 7.152557E-07
vn 1 0 7.152557E-07
vn 1 0 7.152557E-07
vn -0.1305269 0 0.9914448
vn -0.06540389 0 0.9978589
vn -0.1305269 0 0.9914448
vn -0.06540389 0 0.9978589
vn -0.2588197 0 0.9659256
vn -0.1305269 0 0.9914448
vn -0.2588197 0 0.9659256
vn -0.1305269 0 0.9914448
vn -0.3826841 0 0.9238792
vn -0.2588197 0 0.9659256
vn -0.3826841 0 0.9238792
vn -0.2588197 0 0.9659256
vn -0.5000006 0 0.8660251
vn -0.3826841 0 0.9238792
vn -0.5000006 0 0.8660251
vn -0.3826841 0 0.9238792
vn -0.608762 0 0.7933529
vn -0.5000006 0 0.8660251
vn -0.608762 0 0.7933529
vn -0.5000006 0 0.8660251
vn -0.7071072 0 0.7071063
vn -0.608762 0 0.7933529
vn -0.7071072 0 0.7071063
vn -0.608762 0 0.7933529
vn -0.7933537 0 0.6087608
vn -0.7933537 0 0.6087608
vn -0.7071072 0 0.7071063
vn -0.7071072 0 0.7071063
vn -0.8660258 0 0.4999994
vn -0.8660258 0 0.4999994
vn -0.7933537 0 0.6087608
vn -0.7933537 0 0.6087608
vn -0.9238798 0 0.3826827
vn -0.9238798 0 0.3826827
vn -0.8660258 0 0.4999994
vn -0.8660258 0 0.4999994
vn -0.965926 0 0.2588183
vn -0.965926 0 0.2588183
vn -0.9238798 0 0.3826827
vn -0.9238798 0 0.3826827
vn -0.991445 0 0.1305255
vn -0.991445 0 0.1305255
vn -0.965926 0 0.2588183
vn -0.965926 0 0.2588183
vn -0.997859 0 0.06540243
vn -0.997859 0 0.06540243
vn -0.991445 0 0.1305255
vn -0.991445 0 0.1305255
vn 0 -1 0
vn 0 -1 0
vn 0 -1 0
vn 0 -1 0
vn 0 -1 0
vn 0 -1 0
vn 0 -1 0
vn 0 -1 0
vn 0 -1 0
vn 0 -1 0
vn 0 -1 0
vn 0 -1 0
vn 0 -1 0
vn 0 -1 0
vn 0 1 0
vn 0 1 0
vn 0 1 0
vn 0 1 0
vn 0 1 0
vn 0 1 0
vn 0 1 0
vn 0 1 0
vn 0 1 0
vn 0 1 0
vn 0 1 0
vn 0 1 0
vn 0 1 0
vn 0 1 0
vn 0 1 0
vn 0 1 0
vn 0 1 0
vn 0 1 0
vn 0 1 0
vn 0 1 0
vn 0 1 0
vn 0 1 0
vn 0 1 0
vn 0 1 0
vn 0 1 0
vn 0 1 0
vn 0 1 0
vn 0 1 0
vn 0 1 0
vn 0 1 0
vn 0 1 0
vn 0 1 0
vn 0 1 0
vn 0 1 0
vn 0 1 0
vn 0 1 0
vn 0 1 0
vn 0 1 0
vn 0 1 0
vn 0 1 0
vn 2.324581E-06 0 1
vn 2.324581E-06 0 1
vn 2.324581E-06 0 1
vn 2.324581E-06 0 1
vn 2.324581E-06 0 1
vn 2.324581E-06 0 1
vn 2.324581E-06 0 1
vn 2.324581E-06 0 1
vn 2.324581E-06 0 1
vn 2.324581E-06 0 1
vn 2.324581E-06 0 1
vn 2.324581E-06 0 1
vn -1 0 2.324581E-06
vn -1 0 2.324581E-06
vn -1 0 2.324581E-06
vn -1 0 2.324581E-06
vn -1 0 2.324581E-06
vn -1 0 2.324581E-06
vn -1 0 2.324581E-06
vn -1 0 2.324581E-06
vn -1 0 2.324581E-06
vn -1 0 2.324581E-06
vn -1 0 2.324581E-06
vn -1 0 2.324581E-06
vn 0.1305239 0 -0.9914452
vn 0.06540086 0 -0.9978591
vn 0.1305239 0 -0.9914452
vn 0.06540086 0 -0.9978591
vn 0.2588168 0 -0.9659264
vn 0.1305239 0 -0.9914452
vn 0.2588168 0 -0.9659264
vn 0.1305239 0 -0.9914452
vn 0.3826813 0 -0.9238804
vn 0.2588168 0 -0.9659264
vn 0.3826813 0 -0.9238804
vn 0.2588168 0 -0.9659264
vn 0.499998 0 -0.8660266
vn 0.3826813 0 -0.9238804
vn 0.499998 0 -0.8660266
vn 0.3826813 0 -0.9238804
vn 0.6087596 0 -0.7933547
vn 0.499998 0 -0.8660266
vn 0.6087596 0 -0.7933547
vn 0.499998 0 -0.8660266
vn 0.7071051 0 -0.7071084
vn 0.6087596 0 -0.7933547
vn 0.7071051 0 -0.7071084
vn 0.6087596 0 -0.7933547
vn 0.7933519 0 -0.6087633
vn 0.7933519 0 -0.6087633
vn 0.7071051 0 -0.7071084
vn 0.7071051 0 -0.7071084
vn 0.8660243 0 -0.500002
vn 0.8660243 0 -0.500002
vn 0.7933519 0 -0.6087633
vn 0.7933519 0 -0.6087633
vn 0.9238786 0 -0.3826855
vn 0.9238786 0 -0.3826855
vn 0.8660243 0 -0.500002
vn 0.8660243 0 -0.500002
vn 0.9659252 0 -0.2588212
vn 0.9659252 0 -0.2588212
vn 0.9238786 0 -0.3826855
vn 0.9238786 0 -0.3826855
vn 0.9914446 0 -0.1305285
vn 0.9914446 0 -0.1305285
vn 0.9659252 0 -0.2588212
vn 0.9659252 0 -0.2588212
vn 0.9978588 0 -0.06540546
vn 0.9978588 0 -0.06540546
vn 0.9914446 0 -0.1305285
vn 0.9914446 0 -0.1305285
vn 0 -1 0
vn 0 -1 0
vn 0 -1 0
vn 0 -1 0
vn 0 -1 0
vn 0 -1 0
vn 0 -1 0
vn 0 -1 0
vn 0 -1 0
vn 0 -1 0
vn 0 -1 0
vn 0 -1 0
vn 0 -1 0
vn 0 -1 0
vn 0 1 0
vn 0 1 0
vn 0 1 0
vn 0 1 0
vn 0 1 0
vn 0 1 0
vn 0 1 0
vn 0 1 0
vn 0 1 0
vn 0 1 0
vn 0 1 0
vn 0 1 0
vn 0 1 0
vn 0 1 0
vn 0 1 0
vn 0 1 0
vn 0 1 0
vn 0 1 0
vn 0 1 0
vn 0 1 0
vn 0 1 0
vn 0 1 0
vn 0 1 0
vn 0 1 0
vn 0 1 0
vn 0 1 0
vn 0 1 0
vn 0 1 0
vn 0 1 0
vn 0 1 0
vn 0 1 0
vn 0 1 0
vn 0 1 0
vn 0 1 0
vn 0 1 0
vn 0 1 0
vn 0 1 0
vn 0 1 0
vn 0 1 0
vn 0 1 0
vn -1.192093E-07 0 -1
vn -1.192093E-07 0 -1
vn -1.192093E-07 0 -1
vn -1.192093E-07 0 -1
vn -1.192093E-07 0 -1
vn -1.192093E-07 0 -1
vn -1.192093E-07 0 -1
vn -1.192093E-07 0 -1
vn -1.192093E-07 0 -1
vn -1.192093E-07 0 -1
vn -1.192093E-07 0 -1
vn -1.192093E-07 0 -1
vn 1 0 -1.192093E-07
vn 1 0 -1.192093E-07
vn 1 0 -1.192093E-07
vn 1 0 -1.192093E-07
vn 1 0 -1.192093E-07
vn 1 0 -1.192093E-07
vn 1 0 -1.192093E-07
vn 1 0 -1.192093E-07
vn 1 0 -1.192093E-07
vn 1 0 -1.192093E-07
vn 1 0 -1.192093E-07
vn 1 0 -1.192093E-07
vn -0.1305261 0 0.9914449
vn -0.06540306 0 0.9978589
vn -0.1305261 0 0.9914449
vn -0.06540306 0 0.9978589
vn -0.2588189 0 0.9659259
vn -0.1305261 0 0.9914449
vn -0.2588189 0 0.9659259
vn -0.1305261 0 0.9914449
vn -0.3826833 0 0.9238796
vn -0.2588189 0 0.9659259
vn -0.3826833 0 0.9238796
vn -0.2588189 0 0.9659259
vn -0.4999999 0 0.8660255
vn -0.3826833 0 0.9238796
vn -0.4999999 0 0.8660255
vn -0.3826833 0 0.9238796
vn -0.6087613 0 0.7933534
vn -0.4999999 0 0.8660255
vn -0.6087613 0 0.7933534
vn -0.4999999 0 0.8660255
vn -0.7071067 0 0.7071068
vn -0.6087613 0 0.7933534
vn -0.7071067 0 0.7071068
vn -0.6087613 0 0.7933534
vn -0.7933533 0 0.6087615
vn -0.7933533 0 0.6087615
vn -0.7071067 0 0.7071068
vn -0.7071067 0 0.7071068
vn -0.8660254 0 0.5000001
vn -0.8660254 0 0.5000001
vn -0.7933533 0 0.6087615
vn -0.7933533 0 0.6087615
vn -0.9238794 0 0.3826835
vn -0.9238794 0 0.3826835
vn -0.8660254 0 0.5000001
vn -0.8660254 0 0.5000001
vn -0.9659258 0 0.2588191
vn -0.9659258 0 0.2588191
vn -0.9238794 0 0.3826835
vn -0.9238794 0 0.3826835
vn -0.9914449 0 0.1305263
vn -0.9914449 0 0.1305263
vn -0.9659258 0 0.2588191
vn -0.9659258 0 0.2588191
vn -0.9978589 0 0.06540326
vn -0.9978589 0 0.06540326
vn -0.9914449 0 0.1305263
vn -0.9914449 0 0.1305263
vn 0 -1 0
vn 0 -1 0
vn 0 -1 0
vn 0 -1 0
vn 0 -1 0
vn 0 -1 0
vn 0 -1 0
vn 0 -1 0
vn 0 -1 0
vn 0 -1 0
vn 0 -1 0
vn 0 -1 0
vn 0 -1 0
vn 0 -1 0
vn 0.999874 0.01587102 -4.231396E-06
vn 0.999874 0.01587102 -4.231396E-06
vn 0.999874 0.01587102 -4.231396E-06
vn -0.999874 0.01587102 4.231396E-06
vn -0.999874 0.01587102 4.231396E-06
vn -0.999874 0.01587102 4.231396E-06
vn 0.01587196 0.968254 -0.2494641
vn 0.01587196 0.968254 -0.2494641
vn 0.01587196 0.968254 -0.2494641
vn 0.01587196 0.968254 -0.2494641
vn 0.01587196 0.968254 -0.2494641
vn 0.01587196 0.968254 -0.2494641
vn 0.01587196 0.968254 -0.2494641
vn 0.01587196 0.968254 -0.2494641
vn 0.01587725 0.01587302 0.9997479
vn 0.01587725 0.01587302 0.9997479
vn 0.01587725 0.01587302 0.9997479
vn 0.01587725 0.01587302 0.9997479
vn 0.01587102 0.999874 -6.716503E-08
vn 0.01587102 0.999874 -6.716503E-08
vn 0.01587102 0.999874 -6.716503E-08
vn 0.01587102 0.999874 -6.716503E-08
vn 0.01587725 0.01587302 0.9997479
vn 0.01587725 0.01587302 0.9997479
vn 0.01587725 0.01587302 0.9997479
vn 0.01587725 0.01587302 0.9997479
vn 0.01587725 0.01587302 0.9997479
vn 0.01587725 0.01587302 0.9997479
vn 0.01587725 0.01587302 0.9997479
vn 0.01587725 0.01587302 0.9997479
vn 0 1 0
vn 0 1 0
vn 0 1 0
vn 0 1 0
vn 0 1 0
vn 0 1 0
vn 0 1 0
vn 0 1 0
vn 0 1 0
vn 0 1 0
vn 0 1 0
vn 0 1 0
vn 0 1 0
vn 0 1 0
vn 0 1 0
vn 0 1 0
vn 0 1 0
vn 0 1 0
vn 0 1 0
vn 0 1 0
vn 0 1 0
vn 0 1 0
vn 0 1 0
vn 0 1 0
vn 0 1 0
vn 0 1 0
vn 0 1 0
vn 0 1 0
vn 0 1 0
vn 0 1 0
vn 0 1 0
vn 0 1 0
vn 0 1 0
vn 0 1 0
vn 0 1 0
vn 0 1 0
vn 0 1 0
vn 0 1 0
vn 0 1 0
vn 0 1 0
vn 3.218651E-06 0 1
vn 3.218651E-06 0 1
vn 3.218651E-06 0 1
vn 3.218651E-06 0 1
vn 3.218651E-06 0 1
vn 3.218651E-06 0 1
vn 3.218651E-06 0 1
vn 3.218651E-06 0 1
vn 3.218651E-06 0 1
vn 3.218651E-06 0 1
vn 3.218651E-06 0 1
vn 3.218651E-06 0 1
vn -1 0 3.218651E-06
vn -1 0 3.218651E-06
vn -1 0 3.218651E-06
vn -1 0 3.218651E-06
vn -1 0 3.218651E-06
vn -1 0 3.218651E-06
vn -1 0 3.218651E-06
vn -1 0 3.218651E-06
vn -1 0 3.218651E-06
vn -1 0 3.218651E-06
vn -1 0 3.218651E-06
vn -1 0 3.218651E-06
vn 0.130523 0 -0.9914453
vn 0.06539997 0 -0.9978592
vn 0.130523 0 -0.9914453
vn 0.06539997 0 -0.9978592
vn 0.2588159 0 -0.9659266
vn 0.130523 0 -0.9914453
vn 0.2588159 0 -0.9659266
vn 0.130523 0 -0.9914453
vn 0.3826804 0 -0.9238808
vn 0.2588159 0 -0.9659266
vn 0.3826804 0 -0.9238808
vn 0.2588159 0 -0.9659266
vn 0.4999972 0 -0.8660271
vn 0.3826804 0 -0.9238808
vn 0.4999972 0 -0.8660271
vn 0.3826804 0 -0.9238808
vn 0.6087589 0 -0.7933553
vn 0.4999972 0 -0.8660271
vn 0.6087589 0 -0.7933553
vn 0.4999972 0 -0.8660271
vn 0.7071045 0 -0.707109
vn 0.6087589 0 -0.7933553
vn 0.7071045 0 -0.707109
vn 0.6087589 0 -0.7933553
vn 0.7933514 0 -0.608764
vn 0.7933514 0 -0.608764
vn 0.7071045 0 -0.707109
vn 0.7071045 0 -0.707109
vn 0.8660238 0 -0.5000028
vn 0.8660238 0 -0.5000028
vn 0.7933514 0 -0.608764
vn 0.7933514 0 -0.608764
vn 0.9238783 0 -0.3826864
vn 0.9238783 0 -0.3826864
vn 0.8660238 0 -0.5000028
vn 0.8660238 0 -0.5000028
vn 0.965925 0 -0.2588221
vn 0.965925 0 -0.2588221
vn 0.9238783 0 -0.3826864
vn 0.9238783 0 -0.3826864
vn 0.9914445 0 -0.1305294
vn 0.9914445 0 -0.1305294
vn 0.965925 0 -0.2588221
vn 0.965925 0 -0.2588221
vn 0.9978587 0 -0.06540635
vn 0.9978587 0 -0.06540635
vn 0.9914445 0 -0.1305294
vn 0.9914445 0 -0.1305294
vn 0 -1 0
vn 0 -1 0
vn 0 -1 0
vn 0 -1 0
vn 0 -1 0
vn 0 -1 0
vn 0 -1 0
vn 0 -1 0
vn 0 -1 0
vn 0 -1 0
vn 0 -1 0
vn 0 -1 0
vn 0 -1 0
vn 0 -1 0

g [TargetMesh]
f 1/1 2/2 3/3
f 4/4 3/3 2/2
f 5/5 6/6 7/7
f 8/8 7/7 6/6
f 9/9 10/10 11/11
f 12/12 11/11 10/10
f 13/13 14/14 15/15
f 16/16 13/13 15/15
f 17/17 18/18 19/19
f 18/18 20/20 19/19
f 21/21 19/19 20/20
f 19/19 21/21 22/22
f 23/23 22/22 21/21
f 24/24 22/22 23/23
f 25/25 26/26 27/27
f 28/28 27/27 26/26
f 29/29 30/30 31/31
f 32/32 31/31 30/30
f 33/33 31/31 32/32
f 34/34 31/31 33/33
f 35/35 36/36 37/37
f 38/38 35/35 37/37
f 39/39 40/40 41/41
f 40/40 42/42 41/41
f 43/43 41/41 42/42
f 41/41 43/43 44/44
f 45/45 44/44 43/43
f 46/46 44/44 45/45
f 47/47 48/48 49/49
f 50/50 49/49 48/48
f 51/51 52/52 53/53
f 54/54 53/53 52/52
f 55/55 53/53 54/54
f 56/56 53/53 55/55
f 57/57 58/58 59/59
f 60/60 59/59 58/58
f 61/61 62/62 63/63
f 64/64 63/63 62/62
f 65/65 66/66 67/67
f 68/68 67/67 66/66
f 69/69 70/70 71/71
f 72/72 69/69 71/71
f 73/73 74/74 75/75
f 74/74 76/76 75/75
f 77/77 75/75 76/76
f 75/75 77/77 78/78
f 79/79 78/78 77/77
f 80/80 78/78 79/79
f 81/81 82/82 83/83
f 84/84 83/83 82/82
f 85/85 86/86 87/87
f 88/88 87/87 86/86
f 89/89 87/87 88/88
f 90/90 87/87 89/89
f 91/91 92/92 93/93
f 94/94 91/91 93/93
f 95/95 96/96 97/97
f 96/96 98/98 97/97
f 99/99 97/97 98/98
f 97/97 99/99 100/100
f 101/101 100/100 99/99
f 102/102 100/100 101/101
f 103/103 104/104 105/105
f 106/106 105/105 104/104
f 107/107 108/108 109/109
f 110/110 109/109 108/108
f 111/111 109/109 110/110
f 112/112 109/109 111/111
f 113/113 114/114 115/115
f 116/116 115/115 114/114
f 117/117 118/118 119/119
f 120/120 119/119 118/118
f 121/121 122/122 123/123
f 124/124 123/123 122/122
f 125/125 126/126 127/127
f 128/128 125/125 127/127
f 129/129 130/130 131/131
f 130/130 132/132 131/131
f 133/133 131/131 132/132
f 131/131 133/133 134/134
f 135/135 134/134 133/133
f 136/136 134/134 135/135
f 137/137 138/138 139/139
f 140/140 139/139 138/138
f 141/141 142/142 143/143
f 144/144 143/143 142/142
f 145/145 143/143 144/144
f 146/146 143/143 145/145
f 147/147 148/148 149/149
f 150/150 147/147 149/149
f 151/151 152/152 153/153
f 152/152 154/154 153/153
f 155/155 153/153 154/154
f 153/153 155/155 156/156
f 157/157 156/156 155/155
f 158/158 156/156 157/157
f 159/159 160/160 161/161
f 162/162 161/161 160/160
f 163/163 164/164 165/165
f 166/166 165/165 164/164
f 167/167 165/165 166/166
f 168/168 165/165 167/167
f 169/169 170/170 171/171
f 172/172 171/171 170/170
f 173/173 171/171 172/172
f 174/174 171/171 173/173
f 175/175 171/171 174/174
f 176/176 171/171 175/175
f 177/177 171/171 176/176
f 178/178 171/171 177/177
f 179/179 171/171 178/178
f 180/180 171/171 179/179
f 181/181 171/171 180/180
f 182/182 171/171 181/181
f 183/183 184/184 185/185
f 186/186 185/185 184/184
f 187/187 185/185 186/186
f 188/188 185/185 187/187
f 189/189 188/188 187/187
f 190/190 188/188 189/189
f 191/191 190/190 189/189
f 192/192 191/191 189/189
f 193/193 191/191 192/192
f 194/194 193/193 192/192
f 195/195 194/194 192/192
f 196/196 194/194 195/195
f 197/197 196/196 195/195
f 198/198 196/196 197/197
f 199/199 198/198 197/197
f 200/200 198/198 199/199
f 201/201 200/200 199/199
f 202/202 200/200 201/201
f 203/203 202/202 201/201
f 204/204 202/202 203/203
f 205/205 204/204 203/203
f 206/206 204/204 205/205
f 207/207 206/206 205/205
f 208/208 206/206 207/207
f 209/209 210/210 211/211
f 212/212 211/211 210/210
f 211/211 212/212 213/213
f 213/213 212/212 214/214
f 212/212 215/215 214/214
f 216/216 213/213 214/214
f 217/217 213/213 216/216
f 214/214 215/215 218/218
f 214/214 218/218 219/219
f 220/220 218/218 215/215
f 221/221 222/222 223/223
f 224/224 223/223 222/222
f 225/225 223/223 224/224
f 226/226 223/223 225/225
f 226/226 225/225 227/227
f 228/228 223/223 226/226
f 229/229 223/223 228/228
f 230/230 223/223 229/229
f 231/231 223/223 230/230
f 230/230 229/229 232/232
f 233/233 234/234 235/235
f 236/236 235/235 234/234
f 237/237 238/238 239/239
f 240/240 239/239 238/238
f 241/241 242/242 243/243
f 244/244 243/243 242/242
f 245/245 246/246 247/247
f 248/248 247/247 246/246
f 249/249 250/250 251/251
f 252/252 251/251 250/250
f 253/253 254/254 255/255
f 256/256 255/255 254/254
f 257/257 258/258 259/259
f 260/260 259/259 258/258
f 261/261 262/262 263/263
f 264/264 263/263 262/262
f 265/265 266/266 267/267
f 268/268 267/267 266/266
f 269/269 270/270 271/271
f 272/272 271/271 270/270
f 273/273 274/274 275/275
f 276/276 275/275 274/274
f 277/277 278/278 279/279
f 280/280 279/279 278/278
f 281/281 282/282 283/283
f 284/284 283/283 282/282
f 285/285 284/284 282/282
f 286/286 285/285 282/282
f 287/287 286/286 282/282
f 288/288 287/287 282/282
f 289/289 288/288 282/282
f 290/290 289/289 282/282
f 291/291 290/290 282/282
f 292/292 291/291 282/282
f 293/293 292/292 282/282
f 294/294 293/293 282/282
f 295/295 296/296 297/297
f 298/298 299/299 300/300
f 301/301 302/302 303/303
f 304/304 303/303 302/302
f 305/305 306/306 307/307
f 308/308 307/307 306/306
f 309/309 310/310 311/311
f 312/312 311/311 310/310
f 313/313 314/314 315/315
f 316/316 313/313 315/315
f 317/317 318/318 319/319
f 318/318 320/320 319/319
f 321/321 319/319 320/320
f 319/319 321/321 322/322
f 323/323 322/322 321/321
f 324/324 322/322 323/323
f 325/325 326/326 327/327
f 328/328 327/327 326/326
f 329/329 330/330 331/331
f 332/332 331/331 330/330
f 333/333 334/334 335/335
f 336/336 335/335 334/334
f 337/337 338/338 339/339
f 340/340 337/337 339/339
f 341/341 342/342 343/343
f 342/342 344/344 343/343
f 345/345 343/343 344/344
f 343/343 345/345 346/346
f 347/347 346/346 345/345
f 348/348 346/346 347/347
f 349/349 350/350 351/351
f 352/352 351/351 350/350
f 353/353 354/354 355/355
f 356/356 355/355 354/354
f 357/357 355/355 356/356
f 358/358 355/355 357/357
f 359/359 360/360 361/361
f 362/362 359/359 361/361
f 363/363 364/364 365/365
f 364/364 366/366 365/365
f 367/367 365/365 366/366
f 365/365 367/367 368/368
f 369/369 368/368 367/367
f 370/370 368/368 369/369
f 371/371 372/372 373/373
f 374/374 373/373 372/372
f 375/375 376/376 377/377
f 378/378 377/377 376/376
f 379/379 377/377 378/378
f 380/380 377/377 379/379
f 381/381 382/382 383/383
f 384/384 385/385 386/386
f 387/387 388/388 389/389
f 390/390 389/389 388/388
f 391/391 392/392 393/393
f 394/394 393/393 392/392
f 395/395 396/396 397/397
f 398/398 397/397 396/396
f 399/399 400/400 401/401
f 402/402 399/399 401/401
f 403/403 404/404 405/405
f 404/404 406/406 405/405
f 407/407 405/405 406/406
f 405/405 407/407 408/408
f 409/409 408/408 407/407
f 410/410 408/408 409/409
f 411/411 412/412 413/413
f 414/414 413/413 412/412
f 415/415 413/413 414/414
f 416/416 413/413 415/415
f 417/417 413/413 416/416
f 418/418 413/413 417/417
f 419/419 413/413 418/418
f 420/420 413/413 419/419
f 421/421 413/413 420/420
f 422/422 413/413 421/421
f 423/423 413/413 422/422
f 424/424 413/413 423/423
f 425/425 426/426 427/427
f 428/428 427/427 426/426
f 429/429 427/427 428/428
f 430/430 427/427 429/429
f 431/431 430/430 429/429
f 432/432 430/430 431/431
f 433/433 432/432 431/431
f 434/434 433/433 431/431
f 435/435 433/433 434/434
f 436/436 435/435 434/434
f 437/437 436/436 434/434
f 438/438 436/436 437/437
f 439/439 438/438 437/437
f 440/440 438/438 439/439
f 441/441 440/440 439/439
f 442/442 440/440 441/441
f 443/443 442/442 441/441
f 444/444 442/442 443/443
f 445/445 444/444 443/443
f 446/446 444/444 445/445
f 447/447 446/446 445/445
f 448/448 446/446 447/447
f 449/449 448/448 447/447
f 450/450 448/448 449/449
f 451/451 452/452 453/453
f 454/454 453/453 452/452
f 453/453 454/454 455/455
f 455/455 454/454 456/456
f 454/454 457/457 456/456
f 458/458 455/455 456/456
f 459/459 455/455 458/458
f 456/456 457/457 460/460
f 456/456 460/460 461/461
f 462/462 460/460 457/457
f 463/463 464/464 465/465
f 466/466 465/465 464/464
f 467/467 465/465 466/466
f 468/468 465/465 467/467
f 468/468 467/467 469/469
f 470/470 465/465 468/468
f 471/471 465/465 470/470
f 472/472 465/465 471/471
f 473/473 465/465 472/472
f 472/472 471/471 474/474
f 475/475 476/476 477/477
f 478/478 477/477 476/476
f 479/479 480/480 481/481
f 482/482 481/481 480/480
f 483/483 484/484 485/485
f 486/486 485/485 484/484
f 487/487 488/488 489/489
f 490/490 489/489 488/488
f 491/491 492/492 493/493
f 494/494 493/493 492/492
f 495/495 496/496 497/497
f 498/498 497/497 496/496
f 499/499 500/500 501/501
f 502/502 501/501 500/500
f 503/503 504/504 505/505
f 506/506 505/505 504/504
f 507/507 508/508 509/509
f 510/510 509/509 508/508
f 511/511 512/512 513/513
f 514/514 513/513 512/512
f 515/515 516/516 517/517
f 518/518 517/517 516/516
f 519/519 520/520 521/521
f 522/522 521/521 520/520
f 523/523 524/524 525/525
f 526/526 525/525 524/524
f 527/527 526/526 524/524
f 528/528 527/527 524/524
f 529/529 528/528 524/524
f 530/530 529/529 524/524
f 531/531 530/530 524/524
f 532/532 531/531 524/524
f 533/533 532/532 524/524
f 534/534 533/533 524/524
f 535/535 534/534 524/524
f 536/536 535/535 524/524
f 537/537 538/538 539/539
f 540/540 539/539 538/538
f 541/541 539/539 540/540
f 542/542 539/539 541/541
f 543/543 539/539 542/542
f 544/544 539/539 543/543
f 545/545 539/539 544/544
f 546/546 539/539 545/545
f 547/547 539/539 546/546
f 548/548 539/539 547/547
f 549/549 539/539 548/548
f 550/550 539/539 549/549
f 551/551 552/552 553/553
f 554/554 553/553 552/552
f 555/555 553/553 554/554
f 556/556 553/553 555/555
f 557/557 556/556 555/555
f 558/558 556/556 557/557
f 559/559 558/558 557/557
f 560/560 559/559 557/557
f 561/561 559/559 560/560
f 562/562 561/561 560/560
f 563/563 562/562 560/560
f 564/564 562/562 563/563
f 565/565 564/564 563/563
f 566/566 564/564 565/565
f 567/567 566/566 565/565
f 568/568 566/566 567/567
f 569/569 568/568 567/567
f 570/570 568/568 569/569
f 571/571 570/570 569/569
f 572/572 570/570 571/571
f 573/573 572/572 571/571
f 574/574 572/572 573/573
f 575/575 574/574 573/573
f 576/576 574/574 575/575
f 577/577 578/578 579/579
f 580/580 579/579 578/578
f 579/579 580/580 581/581
f 581/581 580/580 582/582
f 580/580 583/583 582/582
f 584/584 581/581 582/582
f 585/585 581/581 584/584
f 582/582 583/583 586/586
f 582/582 586/586 587/587
f 588/588 586/586 583/583
f 589/589 590/590 591/591
f 592/592 591/591 590/590
f 593/593 591/591 592/592
f 594/594 591/591 593/593
f 594/594 593/593 595/595
f 596/596 591/591 594/594
f 597/597 591/591 596/596
f 598/598 591/591 597/597
f 599/599 591/591 598/598
f 598/598 597/597 600/600
f 601/601 602/602 603/603
f 604/604 603/603 602/602
f 605/605 606/606 607/607
f 608/608 607/607 606/606
f 609/609 610/610 611/611
f 612/612 611/611 610/610
f 613/613 614/614 615/615
f 616/616 615/615 614/614
f 617/617 618/618 619/619
f 620/620 619/619 618/618
f 621/621 622/622 623/623
f 624/624 623/623 622/622
f 625/625 626/626 627/627
f 628/628 627/627 626/626
f 629/629 630/630 631/631
f 632/632 631/631 630/630
f 633/633 634/634 635/635
f 636/636 635/635 634/634
f 637/637 638/638 639/639
f 640/640 639/639 638/638
f 641/641 642/642 643/643
f 644/644 643/643 642/642
f 645/645 646/646 647/647
f 648/648 647/647 646/646
f 649/649 650/650 651/651
f 652/652 651/651 650/650
f 653/653 652/652 650/650
f 654/654 653/653 650/650
f 655/655 654/654 650/650
f 656/656 655/655 650/650
f 657/657 656/656 650/650
f 658/658 657/657 650/650
f 659/659 658/658 650/650
f 660/660 659/659 650/650
f 661/661 660/660 650/650
f 662/662 661/661 650/650
f 663/663 664/664 665/665
f 666/666 665/665 664/664
f 667/667 665/665 666/666
f 668/668 665/665 667/667
f 669/669 665/665 668/668
f 670/670 665/665 669/669
f 671/671 665/665 670/670
f 672/672 665/665 671/671
f 673/673 665/665 672/672
f 674/674 665/665 673/673
f 675/675 665/665 674/674
f 676/676 665/665 675/675
f 677/677 678/678 679/679
f 680/680 679/679 678/678
f 681/681 679/679 680/680
f 682/682 679/679 681/681
f 683/683 682/682 681/681
f 684/684 682/682 683/683
f 685/685 684/684 683/683
f 686/686 685/685 683/683
f 687/687 685/685 686/686
f 688/688 687/687 686/686
f 689/689 688/688 686/686
f 690/690 688/688 689/689
f 691/691 690/690 689/689
f 692/692 690/690 691/691
f 693/693 692/692 691/691
f 694/694 692/692 693/693
f 695/695 694/694 693/693
f 696/696 694/694 695/695
f 697/697 696/696 695/695
f 698/698 696/696 697/697
f 699/699 698/698 697/697
f 700/700 698/698 699/699
f 701/701 700/700 699/699
f 702/702 700/700 701/701
f 703/703 704/704 705/705
f 706/706 705/705 704/704
f 705/705 706/706 707/707
f 707/707 706/706 708/708
f 706/706 709/709 708/708
f 710/710 707/707 708/708
f 711/711 707/707 710/710
f 708/708 709/709 712/712
f 708/708 712/712 713/713
f 714/714 712/712 709/709
f 715/715 716/716 717/717
f 718/718 717/717 716/716
f 719/719 717/717 718/718
f 720/720 717/717 719/719
f 720/720 719/719 721/721
f 722/722 717/717 720/720
f 723/723 717/717 722/722
f 724/724 717/717 723/723
f 725/725 717/717 724/724
f 724/724 723/723 726/726
f 727/727 728/728 729/729
f 730/730 729/729 728/728
f 731/731 732/732 733/733
f 734/734 733/733 732/732
f 735/735 736/736 737/737
f 738/738 737/737 736/736
f 739/739 740/740 741/741
f 742/742 741/741 740/740
f 743/743 744/744 745/745
f 746/746 745/745 744/744
f 747/747 748/748 749/749
f 750/750 749/749 748/748
f 751/751 752/752 753/753
f 754/754 753/753 752/752
f 755/755 756/756 757/757
f 758/758 757/757 756/756
f 759/759 760/760 761/761
f 762/762 761/761 760/760
f 763/763 764/764 765/765
f 766/766 765/765 764/764
f 767/767 768/768 769/769
f 770/770 769/769 768/768
f 771/771 772/772 773/773
f 774/774 773/773 772/772
f 775/775 776/776 777/777
f 778/778 777/777 776/776
f 779/779 778/778 776/776
f 780/780 779/779 776/776
f 781/781 780/780 776/776
f 782/782 781/781 776/776
f 783/783 782/782 776/776
f 784/784 783/783 776/776
f 785/785 784/784 776/776
f 786/786 785/785 776/776
f 787/787 786/786 776/776
f 788/788 787/787 776/776
f 789/789 790/790 791/791
f 792/792 791/791 790/790
f 793/793 791/791 792/792
f 794/794 791/791 793/793
f 795/795 791/791 794/794
f 796/796 791/791 795/795
f 797/797 791/791 796/796
f 798/798 791/791 797/797
f 799/799 791/791 798/798
f 800/800 791/791 799/799
f 801/801 791/791 800/800
f 802/802 791/791 801/801
f 803/803 804/804 805/805
f 806/806 805/805 804/804
f 807/807 805/805 806/806
f 808/808 805/805 807/807
f 809/809 808/808 807/807
f 810/810 808/808 809/809
f 811/811 810/810 809/809
f 812/812 811/811 809/809
f 813/813 811/811 812/812
f 814/814 813/813 812/812
f 815/815 814/814 812/812
f 816/816 814/814 815/815
f 817/817 816/816 815/815
f 818/818 816/816 817/817
f 819/819 818/818 817/817
f 820/820 818/818 819/819
f 821/821 820/820 819/819
f 822/822 820/820 821/821
f 823/823 822/822 821/821
f 824/824 822/822 823/823
f 825/825 824/824 823/823
f 826/826 824/824 825/825
f 827/827 826/826 825/825
f 828/828 826/826 827/827
f 829/829 830/830 831/831
f 832/832 831/831 830/830
f 831/831 832/832 833/833
f 833/833 832/832 834/834
f 832/832 835/835 834/834
f 836/836 833/833 834/834
f 837/837 833/833 836/836
f 834/834 835/835 838/838
f 834/834 838/838 839/839
f 840/840 838/838 835/835
f 841/841 842/842 843/843
f 844/844 843/843 842/842
f 845/845 843/843 844/844
f 846/846 843/843 845/845
f 846/846 845/845 847/847
f 848/848 843/843 846/846
f 849/849 843/843 848/848
f 850/850 843/843 849/849
f 851/851 843/843 850/850
f 850/850 849/849 852/852
f 853/853 854/854 855/855
f 856/856 855/855 854/854
f 857/857 858/858 859/859
f 860/860 859/859 858/858
f 861/861 862/862 863/863
f 864/864 863/863 862/862
f 865/865 866/866 867/867
f 868/868 867/867 866/866
f 869/869 870/870 871/871
f 872/872 871/871 870/870
f 873/873 874/874 875/875
f 876/876 875/875 874/874
f 877/877 878/878 879/879
f 880/880 879/879 878/878
f 881/881 882/882 883/883
f 884/884 883/883 882/882
f 885/885 886/886 887/887
f 888/888 887/887 886/886
f 889/889 890/890 891/891
f 892/892 891/891 890/890
f 893/893 894/894 895/895
f 896/896 895/895 894/894
f 897/897 898/898 899/899
f 900/900 899/899 898/898
f 901/901 902/902 903/903
f 904/904 903/903 902/902
f 905/905 904/904 902/902
f 906/906 905/905 902/902
f 907/907 906/906 902/902
f 908/908 907/907 902/902
f 909/909 908/908 902/902
f 910/910 909/909 902/902
f 911/911 910/910 902/902
f 912/912 911/911 902/902
f 913/913 912/912 902/902
f 914/914 913/913 902/902
f 915/915 916/916 917/917
f 918/918 917/917 916/916
f 919/919 917/917 918/918
f 920/920 917/917 919/919
f 921/921 917/917 920/920
f 922/922 917/917 921/921
f 923/923 917/917 922/922
f 924/924 917/917 923/923
f 925/925 917/917 924/924
f 926/926 917/917 925/925
f 927/927 917/917 926/926
f 928/928 917/917 927/927
f 929/929 930/930 931/931
f 932/932 931/931 930/930
f 933/933 931/931 932/932
f 934/934 931/931 933/933
f 935/935 934/934 933/933
f 936/936 934/934 935/935
f 937/937 936/936 935/935
f 938/938 937/937 935/935
f 939/939 937/937 938/938
f 940/940 939/939 938/938
f 941/941 940/940 938/938
f 942/942 940/940 941/941
f 943/943 942/942 941/941
f 944/944 942/942 943/943
f 945/945 944/944 943/943
f 946/946 944/944 945/945
f 947/947 946/946 945/945
f 948/948 946/946 947/947
f 949/949 948/948 947/947
f 950/950 948/948 949/949
f 951/951 950/950 949/949
f 952/952 950/950 951/951
f 953/953 952/952 951/951
f 954/954 952/952 953/953
f 955/955 956/956 957/957
f 958/958 957/957 956/956
f 957/957 958/958 959/959
f 959/959 958/958 960/960
f 958/958 961/961 960/960
f 962/962 959/959 960/960
f 963/963 959/959 962/962
f 960/960 961/961 964/964
f 960/960 964/964 965/965
f 966/966 964/964 961/961
f 967/967 968/968 969/969
f 970/970 969/969 968/968
f 971/971 969/969 970/970
f 972/972 969/969 971/971
f 972/972 971/971 973/973
f 974/974 969/969 972/972
f 975/975 969/969 974/974
f 976/976 969/969 975/975
f 977/977 969/969 976/976
f 976/976 975/975 978/978
f 979/979 980/980 981/981
f 982/982 981/981 980/980
f 983/983 984/984 985/985
f 986/986 985/985 984/984
f 987/987 988/988 989/989
f 990/990 989/989 988/988
f 991/991 992/992 993/993
f 994/994 993/993 992/992
f 995/995 996/996 997/997
f 998/998 997/997 996/996
f 999/999 1000/1000 1001/1001
f 1002/1002 1001/1001 1000/1000
f 1003/1003 1004/1004 1005/1005
f 1006/1006 1005/1005 1004/1004
f 1007/1007 1008/1008 1009/1009
f 1010/1010 1009/1009 1008/1008
f 1011/1011 1012/1012 1013/1013
f 1014/1014 1013/1013 1012/1012
f 1015/1015 1016/1016 1017/1017
f 1018/1018 1017/1017 1016/1016
f 1019/1019 1020/1020 1021/1021
f 1022/1022 1021/1021 1020/1020
f 1023/1023 1024/1024 1025/1025
f 1026/1026 1025/1025 1024/1024
f 1027/1027 1028/1028 1029/1029
f 1030/1030 1029/1029 1028/1028
f 1031/1031 1030/1030 1028/1028
f 1032/1032 1031/1031 1028/1028
f 1033/1033 1032/1032 1028/1028
f 1034/1034 1033/1033 1028/1028
f 1035/1035 1034/1034 1028/1028
f 1036/1036 1035/1035 1028/1028
f 1037/1037 1036/1036 1028/1028
f 1038/1038 1037/1037 1028/1028
f 1039/1039 1038/1038 1028/1028
f 1040/1040 1039/1039 1028/1028
f 1041/1041 1042/1042 1043/1043
f 1044/1044 1045/1045 1046/1046
f 1047/1047 1048/1048 1049/1049
f 1050/1050 1049/1049 1048/1048
f 1051/1051 1052/1052 1053/1053
f 1054/1054 1053/1053 1052/1052
f 1055/1055 1056/1056 1057/1057
f 1058/1058 1057/1057 1056/1056
f 1059/1059 1060/1060 1061/1061
f 1062/1062 1059/1059 1061/1061
f 1063/1063 1064/1064 1065/1065
f 1064/1064 1066/1066 1065/1065
f 1067/1067 1065/1065 1066/1066
f 1065/1065 1067/1067 1068/1068
f 1069/1069 1068/1068 1067/1067
f 1070/1070 1068/1068 1069/1069
f 1071/1071 1072/1072 1073/1073
f 1074/1074 1073/1073 1072/1072
f 1075/1075 1073/1073 1074/1074
f 1076/1076 1073/1073 1075/1075
f 1077/1077 1073/1073 1076/1076
f 1078/1078 1073/1073 1077/1077
f 1079/1079 1073/1073 1078/1078
f 1080/1080 1073/1073 1079/1079
f 1081/1081 1073/1073 1080/1080
f 1082/1082 1073/1073 1081/1081
f 1083/1083 1073/1073 1082/1082
f 1084/1084 1073/1073 1083/1083
f 1085/1085 1086/1086 1087/1087
f 1088/1088 1087/1087 1086/1086
f 1089/1089 1087/1087 1088/1088
f 1090/1090 1087/1087 1089/1089
f 1091/1091 1090/1090 1089/1089
f 1092/1092 1090/1090 1091/1091
f 1093/1093 1092/1092 1091/1091
f 1094/1094 1093/1093 1091/1091
f 1095/1095 1093/1093 1094/1094
f 1096/1096 1095/1095 1094/1094
f 1097/1097 1096/1096 1094/1094
f 1098/1098 1096/1096 1097/1097
f 1099/1099 1098/1098 1097/1097
f 1100/1100 1098/1098 1099/1099
f 1101/1101 1100/1100 1099/1099
f 1102/1102 1100/1100 1101/1101
f 1103/1103 1102/1102 1101/1101
f 1104/1104 1102/1102 1103/1103
f 1105/1105 1104/1104 1103/1103
f 1106/1106 1104/1104 1105/1105
f 1107/1107 1106/1106 1105/1105
f 1108/1108 1106/1106 1107/1107
f 1109/1109 1108/1108 1107/1107
f 1110/1110 1108/1108 1109/1109
f 1111/1111 1112/1112 1113/1113
f 1114/1114 1113/1113 1112/1112
f 1113/1113 1114/1114 1115/1115
f 1115/1115 1114/1114 1116/1116
f 1114/1114 1117/1117 1116/1116
f 1118/1118 1115/1115 1116/1116
f 1119/1119 1115/1115 1118/1118
f 1116/1116 1117/1117 1120/1120
f 1116/1116 1120/1120 1121/1121
f 1122/1122 1120/1120 1117/1117
f 1123/1123 1124/1124 1125/1125
f 1126/1126 1125/1125 1124/1124
f 1127/1127 1125/1125 1126/1126
f 1128/1128 1125/1125 1127/1127
f 1128/1128 1127/1127 1129/1129
f 1130/1130 1125/1125 1128/1128
f 1131/1131 1125/1125 1130/1130
f 1132/1132 1125/1125 1131/1131
f 1133/1133 1125/1125 1132/1132
f 1132/1132 1131/1131 1134/1134
f 1135/1135 1136/1136 1137/1137
f 1138/1138 1137/1137 1136/1136
f 1139/1139 1140/1140 1141/1141
f 1142/1142 1141/1141 1140/1140
f 1143/1143 1144/1144 1145/1145
f 1146/1146 1145/1145 1144/1144
f 1147/1147 1148/1148 1149/1149
f 1150/1150 1149/1149 1148/1148
f 1151/1151 1152/1152 1153/1153
f 1154/1154 1153/1153 1152/1152
f 1155/1155 1156/1156 1157/1157
f 1158/1158 1157/1157 1156/1156
f 1159/1159 1160/1160 1161/1161
f 1162/1162 1161/1161 1160/1160
f 1163/1163 1164/1164 1165/1165
f 1166/1166 1165/1165 1164/1164
f 1167/1167 1168/1168 1169/1169
f 1170/1170 1169/1169 1168/1168
f 1171/1171 1172/1172 1173/1173
f 1174/1174 1173/1173 1172/1172
f 1175/1175 1176/1176 1177/1177
f 1178/1178 1177/1177 1176/1176
f 1179/1179 1180/1180 1181/1181
f 1182/1182 1181/1181 1180/1180
f 1183/1183 1184/1184 1185/1185
f 1186/1186 1185/1185 1184/1184
f 1187/1187 1186/1186 1184/1184
f 1188/1188 1187/1187 1184/1184
f 1189/1189 1188/1188 1184/1184
f 1190/1190 1189/1189 1184/1184
f 1191/1191 1190/1190 1184/1184
f 1192/1192 1191/1191 1184/1184
f 1193/1193 1192/1192 1184/1184
f 1194/1194 1193/1193 1184/1184
f 1195/1195 1194/1194 1184/1184
f 1196/1196 1195/1195 1184/1184
