v 4.176801 0.003324032 -5.000521
v 4.176801 0.003324032 4.999479
v 4.997915 0.003324032 -5.000521
v 4.997915 0.003324032 4.999479
v -5.002085 0.003324032 -5.000521
v -5.002085 0.003324032 4.999479
v -4.18097 0.003324032 -5.000521
v -4.18097 0.003324032 4.999479
v -5.002085 -1.071945 4.999479
v 4.997915 -1.071945 4.999479
v -5.002085 0.003324032 4.999479
v 4.997915 0.003324032 4.999479
v -4.18097 0.003324032 4.999479
v -5.002085 0.003324032 4.999479
v 4.997915 0.003324032 4.999479
v 4.176801 0.003324032 4.999479
v -3.457608 0.1988273 4.999479
v -4.18097 0.1988273 4.999479
v -3.457608 0.1010756 4.999479
v -4.18097 0.003324032 4.999479
v 4.176801 0.003324032 4.999479
v 3.453438 0.1010756 4.999479
v 4.176801 0.1988273 4.999479
v 3.453438 0.1988273 4.999479
v -5.002085 0.003324032 -5.000521
v -5.002085 -1.071945 -5.000521
v -5.002085 0.003324032 4.999479
v -5.002085 -1.071945 4.999479
v 4.997915 -1.071945 -5.000521
v 4.499382 -1.071945 -5.000521
v 4.997915 0.003324032 -5.000521
v -4.503551 -1.071945 -5.000521
v -5.002085 -1.071945 -5.000521
v -5.002085 0.003324032 -5.000521
v 4.176801 0.003324032 -5.000521
v 4.997915 0.003324032 -5.000521
v -5.002085 0.003324032 -5.000521
v -4.18097 0.003324032 -5.000521
v 3.453438 0.1988273 -5.000521
v 4.176801 0.1988273 -5.000521
v 3.453438 0.1010756 -5.000521
v 4.176801 0.003324032 -5.000521
v -4.18097 0.003324032 -5.000521
v -3.457608 0.1010756 -5.000521
v -4.18097 0.1988273 -5.000521
v -3.457608 0.1988273 -5.000521
v 4.997915 -1.071945 -5.000521
v 4.997915 0.003324032 -5.000521
v 4.997915 -1.071945 4.999479
v 4.997915 0.003324032 4.999479
v -5.002085 -1.071945 4.999479
v -5.002085 -1.071945 -5.000521
v 4.997915 -1.071945 4.999479
v -4.503551 -1.071945 -5.000521
v 4.499382 -1.071945 -5.000521
v 4.997915 -1.071945 -5.000521
v 4.176801 0.003324032 -5.000521
v 4.176801 0.003324032 4.999479
v 4.997915 0.003324032 -5.000521
v 4.997915 0.003324032 4.999479
v -5.002085 0.003324032 -5.000521
v -5.002085 0.003324032 4.999479
v -4.18097 0.003324032 -5.000521
v -4.18097 0.003324032 4.999479
v -5.002085 -1.071945 4.999479
v 4.997915 -1.071945 4.999479
v -5.002085 0.003324032 4.999479
v 4.997915 0.003324032 4.999479
v -4.18097 0.003324032 4.999479
v -5.002085 0.003324032 4.999479
v 4.997915 0.003324032 4.999479
v 4.176801 0.003324032 4.999479
v -3.457608 0.1988273 4.999479
v -4.18097 0.1988273 4.999479
v -3.457608 0.1010756 4.999479
v -4.18097 0.003324032 4.999479
v 4.176801 0.003324032 4.999479
v 3.453438 0.1010756 4.999479
v 4.176801 0.1988273 4.999479
v 3.453438 0.1988273 4.999479
v -5.002085 0.003324032 -5.000521
v -5.002085 -1.071945 -5.000521
v -5.002085 0.003324032 4.999479
v -5.002085 -1.071945 4.999479
v 4.997915 -1.071945 -5.000521
v 4.499382 -1.071945 -5.000521
v 4.997915 0.003324032 -5.000521
v -4.503551 -1.071945 -5.000521
v -5.002085 -1.071945 -5.000521
v -5.002085 0.003324032 -5.000521
v 4.176801 0.003324032 -5.000521
v 4.997915 0.003324032 -5.000521
v -5.002085 0.003324032 -5.000521
v -4.18097 0.003324032 -5.000521
v 3.453438 0.1988273 -5.000521
v 4.176801 0.1988273 -5.000521
v 3.453438 0.1010756 -5.000521
v 4.176801 0.003324032 -5.000521
v -4.18097 0.003324032 -5.000521
v -3.457608 0.1010756 -5.000521
v -4.18097 0.1988273 -5.000521
v -3.457608 0.1988273 -5.000521
v 4.997915 -1.071945 -5.000521
v 4.997915 0.003324032 -5.000521
v 4.997915 -1.071945 4.999479
v 4.997915 0.003324032 4.999479
v -5.002085 -1.071945 4.999479
v -5.002085 -1.071945 -5.000521
v 4.997915 -1.071945 4.999479
v -4.503551 -1.071945 -5.000521
v 4.499382 -1.071945 -5.000521
v 4.997915 -1.071945 -5.000521
v 4.176801 0.003324032 -5.000521
v 4.176801 0.003324032 4.999479
v 4.997915 0.003324032 -5.000521
v 4.997915 0.003324032 4.999479
v -5.002085 0.003324032 -5.000521
v -5.002085 0.003324032 4.999479
v -4.18097 0.003324032 -5.000521
v -4.18097 0.003324032 4.999479
v -5.002085 -1.071945 4.999479
v 4.997915 -1.071945 4.999479
v -5.002085 0.003324032 4.999479
v 4.997915 0.003324032 4.999479
v -4.18097 0.003324032 4.999479
v -5.002085 0.003324032 4.999479
v 4.997915 0.003324032 4.999479
v 4.176801 0.003324032 4.999479
v -3.457608 0.1988273 4.999479
v -4.18097 0.1988273 4.999479
v -3.457608 0.1010756 4.999479
v -4.18097 0.003324032 4.999479
v 4.176801 0.003324032 4.999479
v 3.453438 0.1010756 4.999479
v 4.176801 0.1988273 4.999479
v 3.453438 0.1988273 4.999479
v -5.002085 0.003324032 -5.000521
v -5.002085 -1.071945 -5.000521
v -5.002085 0.003324032 4.999479
v -5.002085 -1.071945 4.999479
v 4.997915 -1.071945 -5.000521
v 4.499382 -1.071945 -5.000521
v 4.997915 0.003324032 -5.000521
v -4.503551 -1.071945 -5.000521
v -5.002085 -1.071945 -5.000521
v -5.002085 0.003324032 -5.000521
v 4.176801 0.003324032 -5.000521
v 4.997915 0.003324032 -5.000521
v -5.002085 0.003324032 -5.000521
v -4.18097 0.003324032 -5.000521
v 3.453438 0.1988273 -5.000521
v 4.176801 0.1988273 -5.000521
v 3.453438 0.1010756 -5.000521
v 4.176801 0.003324032 -5.000521
v -4.18097 0.003324032 -5.000521
v -3.457608 0.1010756 -5.000521
v -4.18097 0.1988273 -5.000521
v -3.457608 0.1988273 -5.000521
v 4.997915 -1.071945 -5.000521
v 4.997915 0.003324032 -5.000521
v 4.997915 -1.071945 4.999479
v 4.997915 0.003324032 4.999479
v -5.002085 -1.071945 4.999479
v -5.002085 -1.071945 -5.000521
v 4.997915 -1.071945 4.999479
v -4.503551 -1.071945 -5.000521
v 4.499382 -1.071945 -5.000521
v 4.997915 -1.071945 -5.000521
v 4.176801 0.003324032 5
v 4.176801 0.003324032 15
v 4.997915 0.003324032 5
v 4.997915 0.003324032 15
v -5.002085 0.003324032 5
v -5.002085 0.003324032 15
v -4.18097 0.003324032 5
v -4.18097 0.003324032 15
v -5.002085 -1.071945 15
v 4.997915 -1.071945 15
v -5.002085 0.003324032 15
v 4.997915 0.003324032 15
v -4.18097 0.003324032 15
v -5.002085 0.003324032 15
v 4.997915 0.003324032 15
v 4.176801 0.003324032 15
v -3.457608 0.1988273 15
v -4.18097 0.1988273 15
v -3.457608 0.1010756 15
v -4.18097 0.003324032 15
v 4.176801 0.003324032 15
v 3.453438 0.1010756 15
v 4.176801 0.1988273 15
v 3.453438 0.1988273 15
v -5.002085 0.003324032 5
v -5.002085 -1.071945 5
v -5.002085 0.003324032 15
v -5.002085 -1.071945 15
v 4.997915 -1.071945 5
v 4.499382 -1.071945 5
v 4.997915 0.003324032 5
v -4.503551 -1.071945 5
v -5.002085 -1.071945 5
v -5.002085 0.003324032 5
v 4.176801 0.003324032 5
v 4.997915 0.003324032 5
v -5.002085 0.003324032 5
v -4.18097 0.003324032 5
v 3.453438 0.1988273 5
v 4.176801 0.1988273 5
v 3.453438 0.1010756 5
v 4.176801 0.003324032 5
v -4.18097 0.003324032 5
v -3.457608 0.1010756 5
v -4.18097 0.1988273 5
v -3.457608 0.1988273 5
v 4.997915 -1.071945 5
v 4.997915 0.003324032 5
v 4.997915 -1.071945 15
v 4.997915 0.003324032 15
v -5.002085 -1.071945 15
v -5.002085 -1.071945 5
v 4.997915 -1.071945 15
v -4.503551 -1.071945 5
v 4.499382 -1.071945 5
v 4.997915 -1.071945 5
v 4.183473 -1.192093E-07 15
v 4.190459 -1.192093E-07 15.10658
v 5 -1.192093E-07 15
v 4.211296 -1.192093E-07 15.21133
v 4.245628 -1.192093E-07 15.31247
v 4.292868 -1.192093E-07 15.40826
v 4.352206 -1.192093E-07 15.49707
v 4.422628 -1.192093E-07 15.57737
v 4.502931 -1.192093E-07 15.64779
v 4.591737 -1.192093E-07 15.70713
v 4.687529 -1.192093E-07 15.75437
v 4.788667 -1.192093E-07 15.7887
v 4.893422 -1.192093E-07 15.80954
v 5 -1.192093E-07 15.81653
v -5 -1.192093E-07 15
v -4.914449 -1.192093E-07 16.30526
v -4.183474 -1.192093E-07 15
v -4.659258 -1.192093E-07 17.58819
v -4.238795 -1.192093E-07 18.82683
v -4.104908 -1.192093E-07 16.19868
v -3.660254 -1.192093E-07 20
v -3.870555 -1.192093E-07 17.37686
v -3.484423 -1.192093E-07 18.51436
v -2.933533 -1.192093E-07 21.08761
v -2.953121 -1.192093E-07 19.59174
v -2.285739 -1.192093E-07 20.59054
v -2.071068 -1.192093E-07 22.07107
v -1.493697 -1.192093E-07 21.4937
v -1.087614 -1.192093E-07 22.93353
v -0.5905442 -1.192093E-07 22.28574
v 0 -1.192093E-07 23.66025
v 0.4082632 -1.192093E-07 22.95312
v 1.173166 -1.192093E-07 24.2388
v 1.485636 -1.192093E-07 23.48442
v 2.411809 -1.192093E-07 24.65926
v 2.623142 -1.192093E-07 23.87056
v 3.694737 -1.192093E-07 24.91445
v 3.801316 -1.192093E-07 24.10491
v 5 -1.192093E-07 25
v 5 -1.192093E-07 24.18347
v 3.451351 0.1999999 15
v 4.183473 0.1999999 15
v 3.451351 0.0999999 15
v 4.183473 -1.192093E-07 15
v -3.451351 0.0999999 15
v -4.183474 -1.192093E-07 15
v 5 -1.192093E-07 15
v -4.183474 0.1999999 15
v -3.451351 0.1999999 15
v -5 -1.066209 15
v -5 -1.192093E-07 15
v 5 -1.066209 15
v 5 -1.066209 15
v 5 -1.192093E-07 15
v 5 -1.066209 25
v 5 -1.192093E-07 15.81653
v 5 0.1999999 15.81653
v 5 0.0999999 16.54865
v 5 0.1999999 16.54865
v 5 0.0999999 23.45135
v 5 0.1999999 23.45135
v 5 -1.192093E-07 24.18347
v 5 -1.192093E-07 25
v 5 0.1999999 24.18347
v 3.694737 -1.066209 24.91445
v 5 -1.066209 25
v 3.694737 -1.192093E-07 24.91445
v 5 -1.192093E-07 25
v 2.411809 -1.066209 24.65926
v 3.694737 -1.066209 24.91445
v 2.411809 -1.192093E-07 24.65926
v 3.694737 -1.192093E-07 24.91445
v 1.173166 -1.066209 24.2388
v 2.411809 -1.066209 24.65926
v 1.173166 -1.192093E-07 24.2388
v 2.411809 -1.192093E-07 24.65926
v 0 -1.066209 23.66025
v 1.173166 -1.066209 24.2388
v 0 -1.192093E-07 23.66025
v 1.173166 -1.192093E-07 24.2388
v -1.087614 -1.066209 22.93353
v 0 -1.066209 23.66025
v -1.087614 -1.192093E-07 22.93353
v 0 -1.192093E-07 23.66025
v -2.071068 -1.066209 22.07107
v -1.087614 -1.066209 22.93353
v -2.071068 -1.192093E-07 22.07107
v -1.087614 -1.192093E-07 22.93353
v -2.933533 -1.192093E-07 21.08761
v -2.933533 -1.066209 21.08761
v -2.071068 -1.192093E-07 22.07107
v -2.071068 -1.066209 22.07107
v -3.660254 -1.192093E-07 20
v -3.660254 -1.066209 20
v -2.933533 -1.192093E-07 21.08761
v -2.933533 -1.066209 21.08761
v -4.238795 -1.192093E-07 18.82683
v -4.238795 -1.066209 18.82683
v -3.660254 -1.192093E-07 20
v -3.660254 -1.066209 20
v -4.659258 -1.192093E-07 17.58819
v -4.659258 -1.066209 17.58819
v -4.238795 -1.192093E-07 18.82683
v -4.238795 -1.066209 18.82683
v -4.914449 -1.192093E-07 16.30526
v -4.914449 -1.066209 16.30526
v -4.659258 -1.192093E-07 17.58819
v -4.659258 -1.066209 17.58819
v -5 -1.192093E-07 15
v -5 -1.066209 15
v -4.914449 -1.192093E-07 16.30526
v -4.914449 -1.066209 16.30526
v -5 -1.066209 15
v 5 -1.066209 15
v -4.914449 -1.066209 16.30526
v -4.659258 -1.066209 17.58819
v -4.238795 -1.066209 18.82683
v -3.660254 -1.066209 20
v -2.933533 -1.066209 21.08761
v -2.071068 -1.066209 22.07107
v -1.087614 -1.066209 22.93353
v 0 -1.066209 23.66025
v 1.173166 -1.066209 24.2388
v 2.411809 -1.066209 24.65926
v 3.694737 -1.066209 24.91445
v 5 -1.066209 25
v 4.999997 -1.192093E-07 15.81653
v 5.106575 -1.192093E-07 15.80954
v 4.999996 -1.192093E-07 15
v 5.211329 -1.192093E-07 15.78871
v 5.312468 -1.192093E-07 15.75437
v 5.408259 -1.192093E-07 15.70713
v 5.497066 -1.192093E-07 15.6478
v 5.577368 -1.192093E-07 15.57737
v 5.64779 -1.192093E-07 15.49707
v 5.707129 -1.192093E-07 15.40826
v 5.754368 -1.192093E-07 15.31247
v 5.7887 -1.192093E-07 15.21133
v 5.809537 -1.192093E-07 15.10658
v 5.816523 -1.192093E-07 15
v 5.000004 -1.192093E-07 25
v 6.305266 -1.192093E-07 24.91445
v 5.000004 -1.192093E-07 24.18348
v 7.588195 -1.192093E-07 24.65926
v 8.826838 -1.192093E-07 24.23879
v 6.198688 -1.192093E-07 24.10491
v 10 -1.192093E-07 23.66025
v 7.376862 -1.192093E-07 23.87056
v 8.514366 -1.192093E-07 23.48442
v 11.08762 -1.192093E-07 22.93353
v 9.591738 -1.192093E-07 22.95312
v 10.59055 -1.192093E-07 22.28574
v 12.07107 -1.192093E-07 22.07106
v 11.4937 -1.192093E-07 21.49369
v 12.93353 -1.192093E-07 21.08761
v 12.28574 -1.192093E-07 20.59054
v 13.66025 -1.192093E-07 19.99999
v 12.95312 -1.192093E-07 19.59173
v 14.23879 -1.192093E-07 18.82683
v 13.48442 -1.192093E-07 18.51436
v 14.65926 -1.192093E-07 17.58818
v 13.87055 -1.192093E-07 17.37685
v 14.91445 -1.192093E-07 16.30526
v 14.1049 -1.192093E-07 16.19868
v 15 -1.192093E-07 14.99999
v 14.18347 -1.192093E-07 14.99999
v 4.999997 0.1999999 16.54865
v 4.999997 0.1999999 15.81653
v 4.999997 0.0999999 16.54865
v 4.999997 -1.192093E-07 15.81653
v 5.000003 0.0999999 23.45135
v 5.000004 -1.192093E-07 24.18348
v 4.999996 -1.192093E-07 15
v 5.000004 0.1999999 24.18348
v 5.000003 0.1999999 23.45135
v 5.000004 -1.066209 25
v 5.000004 -1.192093E-07 25
v 4.999996 -1.066209 15
v 4.999996 -1.066209 15
v 4.999996 -1.192093E-07 15
v 15 -1.066209 14.99999
v 5.816523 -1.192093E-07 15
v 5.816523 0.1999999 15
v 6.548645 0.0999999 15
v 6.548645 0.1999999 15
v 13.45135 0.0999999 15
v 13.45135 0.1999999 15
v 14.18347 -1.192093E-07 14.99999
v 15 -1.192093E-07 14.99999
v 14.18347 0.1999999 14.99999
v 14.91445 -1.066209 16.30526
v 15 -1.066209 14.99999
v 14.91445 -1.192093E-07 16.30526
v 15 -1.192093E-07 14.99999
v 14.65926 -1.066209 17.58818
v 14.91445 -1.066209 16.30526
v 14.65926 -1.192093E-07 17.58818
v 14.91445 -1.192093E-07 16.30526
v 14.23879 -1.066209 18.82683
v 14.65926 -1.066209 17.58818
v 14.23879 -1.192093E-07 18.82683
v 14.65926 -1.192093E-07 17.58818
v 13.66025 -1.066209 19.99999
v 14.23879 -1.066209 18.82683
v 13.66025 -1.192093E-07 19.99999
v 14.23879 -1.192093E-07 18.82683
v 12.93353 -1.066209 21.08761
v 13.66025 -1.066209 19.99999
v 12.93353 -1.192093E-07 21.08761
v 13.66025 -1.192093E-07 19.99999
v 12.07107 -1.066209 22.07106
v 12.93353 -1.066209 21.08761
v 12.07107 -1.192093E-07 22.07106
v 12.93353 -1.192093E-07 21.08761
v 11.08762 -1.192093E-07 22.93353
v 11.08762 -1.066209 22.93353
v 12.07107 -1.192093E-07 22.07106
v 12.07107 -1.066209 22.07106
v 10 -1.192093E-07 23.66025
v 10 -1.066209 23.66025
v 11.08762 -1.192093E-07 22.93353
v 11.08762 -1.066209 22.93353
v 8.826838 -1.192093E-07 24.23879
v 8.826838 -1.066209 24.23879
v 10 -1.192093E-07 23.66025
v 10 -1.066209 23.66025
v 7.588195 -1.192093E-07 24.65926
v 7.588195 -1.066209 24.65926
v 8.826838 -1.192093E-07 24.23879
v 8.826838 -1.066209 24.23879
v 6.305266 -1.192093E-07 24.91445
v 6.305266 -1.066209 24.91445
v 7.588195 -1.192093E-07 24.65926
v 7.588195 -1.066209 24.65926
v 5.000004 -1.192093E-07 25
v 5.000004 -1.066209 25
v 6.305266 -1.192093E-07 24.91445
v 6.305266 -1.066209 24.91445
v 5.000004 -1.066209 25
v 4.999996 -1.066209 15
v 6.305266 -1.066209 24.91445
v 7.588195 -1.066209 24.65926
v 8.826838 -1.066209 24.23879
v 10 -1.066209 23.66025
v 11.08762 -1.066209 22.93353
v 12.07107 -1.066209 22.07106
v 12.93353 -1.066209 21.08761
v 13.66025 -1.066209 19.99999
v 14.23879 -1.066209 18.82683
v 14.65926 -1.066209 17.58818
v 14.91445 -1.066209 16.30526
v 15 -1.066209 14.99999
v 5.823196 0.004366398 15
v 5.823181 0.004366398 5.000005
v 5.002082 0.004366398 15.00001
v 5.002067 0.004366398 5.000006
v 15.00208 0.004366398 14.99999
v 15.00207 0.004366398 4.99999
v 14.18097 0.004366398 14.99999
v 14.18095 0.004366398 4.999991
v 15.00207 -1.070902 4.99999
v 5.002067 -1.070902 5.000006
v 15.00207 0.004366398 4.99999
v 5.002067 0.004366398 5.000006
v 14.18095 0.004366398 4.999991
v 15.00207 0.004366398 4.99999
v 5.002067 0.004366398 5.000006
v 5.823181 0.004366398 5.000005
v 13.45759 0.1998696 4.999993
v 14.18095 0.1998696 4.999991
v 13.45759 0.102118 4.999993
v 14.18095 0.004366398 4.999991
v 5.823181 0.004366398 5.000005
v 6.546544 0.102118 5.000004
v 5.823181 0.1998696 5.000005
v 6.546544 0.1998696 5.000004
v 15.00208 0.004366398 14.99999
v 15.00208 -1.070902 14.99999
v 15.00207 0.004366398 4.99999
v 15.00207 -1.070902 4.99999
v 5.002082 -1.070902 15.00001
v 5.500615 -1.070902 15
v 5.002082 0.004366398 15.00001
v 14.50355 -1.070902 14.99999
v 15.00208 -1.070902 14.99999
v 15.00208 0.004366398 14.99999
v 5.823196 0.004366398 15
v 5.002082 0.004366398 15.00001
v 15.00208 0.004366398 14.99999
v 14.18097 0.004366398 14.99999
v 6.546559 0.1998696 15
v 5.823196 0.1998696 15
v 6.546559 0.102118 15
v 5.823196 0.004366398 15
v 14.18097 0.004366398 14.99999
v 13.45761 0.102118 14.99999
v 14.18097 0.1998696 14.99999
v 13.45761 0.1998696 14.99999
v 5.002082 -1.070902 15.00001
v 5.002082 0.004366398 15.00001
v 5.002067 -1.070902 5.000006
v 5.002067 0.004366398 5.000006
v 15.00207 -1.070902 4.99999
v 15.00208 -1.070902 14.99999
v 5.002067 -1.070902 5.000006
v 14.50355 -1.070902 14.99999
v 5.500615 -1.070902 15
v 5.002082 -1.070902 15.00001
v 4.999967 0 -4.999994
v 4.999982 0 5.000006
v 4.999967 2.502444 -4.999994
v 14.99997 2.502444 -5.00001
v 14.99998 0 4.99999
v 14.99997 0 -5.00001
v 5.821096 0 5.000004
v 5.821081 2.502444 -4.999995
v 4.999982 0 5.000006
v 4.999967 2.502444 -4.999994
v 14.99998 0 4.99999
v 14.99997 2.502444 -5.00001
v 14.17887 0 4.999992
v 14.17885 2.502444 -5.000009
v 14.99997 0 -5.00001
v 4.999967 0 -4.999994
v 14.99997 2.502444 -5.00001
v 4.999967 2.502444 -4.999994
v 14.17885 2.502444 -5.000009
v 14.99997 2.502444 -5.00001
v 4.999967 2.502444 -4.999994
v 5.821081 2.502444 -4.999995
v 13.45549 2.697947 -5.000008
v 14.17885 2.697947 -5.000009
v 13.45549 2.600195 -5.000008
v 14.17885 2.502444 -5.000009
v 5.821081 2.502444 -4.999995
v 6.544444 2.600195 -4.999997
v 5.821081 2.697947 -4.999995
v 6.544444 2.697947 -4.999997
v 14.99997 0 -5.00002
v 14.99994 0 -15.00002
v 14.99997 2.502444 -5.00002
v 4.999967 2.502444 -4.999994
v 4.999942 0 -14.99999
v 4.999967 0 -4.999994
v 14.17883 0 -15.00002
v 14.17885 2.502444 -5.000017
v 14.99994 0 -15.00002
v 14.99997 2.502444 -5.00002
v 4.999942 0 -14.99999
v 4.999967 2.502444 -4.999994
v 5.821056 0 -15
v 5.821082 2.502444 -4.999996
v 4.999967 0 -4.999994
v 14.99997 0 -5.00002
v 4.999967 2.502444 -4.999994
v 14.99997 2.502444 -5.00002
v 5.821082 2.502444 -4.999996
v 4.999967 2.502444 -4.999994
v 14.99997 2.502444 -5.00002
v 14.17885 2.502444 -5.000017
v 6.544444 2.697947 -4.999998
v 5.821082 2.697947 -4.999996
v 6.544444 2.600195 -4.999998
v 5.821082 2.502444 -4.999996
v 14.17885 2.502444 -5.000017
v 13.45549 2.600195 -5.000015
v 14.17885 2.697947 -5.000017
v 13.45549 2.697947 -5.000015
v 14.99995 -2.5 -15.00002
v 14.99993 -2.5 -25.00002
v 14.99995 0.00244379 -15.00002
v 4.999952 0.00244379 -14.99999
v 4.999927 -2.5 -24.99999
v 4.999952 -2.5 -14.99999
v 14.17881 -2.5 -25.00002
v 14.17884 0.00244379 -15.00002
v 14.99993 -2.5 -25.00002
v 14.99995 0.00244379 -15.00002
v 4.999927 -2.5 -24.99999
v 4.999952 0.00244379 -14.99999
v 5.821041 -2.5 -25
v 5.821066 0.00244379 -15
v 4.999952 -2.5 -14.99999
v 14.99995 -2.5 -15.00002
v 4.999952 0.00244379 -14.99999
v 14.99995 0.00244379 -15.00002
v 5.821066 0.00244379 -15
v 4.999952 0.00244379 -14.99999
v 14.99995 0.00244379 -15.00002
v 14.17884 0.00244379 -15.00002
v 6.544429 0.1979473 -15
v 5.821066 0.1979473 -15
v 6.544429 0.1001954 -15
v 5.821066 0.00244379 -15
v 14.17884 0.00244379 -15.00002
v 13.45547 0.1001954 -15.00002
v 14.17884 0.1979473 -15.00002
v 13.45547 0.1979473 -15.00002
v 14.99991 -2.5 -25.81654
v 14.89333 -2.5 -25.80955
v 14.99991 -2.5 -25.00001
v 14.78858 -2.5 -25.78871
v 14.68744 -2.5 -25.75438
v 14.59164 -2.5 -25.70714
v 14.50284 -2.5 -25.6478
v 14.42254 -2.5 -25.57738
v 14.35211 -2.5 -25.49708
v 14.29278 -2.5 -25.40827
v 14.24553 -2.5 -25.31248
v 14.2112 -2.5 -25.21134
v 14.19037 -2.5 -25.10659
v 14.18338 -2.5 -25.00001
v 14.99992 -2.5 -35.00001
v 13.69466 -2.5 -34.91446
v 14.99992 -2.5 -34.18348
v 12.41173 -2.5 -34.65927
v 11.17309 -2.5 -34.23881
v 13.80124 -2.5 -34.10492
v 9.999919 -2.5 -33.66027
v 12.62306 -2.5 -33.87057
v 11.48556 -2.5 -33.48444
v 8.912304 -2.5 -32.93355
v 10.40818 -2.5 -32.95314
v 9.409372 -2.5 -32.28576
v 7.928849 -2.5 -32.07109
v 8.506219 -2.5 -31.49371
v 7.066381 -2.5 -31.08763
v 7.714176 -2.5 -30.59056
v 6.339661 -2.5 -30.00002
v 7.046791 -2.5 -29.59175
v 5.761117 -2.5 -28.82685
v 6.515488 -2.5 -28.51438
v 5.340652 -2.5 -27.58821
v 6.129355 -2.5 -27.37688
v 5.08546 -2.5 -26.30528
v 5.895 -2.5 -26.1987
v 4.999907 -2.5 -25.00002
v 5.816434 -2.5 -25.00002
v 14.99991 -2.3 -26.54866
v 14.99991 -2.3 -25.81654
v 14.99991 -2.4 -26.54866
v 14.99991 -2.5 -25.81654
v 14.99992 -2.4 -33.45136
v 14.99992 -2.5 -34.18348
v 14.99991 -2.5 -25.00001
v 14.99992 -2.3 -34.18348
v 14.99992 -2.3 -33.45136
v 14.99992 -3.566209 -35.00001
v 14.99992 -2.5 -35.00001
v 14.99991 -3.566209 -25.00001
v 14.99991 -3.566209 -25.00001
v 14.99991 -2.5 -25.00001
v 4.999907 -3.566209 -25.00002
v 14.18338 -2.5 -25.00001
v 14.18338 -2.3 -25.00001
v 13.45126 -2.4 -25.00001
v 13.45126 -2.3 -25.00001
v 6.548555 -2.4 -25.00002
v 6.548555 -2.3 -25.00002
v 5.816434 -2.5 -25.00002
v 4.999907 -2.5 -25.00002
v 5.816434 -2.3 -25.00002
v 5.08546 -3.566209 -26.30528
v 4.999907 -3.566209 -25.00002
v 5.08546 -2.5 -26.30528
v 4.999907 -2.5 -25.00002
v 5.340652 -3.566209 -27.58821
v 5.08546 -3.566209 -26.30528
v 5.340652 -2.5 -27.58821
v 5.08546 -2.5 -26.30528
v 5.761117 -3.566209 -28.82685
v 5.340652 -3.566209 -27.58821
v 5.761117 -2.5 -28.82685
v 5.340652 -2.5 -27.58821
v 6.339661 -3.566209 -30.00002
v 5.761117 -3.566209 -28.82685
v 6.339661 -2.5 -30.00002
v 5.761117 -2.5 -28.82685
v 7.066381 -3.566209 -31.08763
v 6.339661 -3.566209 -30.00002
v 7.066381 -2.5 -31.08763
v 6.339661 -2.5 -30.00002
v 7.928849 -3.566209 -32.07109
v 7.066381 -3.566209 -31.08763
v 7.928849 -2.5 -32.07109
v 7.066381 -2.5 -31.08763
v 8.912304 -2.5 -32.93355
v 8.912304 -3.566209 -32.93355
v 7.928849 -2.5 -32.07109
v 7.928849 -3.566209 -32.07109
v 9.999919 -2.5 -33.66027
v 9.999919 -3.566209 -33.66027
v 8.912304 -2.5 -32.93355
v 8.912304 -3.566209 -32.93355
v 11.17309 -2.5 -34.23881
v 11.17309 -3.566209 -34.23881
v 9.999919 -2.5 -33.66027
v 9.999919 -3.566209 -33.66027
v 12.41173 -2.5 -34.65927
v 12.41173 -3.566209 -34.65927
v 11.17309 -2.5 -34.23881
v 11.17309 -3.566209 -34.23881
v 13.69466 -2.5 -34.91446
v 13.69466 -3.566209 -34.91446
v 12.41173 -2.5 -34.65927
v 12.41173 -3.566209 -34.65927
v 14.99992 -2.5 -35.00001
v 14.99992 -3.566209 -35.00001
v 13.69466 -2.5 -34.91446
v 13.69466 -3.566209 -34.91446
v 14.99992 -3.566209 -35.00001
v 14.99991 -3.566209 -25.00001
v 13.69466 -3.566209 -34.91446
v 12.41173 -3.566209 -34.65927
v 11.17309 -3.566209 -34.23881
v 9.999919 -3.566209 -33.66027
v 8.912304 -3.566209 -32.93355
v 7.928849 -3.566209 -32.07109
v 7.066381 -3.566209 -31.08763
v 6.339661 -3.566209 -30.00002
v 5.761117 -3.566209 -28.82685
v 5.340652 -3.566209 -27.58821
v 5.08546 -3.566209 -26.30528
v 4.999907 -3.566209 -25.00002
v 14.99992 -2.495133 -34.17885
v 24.99992 -2.495133 -34.17887
v 14.99992 -2.495133 -34.99997
v 24.99992 -2.495133 -34.99998
v 14.99994 -2.495133 -24.99997
v 24.99994 -2.495133 -24.99998
v 14.99993 -2.495133 -25.82108
v 24.99994 -2.495133 -25.8211
v 24.99994 -3.570402 -24.99998
v 24.99992 -3.570402 -34.99998
v 24.99994 -2.495133 -24.99998
v 24.99992 -2.495133 -34.99998
v 24.99994 -2.495133 -25.8211
v 24.99994 -2.495133 -24.99998
v 24.99992 -2.495133 -34.99998
v 24.99992 -2.495133 -34.17887
v 24.99993 -2.29963 -26.54446
v 24.99994 -2.29963 -25.8211
v 24.99993 -2.397382 -26.54446
v 24.99994 -2.495133 -25.8211
v 24.99992 -2.495133 -34.17887
v 24.99992 -2.397382 -33.45551
v 24.99992 -2.29963 -34.17887
v 24.99992 -2.29963 -33.45551
v 14.99994 -2.495133 -24.99997
v 14.99994 -3.570402 -24.99997
v 24.99994 -2.495133 -24.99998
v 24.99994 -3.570402 -24.99998
v 14.99992 -3.570402 -34.99997
v 14.99992 -3.570402 -34.50143
v 14.99992 -2.495133 -34.99997
v 14.99993 -3.570402 -25.4985
v 14.99994 -3.570402 -24.99997
v 14.99994 -2.495133 -24.99997
v 14.99992 -2.495133 -34.17885
v 14.99992 -2.495133 -34.99997
v 14.99994 -2.495133 -24.99997
v 14.99993 -2.495133 -25.82108
v 14.99992 -2.29963 -33.45549
v 14.99992 -2.29963 -34.17885
v 14.99992 -2.397382 -33.45549
v 14.99992 -2.495133 -34.17885
v 14.99993 -2.495133 -25.82108
v 14.99993 -2.397382 -26.54444
v 14.99993 -2.29963 -25.82108
v 14.99993 -2.29963 -26.54444
v 14.99992 -3.570402 -34.99997
v 14.99992 -2.495133 -34.99997
v 24.99992 -3.570402 -34.99998
v 24.99992 -2.495133 -34.99998
v 24.99994 -3.570402 -24.99998
v 14.99994 -3.570402 -24.99997
v 24.99992 -3.570402 -34.99998
v 14.99993 -3.570402 -25.4985
v 14.99992 -3.570402 -34.50143
v 14.99992 -3.570402 -34.99997
v 24.99992 -2.5 -34.1835
v 25.1065 -2.5 -34.19049
v 24.99992 -2.5 -35.00003
v 25.21125 -2.5 -34.21132
v 25.31239 -2.5 -34.24566
v 25.40818 -2.5 -34.2929
v 25.49699 -2.5 -34.35223
v 25.57729 -2.5 -34.42266
v 25.64771 -2.5 -34.50296
v 25.70705 -2.5 -34.59177
v 25.75429 -2.5 -34.68756
v 25.78862 -2.5 -34.7887
v 25.80946 -2.5 -34.89345
v 25.81644 -2.5 -35.00003
v 24.99994 -2.5 -25.00003
v 26.3052 -2.5 -25.08558
v 24.99993 -2.5 -25.81655
v 27.58813 -2.5 -25.34077
v 28.82677 -2.5 -25.76124
v 26.19862 -2.5 -25.89512
v 29.99993 -2.5 -26.33978
v 27.37679 -2.5 -26.12947
v 28.5143 -2.5 -26.51561
v 31.08755 -2.5 -27.0665
v 29.59167 -2.5 -27.04691
v 30.59048 -2.5 -27.7143
v 32.071 -2.5 -27.92897
v 31.49363 -2.5 -28.50634
v 32.93346 -2.5 -28.91243
v 32.28567 -2.5 -29.40949
v 33.66018 -2.5 -30.00004
v 32.95305 -2.5 -30.4083
v 34.23872 -2.5 -31.17321
v 33.48435 -2.5 -31.48568
v 34.65918 -2.5 -32.41185
v 33.87048 -2.5 -32.62318
v 34.91437 -2.5 -33.69478
v 34.10483 -2.5 -33.80136
v 34.99992 -2.5 -35.00005
v 34.18339 -2.5 -35.00004
v 24.99992 -2.3 -33.45138
v 24.99992 -2.3 -34.1835
v 24.99992 -2.4 -33.45138
v 24.99992 -2.5 -34.1835
v 24.99993 -2.4 -26.54868
v 24.99993 -2.5 -25.81655
v 24.99992 -2.5 -35.00003
v 24.99993 -2.3 -25.81655
v 24.99993 -2.3 -26.54868
v 24.99994 -3.566209 -25.00003
v 24.99994 -2.5 -25.00003
v 24.99992 -3.566209 -35.00003
v 24.99992 -3.566209 -35.00003
v 24.99992 -2.5 -35.00003
v 34.99992 -3.566209 -35.00005
v 25.81644 -2.5 -35.00003
v 25.81644 -2.3 -35.00003
v 26.54857 -2.4 -35.00003
v 26.54857 -2.3 -35.00003
v 33.45127 -2.4 -35.00004
v 33.45127 -2.3 -35.00004
v 34.18339 -2.5 -35.00004
v 34.99992 -2.5 -35.00005
v 34.18339 -2.3 -35.00004
v 34.91437 -3.566209 -33.69478
v 34.99992 -3.566209 -35.00005
v 34.91437 -2.5 -33.69478
v 34.99992 -2.5 -35.00005
v 34.65918 -3.566209 -32.41185
v 34.91437 -3.566209 -33.69478
v 34.65918 -2.5 -32.41185
v 34.91437 -2.5 -33.69478
v 34.23872 -3.566209 -31.17321
v 34.65918 -3.566209 -32.41185
v 34.23872 -2.5 -31.17321
v 34.65918 -2.5 -32.41185
v 33.66018 -3.566209 -30.00004
v 34.23872 -3.566209 -31.17321
v 33.66018 -2.5 -30.00004
v 34.23872 -2.5 -31.17321
v 32.93346 -3.566209 -28.91243
v 33.66018 -3.566209 -30.00004
v 32.93346 -2.5 -28.91243
v 33.66018 -2.5 -30.00004
v 32.071 -3.566209 -27.92897
v 32.93346 -3.566209 -28.91243
v 32.071 -2.5 -27.92897
v 32.93346 -2.5 -28.91243
v 31.08755 -2.5 -27.0665
v 31.08755 -3.566209 -27.0665
v 32.071 -2.5 -27.92897
v 32.071 -3.566209 -27.92897
v 29.99993 -2.5 -26.33978
v 29.99993 -3.566209 -26.33978
v 31.08755 -2.5 -27.0665
v 31.08755 -3.566209 -27.0665
v 28.82677 -2.5 -25.76124
v 28.82677 -3.566209 -25.76124
v 29.99993 -2.5 -26.33978
v 29.99993 -3.566209 -26.33978
v 27.58813 -2.5 -25.34077
v 27.58813 -3.566209 -25.34077
v 28.82677 -2.5 -25.76124
v 28.82677 -3.566209 -25.76124
v 26.3052 -2.5 -25.08558
v 26.3052 -3.566209 -25.08558
v 27.58813 -2.5 -25.34077
v 27.58813 -3.566209 -25.34077
v 24.99994 -2.5 -25.00003
v 24.99994 -3.566209 -25.00003
v 26.3052 -2.5 -25.08558
v 26.3052 -3.566209 -25.08558
v 24.99994 -3.566209 -25.00003
v 24.99992 -3.566209 -35.00003
v 26.3052 -3.566209 -25.08558
v 27.58813 -3.566209 -25.34077
v 28.82677 -3.566209 -25.76124
v 29.99993 -3.566209 -26.33978
v 31.08755 -3.566209 -27.0665
v 32.071 -3.566209 -27.92897
v 32.93346 -3.566209 -28.91243
v 33.66018 -3.566209 -30.00004
v 34.23872 -3.566209 -31.17321
v 34.65918 -3.566209 -32.41185
v 34.91437 -3.566209 -33.69478
v 34.99992 -3.566209 -35.00005
v 25.81645 -2.5 -35.00003
v 25.80946 -2.5 -35.10661
v 24.99992 -2.5 -35.00003
v 25.78862 -2.5 -35.21136
v 25.75429 -2.5 -35.3125
v 25.70705 -2.5 -35.40829
v 25.64771 -2.5 -35.4971
v 25.57729 -2.5 -35.5774
v 25.49699 -2.5 -35.64782
v 25.40818 -2.5 -35.70716
v 25.31239 -2.5 -35.7544
v 25.21125 -2.5 -35.78873
v 25.10649 -2.5 -35.80957
v 24.99992 -2.5 -35.81655
v 34.99992 -2.5 -35.00005
v 34.91437 -2.5 -36.30531
v 34.1834 -2.5 -35.00005
v 34.65917 -2.5 -37.58824
v 34.23871 -2.5 -38.82688
v 34.10482 -2.5 -36.19873
v 33.66016 -2.5 -40.00004
v 33.87047 -2.5 -37.3769
v 33.48434 -2.5 -38.5144
v 32.93344 -2.5 -41.08765
v 32.95303 -2.5 -39.59178
v 32.28565 -2.5 -40.59058
v 32.07097 -2.5 -42.07111
v 31.4936 -2.5 -41.49374
v 31.08752 -2.5 -42.93357
v 30.59045 -2.5 -42.28577
v 29.9999 -2.5 -43.66029
v 29.59164 -2.5 -42.95316
v 28.82674 -2.5 -44.23883
v 28.51427 -2.5 -43.48446
v 27.58809 -2.5 -44.65929
v 27.37676 -2.5 -43.87059
v 26.30516 -2.5 -44.91448
v 26.19859 -2.5 -44.10493
v 24.9999 -2.5 -45.00003
v 24.9999 -2.5 -44.1835
v 26.54857 -2.3 -35.00003
v 25.81645 -2.3 -35.00003
v 26.54857 -2.4 -35.00003
v 25.81645 -2.5 -35.00003
v 33.45127 -2.4 -35.00004
v 34.1834 -2.5 -35.00005
v 24.99992 -2.5 -35.00003
v 34.1834 -2.3 -35.00005
v 33.45127 -2.3 -35.00004
v 34.99992 -3.566209 -35.00005
v 34.99992 -2.5 -35.00005
v 24.99992 -3.566209 -35.00003
v 24.99992 -3.566209 -35.00003
v 24.99992 -2.5 -35.00003
v 24.9999 -3.566209 -45.00003
v 24.99992 -2.5 -35.81655
v 24.99992 -2.3 -35.81655
v 24.99992 -2.4 -36.54868
v 24.99992 -2.3 -36.54868
v 24.9999 -2.4 -43.45138
v 24.9999 -2.3 -43.45138
v 24.9999 -2.5 -44.1835
v 24.9999 -2.5 -45.00003
v 24.9999 -2.3 -44.1835
v 26.30516 -3.566209 -44.91448
v 24.9999 -3.566209 -45.00003
v 26.30516 -2.5 -44.91448
v 24.9999 -2.5 -45.00003
v 27.58809 -3.566209 -44.65929
v 26.30516 -3.566209 -44.91448
v 27.58809 -2.5 -44.65929
v 26.30516 -2.5 -44.91448
v 28.82674 -3.566209 -44.23883
v 27.58809 -3.566209 -44.65929
v 28.82674 -2.5 -44.23883
v 27.58809 -2.5 -44.65929
v 29.9999 -3.566209 -43.66029
v 28.82674 -3.566209 -44.23883
v 29.9999 -2.5 -43.66029
v 28.82674 -2.5 -44.23883
v 31.08752 -3.566209 -42.93357
v 29.9999 -3.566209 -43.66029
v 31.08752 -2.5 -42.93357
v 29.9999 -2.5 -43.66029
v 32.07097 -3.566209 -42.07111
v 31.08752 -3.566209 -42.93357
v 32.07097 -2.5 -42.07111
v 31.08752 -2.5 -42.93357
v 32.93344 -2.5 -41.08765
v 32.93344 -3.566209 -41.08765
v 32.07097 -2.5 -42.07111
v 32.07097 -3.566209 -42.07111
v 33.66016 -2.5 -40.00004
v 33.66016 -3.566209 -40.00004
v 32.93344 -2.5 -41.08765
v 32.93344 -3.566209 -41.08765
v 34.23871 -2.5 -38.82688
v 34.23871 -3.566209 -38.82688
v 33.66016 -2.5 -40.00004
v 33.66016 -3.566209 -40.00004
v 34.65917 -2.5 -37.58824
v 34.65917 -3.566209 -37.58824
v 34.23871 -2.5 -38.82688
v 34.23871 -3.566209 -38.82688
v 34.91437 -2.5 -36.30531
v 34.91437 -3.566209 -36.30531
v 34.65917 -2.5 -37.58824
v 34.65917 -3.566209 -37.58824
v 34.99992 -2.5 -35.00005
v 34.99992 -3.566209 -35.00005
v 34.91437 -2.5 -36.30531
v 34.91437 -3.566209 -36.30531
v 34.99992 -3.566209 -35.00005
v 24.99992 -3.566209 -35.00003
v 34.91437 -3.566209 -36.30531
v 34.65917 -3.566209 -37.58824
v 34.23871 -3.566209 -38.82688
v 33.66016 -3.566209 -40.00004
v 32.93344 -3.566209 -41.08765
v 32.07097 -3.566209 -42.07111
v 31.08752 -3.566209 -42.93357
v 29.9999 -3.566209 -43.66029
v 28.82674 -3.566209 -44.23883
v 27.58809 -3.566209 -44.65929
v 26.30516 -3.566209 -44.91448
v 24.9999 -3.566209 -45.00003
v 14.99993 -2.5 -34.99999
v 24.99993 -2.5 -35.00002
v 14.99993 0.00244379 -34.99999
v 14.99989 0.00244379 -44.99999
v 24.99989 -2.5 -45.00002
v 14.99989 -2.5 -44.99999
v 24.99992 -2.5 -35.82114
v 14.99992 0.00244379 -35.82111
v 24.99993 -2.5 -35.00002
v 14.99993 0.00244379 -34.99999
v 24.99989 -2.5 -45.00002
v 14.99989 0.00244379 -44.99999
v 24.99989 -2.5 -44.17891
v 14.9999 0.00244379 -44.17887
v 14.99989 -2.5 -44.99999
v 14.99993 -2.5 -34.99999
v 14.99989 0.00244379 -44.99999
v 14.99993 0.00244379 -34.99999
v 14.9999 0.00244379 -44.17887
v 14.99989 0.00244379 -44.99999
v 14.99993 0.00244379 -34.99999
v 14.99992 0.00244379 -35.82111
v 14.9999 0.1979473 -43.45551
v 14.9999 0.1979473 -44.17887
v 14.9999 0.1001954 -43.45551
v 14.9999 0.00244379 -44.17887
v 14.99992 0.00244379 -35.82111
v 14.99992 0.1001954 -36.54447
v 14.99992 0.1979473 -35.82111
v 14.99992 0.1979473 -36.54447
v 14.99997 0.00487709 -35.82111
v 4.999968 0.00487709 -35.82107
v 14.99997 0.00487709 -34.99999
v 4.99997 0.00487709 -34.99996
v 14.99993 0.00487709 -44.99999
v 4.999934 0.00487709 -44.99995
v 14.99994 0.00487709 -44.17888
v 4.999937 0.00487709 -44.17884
v 4.999934 -1.070392 -44.99995
v 4.99997 -1.070392 -34.99996
v 4.999934 0.00487709 -44.99995
v 4.99997 0.00487709 -34.99996
v 4.999937 0.00487709 -44.17884
v 4.999934 0.00487709 -44.99995
v 4.99997 0.00487709 -34.99996
v 4.999968 0.00487709 -35.82107
v 4.99994 0.2003803 -43.45548
v 4.999937 0.2003803 -44.17884
v 4.99994 0.1026287 -43.45548
v 4.999937 0.00487709 -44.17884
v 4.999968 0.00487709 -35.82107
v 4.999965 0.1026287 -36.54443
v 4.999968 0.2003803 -35.82107
v 4.999965 0.2003803 -36.54443
v 14.99993 0.00487709 -44.99999
v 14.99993 -1.070392 -44.99999
v 4.999934 0.00487709 -44.99995
v 4.999934 -1.070392 -44.99995
v 14.99997 -1.070392 -34.99999
v 14.99997 -1.070392 -35.49853
v 14.99997 0.00487709 -34.99999
v 14.99994 -1.070392 -44.50146
v 14.99993 -1.070392 -44.99999
v 14.99993 0.00487709 -44.99999
v 14.99997 0.00487709 -35.82111
v 14.99997 0.00487709 -34.99999
v 14.99993 0.00487709 -44.99999
v 14.99994 0.00487709 -44.17888
v 14.99996 0.2003803 -36.54447
v 14.99997 0.2003803 -35.82111
v 14.99996 0.1026287 -36.54447
v 14.99997 0.00487709 -35.82111
v 14.99994 0.00487709 -44.17888
v 14.99994 0.1026287 -43.45552
v 14.99994 0.2003803 -44.17888
v 14.99994 0.2003803 -43.45552
v 14.99997 -1.070392 -34.99999
v 14.99997 0.00487709 -34.99999
v 4.99997 -1.070392 -34.99996
v 4.99997 0.00487709 -34.99996
v 4.999934 -1.070392 -44.99995
v 14.99993 -1.070392 -44.99999
v 4.99997 -1.070392 -34.99996
v 14.99994 -1.070392 -44.50146
v 14.99997 -1.070392 -35.49853
v 14.99997 -1.070392 -34.99999
v 4.999902 -1.192093E-07 -35.81649
v 4.893324 -1.192093E-07 -35.8095
v 4.999905 -1.192093E-07 -34.99996
v 4.788569 -1.192093E-07 -35.78867
v 4.687431 -1.192093E-07 -35.75433
v 4.59164 -1.192093E-07 -35.70709
v 4.502833 -1.192093E-07 -35.64775
v 4.422532 -1.192093E-07 -35.57733
v 4.352109 -1.192093E-07 -35.49703
v 4.292771 -1.192093E-07 -35.40822
v 4.245532 -1.192093E-07 -35.31243
v 4.2112 -1.192093E-07 -35.21129
v 4.190364 -1.192093E-07 -35.10654
v 4.183378 -1.192093E-07 -34.99996
v 4.999871 -1.192093E-07 -44.99996
v 3.694609 -1.192093E-07 -44.91441
v 4.999874 -1.192093E-07 -44.18344
v 2.411681 -1.192093E-07 -44.65921
v 1.17304 -1.192093E-07 -44.23874
v 3.80119 -1.192093E-07 -44.10487
v -0.0001239777 -1.192093E-07 -43.6602
v 2.623017 -1.192093E-07 -43.87051
v 1.485513 -1.192093E-07 -43.48438
v -1.087736 -1.192093E-07 -42.93348
v 0.4081426 -1.192093E-07 -42.95307
v -0.5906639 -1.192093E-07 -42.28568
v -2.071187 -1.192093E-07 -42.07101
v -1.493814 -1.192093E-07 -41.49364
v -2.93365 -1.192093E-07 -41.08755
v -2.285853 -1.192093E-07 -40.59048
v -3.660365 -1.192093E-07 -39.99993
v -2.953232 -1.192093E-07 -39.59167
v -4.238903 -1.192093E-07 -38.82677
v -3.48453 -1.192093E-07 -38.5143
v -4.659361 -1.192093E-07 -37.58812
v -3.870657 -1.192093E-07 -37.37679
v -4.914547 -1.192093E-07 -36.30519
v -4.105007 -1.192093E-07 -36.19862
v -5.000094 -1.192093E-07 -34.99993
v -4.183567 -1.192093E-07 -34.99993
v 4.999899 0.1999999 -36.54861
v 4.999902 0.1999999 -35.81649
v 4.999899 0.0999999 -36.54861
v 4.999902 -1.192093E-07 -35.81649
v 4.999876 0.0999999 -43.45131
v 4.999874 -1.192093E-07 -44.18344
v 4.999905 -1.192093E-07 -34.99996
v 4.999874 0.1999999 -44.18344
v 4.999876 0.1999999 -43.45131
v 4.999871 -1.066209 -44.99996
v 4.999871 -1.192093E-07 -44.99996
v 4.999905 -1.066209 -34.99996
v 4.999905 -1.066209 -34.99996
v 4.999905 -1.192093E-07 -34.99996
v -5.000094 -1.066209 -34.99993
v 4.183378 -1.192093E-07 -34.99996
v 4.183378 0.1999999 -34.99996
v 3.451256 0.0999999 -34.99996
v 3.451256 0.1999999 -34.99996
v -3.451445 0.0999999 -34.99994
v -3.451445 0.1999999 -34.99994
v -4.183567 -1.192093E-07 -34.99993
v -5.000094 -1.192093E-07 -34.99993
v -4.183567 0.1999999 -34.99993
v -4.914547 -1.066209 -36.30519
v -5.000094 -1.066209 -34.99993
v -4.914547 -1.192093E-07 -36.30519
v -5.000094 -1.192093E-07 -34.99993
v -4.659361 -1.066209 -37.58812
v -4.914547 -1.066209 -36.30519
v -4.659361 -1.192093E-07 -37.58812
v -4.914547 -1.192093E-07 -36.30519
v -4.238903 -1.066209 -38.82677
v -4.659361 -1.066209 -37.58812
v -4.238903 -1.192093E-07 -38.82677
v -4.659361 -1.192093E-07 -37.58812
v -3.660365 -1.066209 -39.99993
v -4.238903 -1.066209 -38.82677
v -3.660365 -1.192093E-07 -39.99993
v -4.238903 -1.192093E-07 -38.82677
v -2.93365 -1.066209 -41.08755
v -3.660365 -1.066209 -39.99993
v -2.93365 -1.192093E-07 -41.08755
v -3.660365 -1.192093E-07 -39.99993
v -2.071187 -1.066209 -42.07101
v -2.93365 -1.066209 -41.08755
v -2.071187 -1.192093E-07 -42.07101
v -2.93365 -1.192093E-07 -41.08755
v -1.087736 -1.192093E-07 -42.93348
v -1.087736 -1.066209 -42.93348
v -2.071187 -1.192093E-07 -42.07101
v -2.071187 -1.066209 -42.07101
v -0.0001239777 -1.192093E-07 -43.6602
v -0.0001239777 -1.066209 -43.6602
v -1.087736 -1.192093E-07 -42.93348
v -1.087736 -1.066209 -42.93348
v 1.17304 -1.192093E-07 -44.23874
v 1.17304 -1.066209 -44.23874
v -0.0001239777 -1.192093E-07 -43.6602
v -0.0001239777 -1.066209 -43.6602
v 2.411681 -1.192093E-07 -44.65921
v 2.411681 -1.066209 -44.65921
v 1.17304 -1.192093E-07 -44.23874
v 1.17304 -1.066209 -44.23874
v 3.694609 -1.192093E-07 -44.91441
v 3.694609 -1.066209 -44.91441
v 2.411681 -1.192093E-07 -44.65921
v 2.411681 -1.066209 -44.65921
v 4.999871 -1.192093E-07 -44.99996
v 4.999871 -1.066209 -44.99996
v 3.694609 -1.192093E-07 -44.91441
v 3.694609 -1.066209 -44.91441
v 4.999871 -1.066209 -44.99996
v 4.999905 -1.066209 -34.99996
v 3.694609 -1.066209 -44.91441
v 2.411681 -1.066209 -44.65921
v 1.17304 -1.066209 -44.23874
v -0.0001239777 -1.066209 -43.6602
v -1.087736 -1.066209 -42.93348
v -2.071187 -1.066209 -42.07101
v -2.93365 -1.066209 -41.08755
v -3.660365 -1.066209 -39.99993
v -4.238903 -1.066209 -38.82677
v -4.659361 -1.066209 -37.58812
v -4.914547 -1.066209 -36.30519
v -5.000094 -1.066209 -34.99993
v -5.00008 -2.5 -34.99992
v -5.000031 -2.5 -24.99992
v -5.00008 0.00244379 -34.99992
v 4.99992 0.00244379 -34.99997
v 4.999969 -2.5 -24.99997
v 4.99992 -2.5 -34.99997
v -4.178916 -2.5 -24.99992
v -4.178966 0.00244379 -34.99992
v -5.000031 -2.5 -24.99992
v -5.00008 0.00244379 -34.99992
v 4.999969 -2.5 -24.99997
v 4.99992 0.00244379 -34.99997
v 4.178855 -2.5 -24.99996
v 4.178806 0.00244379 -34.99996
v 4.99992 -2.5 -34.99997
v -5.00008 -2.5 -34.99992
v 4.99992 0.00244379 -34.99997
v -5.00008 0.00244379 -34.99992
v 4.178806 0.00244379 -34.99996
v 4.99992 0.00244379 -34.99997
v -5.00008 0.00244379 -34.99992
v -4.178966 0.00244379 -34.99992
v 3.455443 0.1979473 -34.99996
v 4.178806 0.1979473 -34.99996
v 3.455443 0.1001954 -34.99996
v 4.178806 0.00244379 -34.99996
v -4.178966 0.00244379 -34.99992
v -3.455603 0.1001954 -34.99992
v -4.178966 0.1979473 -34.99992
v -3.455603 0.1979473 -34.99992
v 5 -2.5 -14.99997
v 4.99996 -2.5 -24.99997
v 5 0.00244379 -14.99997
v -5 0.00244379 -14.99993
v -5.00004 -2.5 -24.99993
v -5 -2.5 -14.99993
v 4.178846 -2.5 -24.99996
v 4.178885 0.00244379 -14.99996
v 4.99996 -2.5 -24.99997
v 5 0.00244379 -14.99997
v -5.00004 -2.5 -24.99993
v -5 0.00244379 -14.99993
v -4.178925 -2.5 -24.99993
v -4.178886 0.00244379 -14.99993
v -5 -2.5 -14.99993
v 5 -2.5 -14.99997
v -5 0.00244379 -14.99993
v 5 0.00244379 -14.99997
v -4.178886 0.00244379 -14.99993
v -5 0.00244379 -14.99993
v 5 0.00244379 -14.99997
v 4.178885 0.00244379 -14.99996
v -3.455523 0.1979473 -14.99993
v -4.178886 0.1979473 -14.99993
v -3.455523 0.1001954 -14.99993
v -4.178886 0.00244379 -14.99993
v 4.178885 0.00244379 -14.99996
v 3.455522 0.1001954 -14.99996
v 4.178885 0.1979473 -14.99996
v 3.455522 0.1979473 -14.99996
v 4.176799 0.003324032 -15.00205
v 4.176841 0.003324032 -5.002048
v 4.997913 0.003324032 -15.00205
v 4.997955 0.003324032 -5.002052
v -5.002087 0.003324032 -15.00201
v -5.002045 0.003324032 -5.00201
v -4.180972 0.003324032 -15.00201
v -4.180931 0.003324032 -5.002014
v -5.002045 -1.071945 -5.00201
v 4.997955 -1.071945 -5.002052
v -5.002045 0.003324032 -5.00201
v 4.997955 0.003324032 -5.002052
v -4.180931 0.003324032 -5.002014
v -5.002045 0.003324032 -5.00201
v 4.997955 0.003324032 -5.002052
v 4.176841 0.003324032 -5.002048
v -3.457568 0.1988273 -5.002017
v -4.180931 0.1988273 -5.002014
v -3.457568 0.1010756 -5.002017
v -4.180931 0.003324032 -5.002014
v 4.176841 0.003324032 -5.002048
v 3.453478 0.1010756 -5.002046
v 4.176841 0.1988273 -5.002048
v 3.453478 0.1988273 -5.002046
v -5.002087 0.003324032 -15.00201
v -5.002087 -1.071945 -15.00201
v -5.002045 0.003324032 -5.00201
v -5.002045 -1.071945 -5.00201
v 4.997913 -1.071945 -15.00205
v 4.49938 -1.071945 -15.00205
v 4.997913 0.003324032 -15.00205
v -4.503553 -1.071945 -15.00201
v -5.002087 -1.071945 -15.00201
v -5.002087 0.003324032 -15.00201
v 4.176799 0.003324032 -15.00205
v 4.997913 0.003324032 -15.00205
v -5.002087 0.003324032 -15.00201
v -4.180972 0.003324032 -15.00201
v 3.453436 0.1988273 -15.00205
v 4.176799 0.1988273 -15.00205
v 3.453436 0.1010756 -15.00205
v 4.176799 0.003324032 -15.00205
v -4.180972 0.003324032 -15.00201
v -3.45761 0.1010756 -15.00202
v -4.180972 0.1988273 -15.00201
v -3.45761 0.1988273 -15.00202
v 4.997913 -1.071945 -15.00205
v 4.997913 0.003324032 -15.00205
v 4.997955 -1.071945 -5.002052
v 4.997955 0.003324032 -5.002052
v -5.002045 -1.071945 -5.00201
v -5.002087 -1.071945 -15.00201
v 4.997955 -1.071945 -5.002052
v -4.503553 -1.071945 -15.00201
v 4.49938 -1.071945 -15.00205
v 4.997913 -1.071945 -15.00205
v 4.997916 0.003325462 15.82112
v 14.99792 0.003325462 15.82111
v 4.997915 0.003325462 15
v 14.99792 0.003325462 15
v 4.997921 0.003325462 25
v 14.99792 0.003325462 25
v 4.997921 0.003325462 24.17889
v 14.99792 0.003325462 24.17888
v 14.99792 -1.071943 25
v 14.99792 -1.071943 15
v 14.99792 0.003325462 25
v 14.99792 0.003325462 15
v 14.99792 0.003325462 24.17888
v 14.99792 0.003325462 25
v 14.99792 0.003325462 15
v 14.99792 0.003325462 15.82111
v 14.99792 0.1988287 23.45552
v 14.99792 0.1988287 24.17888
v 14.99792 0.1010771 23.45552
v 14.99792 0.003325462 24.17888
v 14.99792 0.003325462 15.82111
v 14.99792 0.1010771 16.54448
v 14.99792 0.1988287 15.82111
v 14.99792 0.1988287 16.54448
v 4.997921 0.003325462 25
v 4.997921 -1.071943 25
v 14.99792 0.003325462 25
v 14.99792 -1.071943 25
v 4.997915 -1.071943 15
v 4.997915 -1.071943 15.49854
v 4.997915 0.003325462 15
v 4.997921 -1.071943 24.50147
v 4.997921 -1.071943 25
v 4.997921 0.003325462 25
v 4.997916 0.003325462 15.82112
v 4.997915 0.003325462 15
v 4.997921 0.003325462 25
v 4.997921 0.003325462 24.17889
v 4.997916 0.1988287 16.54448
v 4.997916 0.1988287 15.82112
v 4.997916 0.1010771 16.54448
v 4.997916 0.003325462 15.82112
v 4.997921 0.003325462 24.17889
v 4.99792 0.1010771 23.45553
v 4.997921 0.1988287 24.17889
v 4.99792 0.1988287 23.45553
v 4.997915 -1.071943 15
v 4.997915 0.003325462 15
v 14.99792 -1.071943 15
v 14.99792 0.003325462 15
v 14.99792 -1.071943 25
v 4.997921 -1.071943 25
v 14.99792 -1.071943 15
v 4.997921 -1.071943 24.50147
v 4.997915 -1.071943 15.49854
v 4.997915 -1.071943 15
v 14.99791 0.003325462 15.82111
v 24.99791 0.003325462 15.8211
v 14.99791 0.003325462 14.99999
v 24.99791 0.003325462 14.99999
v 14.99792 0.003325462 24.99999
v 24.99792 0.003325462 24.99999
v 14.99792 0.003325462 24.17888
v 24.99792 0.003325462 24.17887
v 24.99792 -1.071943 24.99999
v 24.99791 -1.071943 14.99999
v 24.99792 0.003325462 24.99999
v 24.99791 0.003325462 14.99999
v 24.99792 0.003325462 24.17887
v 24.99792 0.003325462 24.99999
v 24.99791 0.003325462 14.99999
v 24.99791 0.003325462 15.8211
v 24.99792 0.1988287 23.45551
v 24.99792 0.1988287 24.17887
v 24.99792 0.1010771 23.45551
v 24.99792 0.003325462 24.17887
v 24.99791 0.003325462 15.8211
v 24.99792 0.1010771 16.54446
v 24.99791 0.1988287 15.8211
v 24.99792 0.1988287 16.54446
v 14.99792 0.003325462 24.99999
v 14.99792 -1.071943 24.99999
v 24.99792 0.003325462 24.99999
v 24.99792 -1.071943 24.99999
v 14.99791 -1.071943 14.99999
v 14.99791 -1.071943 15.49853
v 14.99791 0.003325462 14.99999
v 14.99792 -1.071943 24.50146
v 14.99792 -1.071943 24.99999
v 14.99792 0.003325462 24.99999
v 14.99791 0.003325462 15.82111
v 14.99791 0.003325462 14.99999
v 14.99792 0.003325462 24.99999
v 14.99792 0.003325462 24.17888
v 14.99792 0.1988287 16.54447
v 14.99791 0.1988287 15.82111
v 14.99792 0.1010771 16.54447
v 14.99791 0.003325462 15.82111
v 14.99792 0.003325462 24.17888
v 14.99792 0.1010771 23.45551
v 14.99792 0.1988287 24.17888
v 14.99792 0.1988287 23.45551
v 14.99791 -1.071943 14.99999
v 14.99791 0.003325462 14.99999
v 24.99791 -1.071943 14.99999
v 24.99791 0.003325462 14.99999
v 24.99792 -1.071943 24.99999
v 14.99792 -1.071943 24.99999
v 24.99791 -1.071943 14.99999
v 14.99792 -1.071943 24.50146
v 14.99791 -1.071943 15.49853
v 14.99791 -1.071943 14.99999
v 25 -1.192093E-07 15.81651
v 25.10658 -1.192093E-07 15.80953
v 25 -1.192093E-07 14.99998
v 25.21133 -1.192093E-07 15.78869
v 25.31247 -1.192093E-07 15.75436
v 25.40826 -1.192093E-07 15.70712
v 25.49707 -1.192093E-07 15.64778
v 25.57737 -1.192093E-07 15.57736
v 25.64779 -1.192093E-07 15.49705
v 25.70713 -1.192093E-07 15.40825
v 25.75437 -1.192093E-07 15.31246
v 25.7887 -1.192093E-07 15.21132
v 25.80954 -1.192093E-07 15.10656
v 25.81652 -1.192093E-07 14.99998
v 25 -1.192093E-07 24.99998
v 26.30527 -1.192093E-07 24.91443
v 25 -1.192093E-07 24.18346
v 27.58819 -1.192093E-07 24.65924
v 28.82684 -1.192093E-07 24.23878
v 26.19869 -1.192093E-07 24.10489
v 30 -1.192093E-07 23.66023
v 27.37686 -1.192093E-07 23.87054
v 28.51437 -1.192093E-07 23.48441
v 31.08762 -1.192093E-07 22.93351
v 29.59174 -1.192093E-07 22.9531
v 30.59055 -1.192093E-07 22.28572
v 32.07107 -1.192093E-07 22.07105
v 31.4937 -1.192093E-07 21.49368
v 32.93353 -1.192093E-07 21.08759
v 32.28574 -1.192093E-07 20.59052
v 33.66026 -1.192093E-07 19.99998
v 32.95312 -1.192093E-07 19.59171
v 34.23879 -1.192093E-07 18.82681
v 33.48442 -1.192093E-07 18.51434
v 34.65926 -1.192093E-07 17.58817
v 33.87055 -1.192093E-07 17.37683
v 34.91444 -1.192093E-07 16.30524
v 34.1049 -1.192093E-07 16.19866
v 35 -1.192093E-07 14.99998
v 34.18347 -1.192093E-07 14.99998
v 25 0.1999999 16.54863
v 25 0.1999999 15.81651
v 25 0.0999999 16.54863
v 25 -1.192093E-07 15.81651
v 25 0.0999999 23.45134
v 25 -1.192093E-07 24.18346
v 25 -1.192093E-07 14.99998
v 25 0.1999999 24.18346
v 25 0.1999999 23.45134
v 25 -1.066209 24.99998
v 25 -1.192093E-07 24.99998
v 25 -1.066209 14.99998
v 25 -1.066209 14.99998
v 25 -1.192093E-07 14.99998
v 35 -1.066209 14.99998
v 25.81652 -1.192093E-07 14.99998
v 25.81652 0.1999999 14.99998
v 26.54865 0.0999999 14.99998
v 26.54865 0.1999999 14.99998
v 33.45135 0.0999999 14.99998
v 33.45135 0.1999999 14.99998
v 34.18347 -1.192093E-07 14.99998
v 35 -1.192093E-07 14.99998
v 34.18347 0.1999999 14.99998
v 34.91444 -1.066209 16.30524
v 35 -1.066209 14.99998
v 34.91444 -1.192093E-07 16.30524
v 35 -1.192093E-07 14.99998
v 34.65926 -1.066209 17.58817
v 34.91444 -1.066209 16.30524
v 34.65926 -1.192093E-07 17.58817
v 34.91444 -1.192093E-07 16.30524
v 34.23879 -1.066209 18.82681
v 34.65926 -1.066209 17.58817
v 34.23879 -1.192093E-07 18.82681
v 34.65926 -1.192093E-07 17.58817
v 33.66026 -1.066209 19.99998
v 34.23879 -1.066209 18.82681
v 33.66026 -1.192093E-07 19.99998
v 34.23879 -1.192093E-07 18.82681
v 32.93353 -1.066209 21.08759
v 33.66026 -1.066209 19.99998
v 32.93353 -1.192093E-07 21.08759
v 33.66026 -1.192093E-07 19.99998
v 32.07107 -1.066209 22.07105
v 32.93353 -1.066209 21.08759
v 32.07107 -1.192093E-07 22.07105
v 32.93353 -1.192093E-07 21.08759
v 31.08762 -1.192093E-07 22.93351
v 31.08762 -1.066209 22.93351
v 32.07107 -1.192093E-07 22.07105
v 32.07107 -1.066209 22.07105
v 30 -1.192093E-07 23.66023
v 30 -1.066209 23.66023
v 31.08762 -1.192093E-07 22.93351
v 31.08762 -1.066209 22.93351
v 28.82684 -1.192093E-07 24.23878
v 28.82684 -1.066209 24.23878
v 30 -1.192093E-07 23.66023
v 30 -1.066209 23.66023
v 27.58819 -1.192093E-07 24.65924
v 27.58819 -1.066209 24.65924
v 28.82684 -1.192093E-07 24.23878
v 28.82684 -1.066209 24.23878
v 26.30527 -1.192093E-07 24.91443
v 26.30527 -1.066209 24.91443
v 27.58819 -1.192093E-07 24.65924
v 27.58819 -1.066209 24.65924
v 25 -1.192093E-07 24.99998
v 25 -1.066209 24.99998
v 26.30527 -1.192093E-07 24.91443
v 26.30527 -1.066209 24.91443
v 25 -1.066209 24.99998
v 25 -1.066209 14.99998
v 26.30527 -1.066209 24.91443
v 27.58819 -1.066209 24.65924
v 28.82684 -1.066209 24.23878
v 30 -1.066209 23.66023
v 31.08762 -1.066209 22.93351
v 32.07107 -1.066209 22.07105
v 32.93353 -1.066209 21.08759
v 33.66026 -1.066209 19.99998
v 34.23879 -1.066209 18.82681
v 34.65926 -1.066209 17.58817
v 34.91444 -1.066209 16.30524
v 35 -1.066209 14.99998
v 25.81653 -1.192093E-07 14.99999
v 25.80954 -1.192093E-07 14.89341
v 25 -1.192093E-07 14.99999
v 25.7887 -1.192093E-07 14.78865
v 25.75437 -1.192093E-07 14.68752
v 25.70713 -1.192093E-07 14.59172
v 25.64779 -1.192093E-07 14.50292
v 25.57737 -1.192093E-07 14.42262
v 25.49707 -1.192093E-07 14.35219
v 25.40826 -1.192093E-07 14.29286
v 25.31247 -1.192093E-07 14.24562
v 25.21133 -1.192093E-07 14.21128
v 25.10658 -1.192093E-07 14.19045
v 25 -1.192093E-07 14.18346
v 35 -1.192093E-07 14.99997
v 34.91445 -1.192093E-07 13.69471
v 34.18348 -1.192093E-07 14.99997
v 34.65926 -1.192093E-07 12.41178
v 34.23879 -1.192093E-07 11.17314
v 34.1049 -1.192093E-07 13.80129
v 33.66025 -1.192093E-07 9.999975
v 33.87055 -1.192093E-07 12.62312
v 33.48442 -1.192093E-07 11.48561
v 32.93353 -1.192093E-07 8.912363
v 32.95311 -1.192093E-07 10.40824
v 32.28573 -1.192093E-07 9.409433
v 32.07106 -1.192093E-07 7.92891
v 31.49369 -1.192093E-07 8.506281
v 31.0876 -1.192093E-07 7.066445
v 30.59053 -1.192093E-07 7.714241
v 29.99999 -1.192093E-07 6.339727
v 29.59172 -1.192093E-07 7.046859
v 28.82682 -1.192093E-07 5.761188
v 28.51435 -1.192093E-07 6.515559
v 27.58818 -1.192093E-07 5.340727
v 27.37684 -1.192093E-07 6.12943
v 26.30525 -1.192093E-07 5.085538
v 26.19867 -1.192093E-07 5.895079
v 24.99998 -1.192093E-07 4.999989
v 24.99998 -1.192093E-07 5.816516
v 26.54865 0.1999999 14.99999
v 25.81653 0.1999999 14.99999
v 26.54865 0.0999999 14.99999
v 25.81653 -1.192093E-07 14.99999
v 33.45135 0.0999999 14.99998
v 34.18348 -1.192093E-07 14.99997
v 25 -1.192093E-07 14.99999
v 34.18348 0.1999999 14.99997
v 33.45135 0.1999999 14.99998
v 35 -1.066209 14.99997
v 35 -1.192093E-07 14.99997
v 25 -1.066209 14.99999
v 25 -1.066209 14.99999
v 25 -1.192093E-07 14.99999
v 24.99998 -1.066209 4.999989
v 25 -1.192093E-07 14.18346
v 25 0.1999999 14.18346
v 25 0.0999999 13.45134
v 25 0.1999999 13.45134
v 24.99999 0.0999999 6.548637
v 24.99999 0.1999999 6.548637
v 24.99998 -1.192093E-07 5.816516
v 24.99998 -1.192093E-07 4.999989
v 24.99998 0.1999999 5.816516
v 26.30525 -1.066209 5.085538
v 24.99998 -1.066209 4.999989
v 26.30525 -1.192093E-07 5.085538
v 24.99998 -1.192093E-07 4.999989
v 27.58818 -1.066209 5.340727
v 26.30525 -1.066209 5.085538
v 27.58818 -1.192093E-07 5.340727
v 26.30525 -1.192093E-07 5.085538
v 28.82682 -1.066209 5.761188
v 27.58818 -1.066209 5.340727
v 28.82682 -1.192093E-07 5.761188
v 27.58818 -1.192093E-07 5.340727
v 29.99999 -1.066209 6.339727
v 28.82682 -1.066209 5.761188
v 29.99999 -1.192093E-07 6.339727
v 28.82682 -1.192093E-07 5.761188
v 31.0876 -1.066209 7.066445
v 29.99999 -1.066209 6.339727
v 31.0876 -1.192093E-07 7.066445
v 29.99999 -1.192093E-07 6.339727
v 32.07106 -1.066209 7.92891
v 31.0876 -1.066209 7.066445
v 32.07106 -1.192093E-07 7.92891
v 31.0876 -1.192093E-07 7.066445
v 32.93353 -1.192093E-07 8.912363
v 32.93353 -1.066209 8.912363
v 32.07106 -1.192093E-07 7.92891
v 32.07106 -1.066209 7.92891
v 33.66025 -1.192093E-07 9.999975
v 33.66025 -1.066209 9.999975
v 32.93353 -1.192093E-07 8.912363
v 32.93353 -1.066209 8.912363
v 34.23879 -1.192093E-07 11.17314
v 34.23879 -1.066209 11.17314
v 33.66025 -1.192093E-07 9.999975
v 33.66025 -1.066209 9.999975
v 34.65926 -1.192093E-07 12.41178
v 34.65926 -1.066209 12.41178
v 34.23879 -1.192093E-07 11.17314
v 34.23879 -1.066209 11.17314
v 34.91445 -1.192093E-07 13.69471
v 34.91445 -1.066209 13.69471
v 34.65926 -1.192093E-07 12.41178
v 34.65926 -1.066209 12.41178
v 35 -1.192093E-07 14.99997
v 35 -1.066209 14.99997
v 34.91445 -1.192093E-07 13.69471
v 34.91445 -1.066209 13.69471
v 35 -1.066209 14.99997
v 25 -1.066209 14.99999
v 34.91445 -1.066209 13.69471
v 34.65926 -1.066209 12.41178
v 34.23879 -1.066209 11.17314
v 33.66025 -1.066209 9.999975
v 32.93353 -1.066209 8.912363
v 32.07106 -1.066209 7.92891
v 31.0876 -1.066209 7.066445
v 29.99999 -1.066209 6.339727
v 28.82682 -1.066209 5.761188
v 27.58818 -1.066209 5.340727
v 26.30525 -1.066209 5.085538
v 24.99998 -1.066209 4.999989
v 25 -1.192093E-07 14.18346
v 24.89342 -1.192093E-07 14.19045
v 25 -1.192093E-07 14.99999
v 24.78867 -1.192093E-07 14.21128
v 24.68753 -1.192093E-07 14.24562
v 24.59174 -1.192093E-07 14.29286
v 24.50293 -1.192093E-07 14.3522
v 24.42263 -1.192093E-07 14.42262
v 24.35221 -1.192093E-07 14.50292
v 24.29287 -1.192093E-07 14.59173
v 24.24563 -1.192093E-07 14.68752
v 24.2113 -1.192093E-07 14.78866
v 24.19046 -1.192093E-07 14.89341
v 24.18347 -1.192093E-07 14.99999
v 24.99998 -1.192093E-07 4.999989
v 23.69472 -1.192093E-07 5.085542
v 24.99998 -1.192093E-07 5.816515
v 22.41179 -1.192093E-07 5.340735
v 21.17315 -1.192093E-07 5.7612
v 23.8013 -1.192093E-07 5.895083
v 19.99998 -1.192093E-07 6.339744
v 22.62313 -1.192093E-07 6.129438
v 21.48562 -1.192093E-07 6.515572
v 18.91237 -1.192093E-07 7.066467
v 20.40825 -1.192093E-07 7.046876
v 19.40944 -1.192093E-07 7.71426
v 17.92892 -1.192093E-07 7.928934
v 18.50629 -1.192093E-07 8.506304
v 17.06645 -1.192093E-07 8.91239
v 17.71425 -1.192093E-07 9.409458
v 16.33974 -1.192093E-07 10.00001
v 17.04687 -1.192093E-07 10.40827
v 15.7612 -1.192093E-07 11.17317
v 16.51557 -1.192093E-07 11.48564
v 15.34074 -1.192093E-07 12.41182
v 16.12944 -1.192093E-07 12.62315
v 15.08555 -1.192093E-07 13.69475
v 15.89509 -1.192093E-07 13.80132
v 15 -1.192093E-07 15.00001
v 15.81653 -1.192093E-07 15.00001
v 25 0.1999999 13.45134
v 25 0.1999999 14.18346
v 25 0.0999999 13.45134
v 25 -1.192093E-07 14.18346
v 24.99998 0.0999999 6.548637
v 24.99998 -1.192093E-07 5.816515
v 25 -1.192093E-07 14.99999
v 24.99998 0.1999999 5.816515
v 24.99998 0.1999999 6.548637
v 24.99998 -1.066209 4.999989
v 24.99998 -1.192093E-07 4.999989
v 25 -1.066209 14.99999
v 25 -1.066209 14.99999
v 25 -1.192093E-07 14.99999
v 15 -1.066209 15.00001
v 24.18347 -1.192093E-07 14.99999
v 24.18347 0.1999999 14.99999
v 23.45135 0.0999999 14.99999
v 23.45135 0.1999999 14.99999
v 16.54865 0.0999999 15
v 16.54865 0.1999999 15
v 15.81653 -1.192093E-07 15.00001
v 15 -1.192093E-07 15.00001
v 15.81653 0.1999999 15.00001
v 15.08555 -1.066209 13.69475
v 15 -1.066209 15.00001
v 15.08555 -1.192093E-07 13.69475
v 15 -1.192093E-07 15.00001
v 15.34074 -1.066209 12.41182
v 15.08555 -1.066209 13.69475
v 15.34074 -1.192093E-07 12.41182
v 15.08555 -1.192093E-07 13.69475
v 15.7612 -1.066209 11.17317
v 15.34074 -1.066209 12.41182
v 15.7612 -1.192093E-07 11.17317
v 15.34074 -1.192093E-07 12.41182
v 16.33974 -1.066209 10.00001
v 15.7612 -1.066209 11.17317
v 16.33974 -1.192093E-07 10.00001
v 15.7612 -1.192093E-07 11.17317
v 17.06645 -1.066209 8.91239
v 16.33974 -1.066209 10.00001
v 17.06645 -1.192093E-07 8.91239
v 16.33974 -1.192093E-07 10.00001
v 17.92892 -1.066209 7.928934
v 17.06645 -1.066209 8.91239
v 17.92892 -1.192093E-07 7.928934
v 17.06645 -1.192093E-07 8.91239
v 18.91237 -1.192093E-07 7.066467
v 18.91237 -1.066209 7.066467
v 17.92892 -1.192093E-07 7.928934
v 17.92892 -1.066209 7.928934
v 19.99998 -1.192093E-07 6.339744
v 19.99998 -1.066209 6.339744
v 18.91237 -1.192093E-07 7.066467
v 18.91237 -1.066209 7.066467
v 21.17315 -1.192093E-07 5.7612
v 21.17315 -1.066209 5.7612
v 19.99998 -1.192093E-07 6.339744
v 19.99998 -1.066209 6.339744
v 22.41179 -1.192093E-07 5.340735
v 22.41179 -1.066209 5.340735
v 21.17315 -1.192093E-07 5.7612
v 21.17315 -1.066209 5.7612
v 23.69472 -1.192093E-07 5.085542
v 23.69472 -1.066209 5.085542
v 22.41179 -1.192093E-07 5.340735
v 22.41179 -1.066209 5.340735
v 24.99998 -1.192093E-07 4.999989
v 24.99998 -1.066209 4.999989
v 23.69472 -1.192093E-07 5.085542
v 23.69472 -1.066209 5.085542
v 24.99998 -1.066209 4.999989
v 25 -1.066209 14.99999
v 23.69472 -1.066209 5.085542
v 22.41179 -1.066209 5.340735
v 21.17315 -1.066209 5.7612
v 19.99998 -1.066209 6.339744
v 18.91237 -1.066209 7.066467
v 17.92892 -1.066209 7.928934
v 17.06645 -1.066209 8.91239
v 16.33974 -1.066209 10.00001
v 15.7612 -1.066209 11.17317
v 15.34074 -1.066209 12.41182
v 15.08555 -1.066209 13.69475
v 15 -1.066209 15.00001
vt 36.15482 0.001201516 0
vt 36.15482 39.37008 0
vt 39.37008 0.001201516 0
vt 39.37008 39.37008 0
vt 0.001201516 0.001201516 0
vt 0.001201516 39.37008 0
vt 3.214056 0.001201516 0
vt 3.214056 39.37008 0
vt 0.001201516 15.48634 0
vt -39.37008 15.48634 0
vt 0.001201516 19.68444 0
vt -39.37008 19.68444 0
vt -3.214056 19.68444 0
vt 0.001201516 19.68444 0
vt -39.37008 19.68444 0
vt -36.15482 19.68444 0
vt -6.097694 20.47263 0
vt -3.214056 20.47263 0
vt -6.097694 20.07854 0
vt -3.214056 19.68444 0
vt -36.15482 19.68444 0
vt -33.27359 20.07854 0
vt -36.15482 20.47263 0
vt -33.27359 20.47263 0
vt 0.001201516 19.68444 0
vt 0.001201516 15.48634 0
vt -39.37008 19.68444 0
vt -39.37008 15.48634 0
vt 39.37008 15.48634 0
vt 37.402 15.48634 0
vt 39.37008 19.68444 0
vt 1.969285 15.48634 0
vt 0.001201516 15.48634 0
vt 0.001201516 19.68444 0
vt 36.15482 19.68444 0
vt 39.37008 19.68444 0
vt 0.001201516 19.68444 0
vt 3.214056 19.68444 0
vt 33.27359 20.47263 0
vt 36.15482 20.47263 0
vt 33.27359 20.07854 0
vt 36.15482 19.68444 0
vt 3.214056 19.68444 0
vt 6.097694 20.07854 0
vt 3.214056 20.47263 0
vt 6.097694 20.47263 0
vt 0.001201516 15.48634 0
vt 0.001201516 19.68444 0
vt 39.37008 15.48634 0
vt 39.37008 19.68444 0
vt 0.001201516 39.37008 0
vt 0.001201516 0.001201516 0
vt -39.37008 39.37008 0
vt -1.969285 0.001201516 0
vt -37.402 0.001201516 0
vt -39.37008 0.001201516 0
vt 36.15482 0.001201516 0
vt 36.15482 39.37008 0
vt 39.37008 0.001201516 0
vt 39.37008 39.37008 0
vt 0.001201516 0.001201516 0
vt 0.001201516 39.37008 0
vt 3.214056 0.001201516 0
vt 3.214056 39.37008 0
vt 0.001201516 15.48634 0
vt -39.37008 15.48634 0
vt 0.001201516 19.68444 0
vt -39.37008 19.68444 0
vt -3.214056 19.68444 0
vt 0.001201516 19.68444 0
vt -39.37008 19.68444 0
vt -36.15482 19.68444 0
vt -6.097694 20.47263 0
vt -3.214056 20.47263 0
vt -6.097694 20.07854 0
vt -3.214056 19.68444 0
vt -36.15482 19.68444 0
vt -33.27359 20.07854 0
vt -36.15482 20.47263 0
vt -33.27359 20.47263 0
vt 0.001201516 19.68444 0
vt 0.001201516 15.48634 0
vt -39.37008 19.68444 0
vt -39.37008 15.48634 0
vt 39.37008 15.48634 0
vt 37.402 15.48634 0
vt 39.37008 19.68444 0
vt 1.969285 15.48634 0
vt 0.001201516 15.48634 0
vt 0.001201516 19.68444 0
vt 36.15482 19.68444 0
vt 39.37008 19.68444 0
vt 0.001201516 19.68444 0
vt 3.214056 19.68444 0
vt 33.27359 20.47263 0
vt 36.15482 20.47263 0
vt 33.27359 20.07854 0
vt 36.15482 19.68444 0
vt 3.214056 19.68444 0
vt 6.097694 20.07854 0
vt 3.214056 20.47263 0
vt 6.097694 20.47263 0
vt 0.001201516 15.48634 0
vt 0.001201516 19.68444 0
vt 39.37008 15.48634 0
vt 39.37008 19.68444 0
vt 0.001201516 39.37008 0
vt 0.001201516 0.001201516 0
vt -39.37008 39.37008 0
vt -1.969285 0.001201516 0
vt -37.402 0.001201516 0
vt -39.37008 0.001201516 0
vt 36.15482 0.001201516 0
vt 36.15482 39.37008 0
vt 39.37008 0.001201516 0
vt 39.37008 39.37008 0
vt 0.001201516 0.001201516 0
vt 0.001201516 39.37008 0
vt 3.214056 0.001201516 0
vt 3.214056 39.37008 0
vt 0.001201516 15.48634 0
vt -39.37008 15.48634 0
vt 0.001201516 19.68444 0
vt -39.37008 19.68444 0
vt -3.214056 19.68444 0
vt 0.001201516 19.68444 0
vt -39.37008 19.68444 0
vt -36.15482 19.68444 0
vt -6.097694 20.47263 0
vt -3.214056 20.47263 0
vt -6.097694 20.07854 0
vt -3.214056 19.68444 0
vt -36.15482 19.68444 0
vt -33.27359 20.07854 0
vt -36.15482 20.47263 0
vt -33.27359 20.47263 0
vt 0.001201516 19.68444 0
vt 0.001201516 15.48634 0
vt -39.37008 19.68444 0
vt -39.37008 15.48634 0
vt 39.37008 15.48634 0
vt 37.402 15.48634 0
vt 39.37008 19.68444 0
vt 1.969285 15.48634 0
vt 0.001201516 15.48634 0
vt 0.001201516 19.68444 0
vt 36.15482 19.68444 0
vt 39.37008 19.68444 0
vt 0.001201516 19.68444 0
vt 3.214056 19.68444 0
vt 33.27359 20.47263 0
vt 36.15482 20.47263 0
vt 33.27359 20.07854 0
vt 36.15482 19.68444 0
vt 3.214056 19.68444 0
vt 6.097694 20.07854 0
vt 3.214056 20.47263 0
vt 6.097694 20.47263 0
vt 0.001201516 15.48634 0
vt 0.001201516 19.68444 0
vt 39.37008 15.48634 0
vt 39.37008 19.68444 0
vt 0.001201516 39.37008 0
vt 0.001201516 0.001201516 0
vt -39.37008 39.37008 0
vt -1.969285 0.001201516 0
vt -37.402 0.001201516 0
vt -39.37008 0.001201516 0
vt 36.15482 0.001201516 0
vt 36.15482 39.37008 0
vt 39.37008 0.001201516 0
vt 39.37008 39.37008 0
vt 0.001201516 0.001201516 0
vt 0.001201516 39.37008 0
vt 3.214056 0.001201516 0
vt 3.214056 39.37008 0
vt 0.001201516 15.48634 0
vt -39.37008 15.48634 0
vt 0.001201516 19.68444 0
vt -39.37008 19.68444 0
vt -3.214056 19.68444 0
vt 0.001201516 19.68444 0
vt -39.37008 19.68444 0
vt -36.15482 19.68444 0
vt -6.097694 20.47263 0
vt -3.214056 20.47263 0
vt -6.097694 20.07854 0
vt -3.214056 19.68444 0
vt -36.15482 19.68444 0
vt -33.27359 20.07854 0
vt -36.15482 20.47263 0
vt -33.27359 20.47263 0
vt 0.001201516 19.68444 0
vt 0.001201516 15.48634 0
vt -39.37008 19.68444 0
vt -39.37008 15.48634 0
vt 39.37008 15.48634 0
vt 37.402 15.48634 0
vt 39.37008 19.68444 0
vt 1.969285 15.48634 0
vt 0.001201516 15.48634 0
vt 0.001201516 19.68444 0
vt 36.15482 19.68444 0
vt 39.37008 19.68444 0
vt 0.001201516 19.68444 0
vt 3.214056 19.68444 0
vt 33.27359 20.47263 0
vt 36.15482 20.47263 0
vt 33.27359 20.07854 0
vt 36.15482 19.68444 0
vt 3.214056 19.68444 0
vt 6.097694 20.07854 0
vt 3.214056 20.47263 0
vt 6.097694 20.47263 0
vt 0.001201516 15.48634 0
vt 0.001201516 19.68444 0
vt 39.37008 15.48634 0
vt 39.37008 19.68444 0
vt 0.001201516 39.37008 0
vt 0.001201516 0.001201516 0
vt -39.37008 39.37008 0
vt -1.969285 0.001201516 0
vt -37.402 0.001201516 0
vt -39.37008 0.001201516 0
vt 36.15541 0 0
vt 36.18291 0.4195987 0
vt 39.37008 0 0
vt 36.26495 0.8320179 0
vt 36.40011 1.230201 0
vt 36.58609 1.607335 0
vt 36.81971 1.956967 0
vt 37.09696 2.273115 0
vt 37.41311 2.55037 0
vt 37.76274 2.783986 0
vt 38.13988 2.969968 0
vt 38.53806 3.105133 0
vt 38.95048 3.187169 0
vt 39.37008 3.214671 0
vt 0 0 0
vt 0.3368165 5.138826 0
vt 3.21467 0 0
vt 1.341503 10.18973 0
vt 2.996869 15.06628 0
vt 3.523985 4.719228 0
vt 5.27459 19.68504 0
vt 4.446636 9.357708 0
vt 5.966837 13.83608 0
vt 8.135695 23.96699 0
vt 8.058577 18.0777 0
vt 10.68606 22.01002 0
vt 11.53123 27.83885 0
vt 13.80434 25.56573 0
vt 15.40309 31.23438 0
vt 17.36006 28.68401 0
vt 19.68504 34.09549 0
vt 21.29238 31.3115 0
vt 24.3038 36.37321 0
vt 25.534 33.40324 0
vt 29.18035 38.02858 0
vt 30.01237 34.92344 0
vt 34.23125 39.03326 0
vt 34.65085 35.8461 0
vt 39.37008 39.37008 0
vt 39.37008 36.15541 0
vt 33.27304 4.985074 0
vt 36.15541 4.985074 0
vt 33.27304 4.591372 0
vt 36.15541 4.197672 0
vt 6.097044 4.591372 0
vt 3.21467 4.197672 0
vt 39.37008 4.197672 0
vt 3.21467 4.985074 0
vt 6.097044 4.985074 0
vt 0 0 0
vt 0 4.197672 0
vt 39.37008 0 0
vt 1.75102E-07 -2.649361E-06 0
vt 1.75102E-07 4.197669 0
vt 39.37008 -2.649361E-06 0
vt 3.214671 4.197669 0
vt 3.214671 4.985071 0
vt 6.097044 4.59137 0
vt 6.097044 4.985071 0
vt 33.27304 4.59137 0
vt 33.27304 4.985071 0
vt 36.15541 4.197669 0
vt 39.37008 4.197669 0
vt 36.15541 4.985071 0
vt -36.71086 0 0
vt -41.86071 0 0
vt -36.71086 4.197672 0
vt -41.86071 4.197672 0
vt -36.03867 0 0
vt -41.18852 0 0
vt -36.03867 4.197672 0
vt -41.18852 4.197672 0
vt -34.70579 0 0
vt -39.85564 0 0
vt -34.70579 4.197672 0
vt -39.85564 4.197672 0
vt -32.73502 0 0
vt -37.88488 0 0
vt -32.73502 4.197672 0
vt -37.88488 4.197672 0
vt -30.1601 0 0
vt -35.30995 0 0
vt -30.1601 4.197672 0
vt -35.30995 4.197672 0
vt -27.02507 0 0
vt -32.17492 0 0
vt -27.02507 4.197672 0
vt -32.17492 4.197672 0
vt -23.38357 4.197672 0
vt -23.38357 0 0
vt -28.53342 4.197672 0
vt -28.53342 0 0
vt -19.29792 4.197672 0
vt -19.29792 0 0
vt -24.44777 4.197672 0
vt -24.44777 0 0
vt -14.83801 4.197672 0
vt -14.83801 0 0
vt -19.98787 4.197672 0
vt -19.98787 0 0
vt -10.08017 4.197672 0
vt -10.08017 0 0
vt -15.23002 4.197672 0
vt -15.23002 0 0
vt -5.105795 4.197672 0
vt -5.105795 0 0
vt -10.25565 4.197672 0
vt -10.25565 0 0
vt 0 4.197672 0
vt 0 0 0
vt -5.149853 4.197672 0
vt -5.149853 0 0
vt 0 0 0
vt -39.37008 0 0
vt -0.3368165 5.138826 0
vt -1.341503 10.18973 0
vt -2.996869 15.06628 0
vt -5.27459 19.68504 0
vt -8.135695 23.96699 0
vt -11.53123 27.83885 0
vt -15.40309 31.23438 0
vt -19.68504 34.09549 0
vt -24.3038 36.37321 0
vt -29.18035 38.02858 0
vt -34.23125 39.03326 0
vt -39.37008 39.37008 0
vt 36.15541 0 0
vt 36.18291 0.4195987 0
vt 39.37008 0 0
vt 36.26495 0.8320179 0
vt 36.40011 1.230201 0
vt 36.58609 1.607335 0
vt 36.81971 1.956967 0
vt 37.09696 2.273115 0
vt 37.41311 2.55037 0
vt 37.76274 2.783986 0
vt 38.13988 2.969968 0
vt 38.53806 3.105133 0
vt 38.95048 3.187169 0
vt 39.37008 3.214671 0
vt 0 0 0
vt 0.3368165 5.138826 0
vt 3.21467 0 0
vt 1.341503 10.18973 0
vt 2.996869 15.06628 0
vt 3.523985 4.719228 0
vt 5.27459 19.68504 0
vt 4.446636 9.357708 0
vt 5.966837 13.83608 0
vt 8.135695 23.96699 0
vt 8.058577 18.0777 0
vt 10.68606 22.01002 0
vt 11.53123 27.83885 0
vt 13.80434 25.56573 0
vt 15.40309 31.23438 0
vt 17.36006 28.68401 0
vt 19.68504 34.09549 0
vt 21.29238 31.3115 0
vt 24.3038 36.37321 0
vt 25.534 33.40324 0
vt 29.18035 38.02858 0
vt 30.01237 34.92344 0
vt 34.23125 39.03326 0
vt 34.65085 35.8461 0
vt 39.37008 39.37008 0
vt 39.37008 36.15541 0
vt 33.27304 4.985074 0
vt 36.15541 4.985074 0
vt 33.27304 4.591372 0
vt 36.15541 4.197672 0
vt 6.097044 4.591372 0
vt 3.21467 4.197672 0
vt 39.37008 4.197672 0
vt 3.21467 4.985074 0
vt 6.097044 4.985074 0
vt 0 0 0
vt 0 4.197672 0
vt 39.37008 0 0
vt 1.75102E-07 -2.649361E-06 0
vt 1.75102E-07 4.197669 0
vt 39.37008 -2.649361E-06 0
vt 3.214671 4.197669 0
vt 3.214671 4.985071 0
vt 6.097044 4.59137 0
vt 6.097044 4.985071 0
vt 33.27304 4.59137 0
vt 33.27304 4.985071 0
vt 36.15541 4.197669 0
vt 39.37008 4.197669 0
vt 36.15541 4.985071 0
vt -36.71086 0 0
vt -41.86071 0 0
vt -36.71086 4.197672 0
vt -41.86071 4.197672 0
vt -36.03867 0 0
vt -41.18852 0 0
vt -36.03867 4.197672 0
vt -41.18852 4.197672 0
vt -34.70579 0 0
vt -39.85564 0 0
vt -34.70579 4.197672 0
vt -39.85564 4.197672 0
vt -32.73502 0 0
vt -37.88488 0 0
vt -32.73502 4.197672 0
vt -37.88488 4.197672 0
vt -30.1601 0 0
vt -35.30995 0 0
vt -30.1601 4.197672 0
vt -35.30995 4.197672 0
vt -27.02507 0 0
vt -32.17492 0 0
vt -27.02507 4.197672 0
vt -32.17492 4.197672 0
vt -23.38357 4.197672 0
vt -23.38357 0 0
vt -28.53342 4.197672 0
vt -28.53342 0 0
vt -19.29792 4.197672 0
vt -19.29792 0 0
vt -24.44777 4.197672 0
vt -24.44777 0 0
vt -14.83801 4.197672 0
vt -14.83801 0 0
vt -19.98787 4.197672 0
vt -19.98787 0 0
vt -10.08017 4.197672 0
vt -10.08017 0 0
vt -15.23002 4.197672 0
vt -15.23002 0 0
vt -5.105795 4.197672 0
vt -5.105795 0 0
vt -10.25565 4.197672 0
vt -10.25565 0 0
vt 0 4.197672 0
vt 0 0 0
vt -5.149853 4.197672 0
vt -5.149853 0 0
vt 0 0 0
vt -39.37008 0 0
vt -0.3368165 5.138826 0
vt -1.341503 10.18973 0
vt -2.996869 15.06628 0
vt -5.27459 19.68504 0
vt -8.135695 23.96699 0
vt -11.53123 27.83885 0
vt -15.40309 31.23438 0
vt -19.68504 34.09549 0
vt -24.3038 36.37321 0
vt -29.18035 38.02858 0
vt -34.23125 39.03326 0
vt -39.37008 39.37008 0
vt 36.15482 0.001201516 0
vt 36.15482 39.37008 0
vt 39.37008 0.001201516 0
vt 39.37008 39.37008 0
vt 0.001201516 0.001201516 0
vt 0.001201516 39.37008 0
vt 3.214056 0.001201516 0
vt 3.214056 39.37008 0
vt 0.001201516 15.48634 0
vt -39.37008 15.48634 0
vt 0.001201516 19.68444 0
vt -39.37008 19.68444 0
vt -3.214056 19.68444 0
vt 0.001201516 19.68444 0
vt -39.37008 19.68444 0
vt -36.15482 19.68444 0
vt -6.097694 20.47263 0
vt -3.214056 20.47263 0
vt -6.097694 20.07854 0
vt -3.214056 19.68444 0
vt -36.15482 19.68444 0
vt -33.27359 20.07854 0
vt -36.15482 20.47263 0
vt -33.27359 20.47263 0
vt 0.001201516 19.68444 0
vt 0.001201516 15.48634 0
vt -39.37008 19.68444 0
vt -39.37008 15.48634 0
vt 39.37008 15.48634 0
vt 37.402 15.48634 0
vt 39.37008 19.68444 0
vt 1.969285 15.48634 0
vt 0.001201516 15.48634 0
vt 0.001201516 19.68444 0
vt 36.15482 19.68444 0
vt 39.37008 19.68444 0
vt 0.001201516 19.68444 0
vt 3.214056 19.68444 0
vt 33.27359 20.47263 0
vt 36.15482 20.47263 0
vt 33.27359 20.07854 0
vt 36.15482 19.68444 0
vt 3.214056 19.68444 0
vt 6.097694 20.07854 0
vt 3.214056 20.47263 0
vt 6.097694 20.47263 0
vt 0.001201516 15.48634 0
vt 0.001201516 19.68444 0
vt 39.37008 15.48634 0
vt 39.37008 19.68444 0
vt 0.001201516 39.37008 0
vt 0.001201516 0.001201516 0
vt -39.37008 39.37008 0
vt -1.969285 0.001201516 0
vt -37.402 0.001201516 0
vt -39.37008 0.001201516 0
vt 39.37125 0.0005878371 0
vt 0.0005878371 0.0005878371 0
vt 39.37125 9.842643 0
vt -39.37008 9.842643 0
vt 0.0005878371 0.0005878371 0
vt -39.37008 0.0005878371 0
vt 36.15498 0.0005878371 0
vt 36.15498 40.58194 0
vt 39.37125 0.0005878371 0
vt 39.37125 40.58194 0
vt 0.0005878371 0.0005878371 0
vt 0.0005878371 40.58194 0
vt 3.21442 0.0005878371 0
vt 3.21442 40.58194 0
vt 0.0005878371 0.0005878371 0
vt -39.37008 0.0005878371 0
vt 0.0005878371 9.842643 0
vt -39.37008 9.842643 0
vt -3.21569 9.842643 0
vt 0.0005878371 9.842643 0
vt -39.37008 9.842643 0
vt -36.15625 9.842643 0
vt -6.096888 10.6302 0
vt -3.21569 10.6302 0
vt -6.096888 10.23642 0
vt -3.21569 9.842643 0
vt -36.15625 9.842643 0
vt -33.2726 10.23642 0
vt -36.15625 10.6302 0
vt -33.2726 10.6302 0
vt 39.37125 0.0005878371 0
vt 0.0005878371 0.0005878371 0
vt 39.37125 9.842643 0
vt -39.37008 9.842643 0
vt 0.0005878371 0.0005878371 0
vt -39.37008 0.0005878371 0
vt 36.15498 0.0005878371 0
vt 36.15498 40.58194 0
vt 39.37125 0.0005878371 0
vt 39.37125 40.58194 0
vt 0.0005878371 0.0005878371 0
vt 0.0005878371 40.58194 0
vt 3.21442 0.0005878371 0
vt 3.21442 40.58194 0
vt 0.0005878371 0.0005878371 0
vt -39.37008 0.0005878371 0
vt 0.0005878371 9.842643 0
vt -39.37008 9.842643 0
vt -3.21569 9.842643 0
vt 0.0005878371 9.842643 0
vt -39.37008 9.842643 0
vt -36.15625 9.842643 0
vt -6.096888 10.6302 0
vt -3.21569 10.6302 0
vt -6.096888 10.23642 0
vt -3.21569 9.842643 0
vt -36.15625 9.842643 0
vt -33.2726 10.23642 0
vt -36.15625 10.6302 0
vt -33.2726 10.6302 0
vt 39.37125 0.0005878371 0
vt 0.0005878371 0.0005878371 0
vt 39.37125 9.842643 0
vt -39.37008 9.842643 0
vt 0.0005878371 0.0005878371 0
vt -39.37008 0.0005878371 0
vt 36.15498 0.0005878371 0
vt 36.15498 40.58194 0
vt 39.37125 0.0005878371 0
vt 39.37125 40.58194 0
vt 0.0005878371 0.0005878371 0
vt 0.0005878371 40.58194 0
vt 3.21442 0.0005878371 0
vt 3.21442 40.58194 0
vt 0.0005878371 0.0005878371 0
vt -39.37008 0.0005878371 0
vt 0.0005878371 9.842643 0
vt -39.37008 9.842643 0
vt -3.21569 9.842643 0
vt 0.0005878371 9.842643 0
vt -39.37008 9.842643 0
vt -36.15625 9.842643 0
vt -6.096888 10.6302 0
vt -3.21569 10.6302 0
vt -6.096888 10.23642 0
vt -3.21569 9.842643 0
vt -36.15625 9.842643 0
vt -33.2726 10.23642 0
vt -36.15625 10.6302 0
vt -33.2726 10.6302 0
vt 36.15541 0 0
vt 36.18291 0.4195987 0
vt 39.37008 0 0
vt 36.26495 0.8320179 0
vt 36.40011 1.230201 0
vt 36.58609 1.607335 0
vt 36.81971 1.956967 0
vt 37.09696 2.273115 0
vt 37.41311 2.55037 0
vt 37.76274 2.783986 0
vt 38.13988 2.969968 0
vt 38.53806 3.105133 0
vt 38.95048 3.187169 0
vt 39.37008 3.214671 0
vt 0 0 0
vt 0.3368165 5.138826 0
vt 3.21467 0 0
vt 1.341503 10.18973 0
vt 2.996869 15.06628 0
vt 3.523985 4.719228 0
vt 5.27459 19.68504 0
vt 4.446636 9.357708 0
vt 5.966837 13.83608 0
vt 8.135695 23.96699 0
vt 8.058577 18.0777 0
vt 10.68606 22.01002 0
vt 11.53123 27.83885 0
vt 13.80434 25.56573 0
vt 15.40309 31.23438 0
vt 17.36006 28.68401 0
vt 19.68504 34.09549 0
vt 21.29238 31.3115 0
vt 24.3038 36.37321 0
vt 25.534 33.40324 0
vt 29.18035 38.02858 0
vt 30.01237 34.92344 0
vt 34.23125 39.03326 0
vt 34.65085 35.8461 0
vt 39.37008 39.37008 0
vt 39.37008 36.15541 0
vt 33.27304 4.985074 0
vt 36.15541 4.985074 0
vt 33.27304 4.591372 0
vt 36.15541 4.197672 0
vt 6.097044 4.591372 0
vt 3.21467 4.197672 0
vt 39.37008 4.197672 0
vt 3.21467 4.985074 0
vt 6.097044 4.985074 0
vt 0 0 0
vt 0 4.197672 0
vt 39.37008 0 0
vt 1.75102E-07 -2.649361E-06 0
vt 1.75102E-07 4.197669 0
vt 39.37008 -2.649361E-06 0
vt 3.214671 4.197669 0
vt 3.214671 4.985071 0
vt 6.097044 4.59137 0
vt 6.097044 4.985071 0
vt 33.27304 4.59137 0
vt 33.27304 4.985071 0
vt 36.15541 4.197669 0
vt 39.37008 4.197669 0
vt 36.15541 4.985071 0
vt -36.71086 0 0
vt -41.86071 0 0
vt -36.71086 4.197672 0
vt -41.86071 4.197672 0
vt -36.03867 0 0
vt -41.18852 0 0
vt -36.03867 4.197672 0
vt -41.18852 4.197672 0
vt -34.70579 0 0
vt -39.85564 0 0
vt -34.70579 4.197672 0
vt -39.85564 4.197672 0
vt -32.73502 0 0
vt -37.88488 0 0
vt -32.73502 4.197672 0
vt -37.88488 4.197672 0
vt -30.1601 0 0
vt -35.30995 0 0
vt -30.1601 4.197672 0
vt -35.30995 4.197672 0
vt -27.02507 0 0
vt -32.17492 0 0
vt -27.02507 4.197672 0
vt -32.17492 4.197672 0
vt -23.38357 4.197672 0
vt -23.38357 0 0
vt -28.53342 4.197672 0
vt -28.53342 0 0
vt -19.29792 4.197672 0
vt -19.29792 0 0
vt -24.44777 4.197672 0
vt -24.44777 0 0
vt -14.83801 4.197672 0
vt -14.83801 0 0
vt -19.98787 4.197672 0
vt -19.98787 0 0
vt -10.08017 4.197672 0
vt -10.08017 0 0
vt -15.23002 4.197672 0
vt -15.23002 0 0
vt -5.105795 4.197672 0
vt -5.105795 0 0
vt -10.25565 4.197672 0
vt -10.25565 0 0
vt 0 4.197672 0
vt 0 0 0
vt -5.149853 4.197672 0
vt -5.149853 0 0
vt 0 0 0
vt -39.37008 0 0
vt -0.3368165 5.138826 0
vt -1.341503 10.18973 0
vt -2.996869 15.06628 0
vt -5.27459 19.68504 0
vt -8.135695 23.96699 0
vt -11.53123 27.83885 0
vt -15.40309 31.23438 0
vt -19.68504 34.09549 0
vt -24.3038 36.37321 0
vt -29.18035 38.02858 0
vt -34.23125 39.03326 0
vt -39.37008 39.37008 0
vt 36.15482 0.001201516 0
vt 36.15482 39.37008 0
vt 39.37008 0.001201516 0
vt 39.37008 39.37008 0
vt 0.001201516 0.001201516 0
vt 0.001201516 39.37008 0
vt 3.214056 0.001201516 0
vt 3.214056 39.37008 0
vt 0.001201516 15.48634 0
vt -39.37008 15.48634 0
vt 0.001201516 19.68444 0
vt -39.37008 19.68444 0
vt -3.214056 19.68444 0
vt 0.001201516 19.68444 0
vt -39.37008 19.68444 0
vt -36.15482 19.68444 0
vt -6.097694 20.47263 0
vt -3.214056 20.47263 0
vt -6.097694 20.07854 0
vt -3.214056 19.68444 0
vt -36.15482 19.68444 0
vt -33.27359 20.07854 0
vt -36.15482 20.47263 0
vt -33.27359 20.47263 0
vt 0.001201516 19.68444 0
vt 0.001201516 15.48634 0
vt -39.37008 19.68444 0
vt -39.37008 15.48634 0
vt 39.37008 15.48634 0
vt 37.402 15.48634 0
vt 39.37008 19.68444 0
vt 1.969285 15.48634 0
vt 0.001201516 15.48634 0
vt 0.001201516 19.68444 0
vt 36.15482 19.68444 0
vt 39.37008 19.68444 0
vt 0.001201516 19.68444 0
vt 3.214056 19.68444 0
vt 33.27359 20.47263 0
vt 36.15482 20.47263 0
vt 33.27359 20.07854 0
vt 36.15482 19.68444 0
vt 3.214056 19.68444 0
vt 6.097694 20.07854 0
vt 3.214056 20.47263 0
vt 6.097694 20.47263 0
vt 0.001201516 15.48634 0
vt 0.001201516 19.68444 0
vt 39.37008 15.48634 0
vt 39.37008 19.68444 0
vt 0.001201516 39.37008 0
vt 0.001201516 0.001201516 0
vt -39.37008 39.37008 0
vt -1.969285 0.001201516 0
vt -37.402 0.001201516 0
vt -39.37008 0.001201516 0
vt 36.15541 0 0
vt 36.18291 0.4195987 0
vt 39.37008 0 0
vt 36.26495 0.8320179 0
vt 36.40011 1.230201 0
vt 36.58609 1.607335 0
vt 36.81971 1.956967 0
vt 37.09696 2.273115 0
vt 37.41311 2.55037 0
vt 37.76274 2.783986 0
vt 38.13988 2.969968 0
vt 38.53806 3.105133 0
vt 38.95048 3.187169 0
vt 39.37008 3.214671 0
vt 0 0 0
vt 0.3368165 5.138826 0
vt 3.21467 0 0
vt 1.341503 10.18973 0
vt 2.996869 15.06628 0
vt 3.523985 4.719228 0
vt 5.27459 19.68504 0
vt 4.446636 9.357708 0
vt 5.966837 13.83608 0
vt 8.135695 23.96699 0
vt 8.058577 18.0777 0
vt 10.68606 22.01002 0
vt 11.53123 27.83885 0
vt 13.80434 25.56573 0
vt 15.40309 31.23438 0
vt 17.36006 28.68401 0
vt 19.68504 34.09549 0
vt 21.29238 31.3115 0
vt 24.3038 36.37321 0
vt 25.534 33.40324 0
vt 29.18035 38.02858 0
vt 30.01237 34.92344 0
vt 34.23125 39.03326 0
vt 34.65085 35.8461 0
vt 39.37008 39.37008 0
vt 39.37008 36.15541 0
vt 33.27304 4.985074 0
vt 36.15541 4.985074 0
vt 33.27304 4.591372 0
vt 36.15541 4.197672 0
vt 6.097044 4.591372 0
vt 3.21467 4.197672 0
vt 39.37008 4.197672 0
vt 3.21467 4.985074 0
vt 6.097044 4.985074 0
vt 0 0 0
vt 0 4.197672 0
vt 39.37008 0 0
vt 1.75102E-07 -2.649361E-06 0
vt 1.75102E-07 4.197669 0
vt 39.37008 -2.649361E-06 0
vt 3.214671 4.197669 0
vt 3.214671 4.985071 0
vt 6.097044 4.59137 0
vt 6.097044 4.985071 0
vt 33.27304 4.59137 0
vt 33.27304 4.985071 0
vt 36.15541 4.197669 0
vt 39.37008 4.197669 0
vt 36.15541 4.985071 0
vt -36.71086 0 0
vt -41.86071 0 0
vt -36.71086 4.197672 0
vt -41.86071 4.197672 0
vt -36.03867 0 0
vt -41.18852 0 0
vt -36.03867 4.197672 0
vt -41.18852 4.197672 0
vt -34.70579 0 0
vt -39.85564 0 0
vt -34.70579 4.197672 0
vt -39.85564 4.197672 0
vt -32.73502 0 0
vt -37.88488 0 0
vt -32.73502 4.197672 0
vt -37.88488 4.197672 0
vt -30.1601 0 0
vt -35.30995 0 0
vt -30.1601 4.197672 0
vt -35.30995 4.197672 0
vt -27.02507 0 0
vt -32.17492 0 0
vt -27.02507 4.197672 0
vt -32.17492 4.197672 0
vt -23.38357 4.197672 0
vt -23.38357 0 0
vt -28.53342 4.197672 0
vt -28.53342 0 0
vt -19.29792 4.197672 0
vt -19.29792 0 0
vt -24.44777 4.197672 0
vt -24.44777 0 0
vt -14.83801 4.197672 0
vt -14.83801 0 0
vt -19.98787 4.197672 0
vt -19.98787 0 0
vt -10.08017 4.197672 0
vt -10.08017 0 0
vt -15.23002 4.197672 0
vt -15.23002 0 0
vt -5.105795 4.197672 0
vt -5.105795 0 0
vt -10.25565 4.197672 0
vt -10.25565 0 0
vt 0 4.197672 0
vt 0 0 0
vt -5.149853 4.197672 0
vt -5.149853 0 0
vt 0 0 0
vt -39.37008 0 0
vt -0.3368165 5.138826 0
vt -1.341503 10.18973 0
vt -2.996869 15.06628 0
vt -5.27459 19.68504 0
vt -8.135695 23.96699 0
vt -11.53123 27.83885 0
vt -15.40309 31.23438 0
vt -19.68504 34.09549 0
vt -24.3038 36.37321 0
vt -29.18035 38.02858 0
vt -34.23125 39.03326 0
vt -39.37008 39.37008 0
vt 36.15541 0 0
vt 36.18291 0.4195987 0
vt 39.37008 0 0
vt 36.26495 0.8320179 0
vt 36.40011 1.230201 0
vt 36.58609 1.607335 0
vt 36.81971 1.956967 0
vt 37.09696 2.273115 0
vt 37.41311 2.55037 0
vt 37.76274 2.783986 0
vt 38.13988 2.969968 0
vt 38.53806 3.105133 0
vt 38.95048 3.187169 0
vt 39.37008 3.214671 0
vt 0 0 0
vt 0.3368165 5.138826 0
vt 3.21467 0 0
vt 1.341503 10.18973 0
vt 2.996869 15.06628 0
vt 3.523985 4.719228 0
vt 5.27459 19.68504 0
vt 4.446636 9.357708 0
vt 5.966837 13.83608 0
vt 8.135695 23.96699 0
vt 8.058577 18.0777 0
vt 10.68606 22.01002 0
vt 11.53123 27.83885 0
vt 13.80434 25.56573 0
vt 15.40309 31.23438 0
vt 17.36006 28.68401 0
vt 19.68504 34.09549 0
vt 21.29238 31.3115 0
vt 24.3038 36.37321 0
vt 25.534 33.40324 0
vt 29.18035 38.02858 0
vt 30.01237 34.92344 0
vt 34.23125 39.03326 0
vt 34.65085 35.8461 0
vt 39.37008 39.37008 0
vt 39.37008 36.15541 0
vt 33.27304 4.985074 0
vt 36.15541 4.985074 0
vt 33.27304 4.591372 0
vt 36.15541 4.197672 0
vt 6.097044 4.591372 0
vt 3.21467 4.197672 0
vt 39.37008 4.197672 0
vt 3.21467 4.985074 0
vt 6.097044 4.985074 0
vt 0 0 0
vt 0 4.197672 0
vt 39.37008 0 0
vt 1.75102E-07 -2.649361E-06 0
vt 1.75102E-07 4.197669 0
vt 39.37008 -2.649361E-06 0
vt 3.214671 4.197669 0
vt 3.214671 4.985071 0
vt 6.097044 4.59137 0
vt 6.097044 4.985071 0
vt 33.27304 4.59137 0
vt 33.27304 4.985071 0
vt 36.15541 4.197669 0
vt 39.37008 4.197669 0
vt 36.15541 4.985071 0
vt -36.71086 0 0
vt -41.86071 0 0
vt -36.71086 4.197672 0
vt -41.86071 4.197672 0
vt -36.03867 0 0
vt -41.18852 0 0
vt -36.03867 4.197672 0
vt -41.18852 4.197672 0
vt -34.70579 0 0
vt -39.85564 0 0
vt -34.70579 4.197672 0
vt -39.85564 4.197672 0
vt -32.73502 0 0
vt -37.88488 0 0
vt -32.73502 4.197672 0
vt -37.88488 4.197672 0
vt -30.1601 0 0
vt -35.30995 0 0
vt -30.1601 4.197672 0
vt -35.30995 4.197672 0
vt -27.02507 0 0
vt -32.17492 0 0
vt -27.02507 4.197672 0
vt -32.17492 4.197672 0
vt -23.38357 4.197672 0
vt -23.38357 0 0
vt -28.53342 4.197672 0
vt -28.53342 0 0
vt -19.29792 4.197672 0
vt -19.29792 0 0
vt -24.44777 4.197672 0
vt -24.44777 0 0
vt -14.83801 4.197672 0
vt -14.83801 0 0
vt -19.98787 4.197672 0
vt -19.98787 0 0
vt -10.08017 4.197672 0
vt -10.08017 0 0
vt -15.23002 4.197672 0
vt -15.23002 0 0
vt -5.105795 4.197672 0
vt -5.105795 0 0
vt -10.25565 4.197672 0
vt -10.25565 0 0
vt 0 4.197672 0
vt 0 0 0
vt -5.149853 4.197672 0
vt -5.149853 0 0
vt 0 0 0
vt -39.37008 0 0
vt -0.3368165 5.138826 0
vt -1.341503 10.18973 0
vt -2.996869 15.06628 0
vt -5.27459 19.68504 0
vt -8.135695 23.96699 0
vt -11.53123 27.83885 0
vt -15.40309 31.23438 0
vt -19.68504 34.09549 0
vt -24.3038 36.37321 0
vt -29.18035 38.02858 0
vt -34.23125 39.03326 0
vt -39.37008 39.37008 0
vt 39.37125 0.0005878371 0
vt 0.0005878371 0.0005878371 0
vt 39.37125 9.842643 0
vt -39.37008 9.842643 0
vt 0.0005878371 0.0005878371 0
vt -39.37008 0.0005878371 0
vt 36.15498 0.0005878371 0
vt 36.15498 40.58194 0
vt 39.37125 0.0005878371 0
vt 39.37125 40.58194 0
vt 0.0005878371 0.0005878371 0
vt 0.0005878371 40.58194 0
vt 3.21442 0.0005878371 0
vt 3.21442 40.58194 0
vt 0.0005878371 0.0005878371 0
vt -39.37008 0.0005878371 0
vt 0.0005878371 9.842643 0
vt -39.37008 9.842643 0
vt -3.21569 9.842643 0
vt 0.0005878371 9.842643 0
vt -39.37008 9.842643 0
vt -36.15625 9.842643 0
vt -6.096888 10.6302 0
vt -3.21569 10.6302 0
vt -6.096888 10.23642 0
vt -3.21569 9.842643 0
vt -36.15625 9.842643 0
vt -33.2726 10.23642 0
vt -36.15625 10.6302 0
vt -33.2726 10.6302 0
vt 36.15482 0.001201516 0
vt 36.15482 39.37008 0
vt 39.37008 0.001201516 0
vt 39.37008 39.37008 0
vt 0.001201516 0.001201516 0
vt 0.001201516 39.37008 0
vt 3.214056 0.001201516 0
vt 3.214056 39.37008 0
vt 0.001201516 15.48634 0
vt -39.37008 15.48634 0
vt 0.001201516 19.68444 0
vt -39.37008 19.68444 0
vt -3.214056 19.68444 0
vt 0.001201516 19.68444 0
vt -39.37008 19.68444 0
vt -36.15482 19.68444 0
vt -6.097694 20.47263 0
vt -3.214056 20.47263 0
vt -6.097694 20.07854 0
vt -3.214056 19.68444 0
vt -36.15482 19.68444 0
vt -33.27359 20.07854 0
vt -36.15482 20.47263 0
vt -33.27359 20.47263 0
vt 0.001201516 19.68444 0
vt 0.001201516 15.48634 0
vt -39.37008 19.68444 0
vt -39.37008 15.48634 0
vt 39.37008 15.48634 0
vt 37.402 15.48634 0
vt 39.37008 19.68444 0
vt 1.969285 15.48634 0
vt 0.001201516 15.48634 0
vt 0.001201516 19.68444 0
vt 36.15482 19.68444 0
vt 39.37008 19.68444 0
vt 0.001201516 19.68444 0
vt 3.214056 19.68444 0
vt 33.27359 20.47263 0
vt 36.15482 20.47263 0
vt 33.27359 20.07854 0
vt 36.15482 19.68444 0
vt 3.214056 19.68444 0
vt 6.097694 20.07854 0
vt 3.214056 20.47263 0
vt 6.097694 20.47263 0
vt 0.001201516 15.48634 0
vt 0.001201516 19.68444 0
vt 39.37008 15.48634 0
vt 39.37008 19.68444 0
vt 0.001201516 39.37008 0
vt 0.001201516 0.001201516 0
vt -39.37008 39.37008 0
vt -1.969285 0.001201516 0
vt -37.402 0.001201516 0
vt -39.37008 0.001201516 0
vt 36.15541 0 0
vt 36.18291 0.4195987 0
vt 39.37008 0 0
vt 36.26495 0.8320179 0
vt 36.40011 1.230201 0
vt 36.58609 1.607335 0
vt 36.81971 1.956967 0
vt 37.09696 2.273115 0
vt 37.41311 2.55037 0
vt 37.76274 2.783986 0
vt 38.13988 2.969968 0
vt 38.53806 3.105133 0
vt 38.95048 3.187169 0
vt 39.37008 3.214671 0
vt 0 0 0
vt 0.3368165 5.138826 0
vt 3.21467 0 0
vt 1.341503 10.18973 0
vt 2.996869 15.06628 0
vt 3.523985 4.719228 0
vt 5.27459 19.68504 0
vt 4.446636 9.357708 0
vt 5.966837 13.83608 0
vt 8.135695 23.96699 0
vt 8.058577 18.0777 0
vt 10.68606 22.01002 0
vt 11.53123 27.83885 0
vt 13.80434 25.56573 0
vt 15.40309 31.23438 0
vt 17.36006 28.68401 0
vt 19.68504 34.09549 0
vt 21.29238 31.3115 0
vt 24.3038 36.37321 0
vt 25.534 33.40324 0
vt 29.18035 38.02858 0
vt 30.01237 34.92344 0
vt 34.23125 39.03326 0
vt 34.65085 35.8461 0
vt 39.37008 39.37008 0
vt 39.37008 36.15541 0
vt 33.27304 4.985074 0
vt 36.15541 4.985074 0
vt 33.27304 4.591372 0
vt 36.15541 4.197672 0
vt 6.097044 4.591372 0
vt 3.21467 4.197672 0
vt 39.37008 4.197672 0
vt 3.21467 4.985074 0
vt 6.097044 4.985074 0
vt 0 0 0
vt 0 4.197672 0
vt 39.37008 0 0
vt 1.75102E-07 -2.649361E-06 0
vt 1.75102E-07 4.197669 0
vt 39.37008 -2.649361E-06 0
vt 3.214671 4.197669 0
vt 3.214671 4.985071 0
vt 6.097044 4.59137 0
vt 6.097044 4.985071 0
vt 33.27304 4.59137 0
vt 33.27304 4.985071 0
vt 36.15541 4.197669 0
vt 39.37008 4.197669 0
vt 36.15541 4.985071 0
vt -36.71086 0 0
vt -41.86071 0 0
vt -36.71086 4.197672 0
vt -41.86071 4.197672 0
vt -36.03867 0 0
vt -41.18852 0 0
vt -36.03867 4.197672 0
vt -41.18852 4.197672 0
vt -34.70579 0 0
vt -39.85564 0 0
vt -34.70579 4.197672 0
vt -39.85564 4.197672 0
vt -32.73502 0 0
vt -37.88488 0 0
vt -32.73502 4.197672 0
vt -37.88488 4.197672 0
vt -30.1601 0 0
vt -35.30995 0 0
vt -30.1601 4.197672 0
vt -35.30995 4.197672 0
vt -27.02507 0 0
vt -32.17492 0 0
vt -27.02507 4.197672 0
vt -32.17492 4.197672 0
vt -23.38357 4.197672 0
vt -23.38357 0 0
vt -28.53342 4.197672 0
vt -28.53342 0 0
vt -19.29792 4.197672 0
vt -19.29792 0 0
vt -24.44777 4.197672 0
vt -24.44777 0 0
vt -14.83801 4.197672 0
vt -14.83801 0 0
vt -19.98787 4.197672 0
vt -19.98787 0 0
vt -10.08017 4.197672 0
vt -10.08017 0 0
vt -15.23002 4.197672 0
vt -15.23002 0 0
vt -5.105795 4.197672 0
vt -5.105795 0 0
vt -10.25565 4.197672 0
vt -10.25565 0 0
vt 0 4.197672 0
vt 0 0 0
vt -5.149853 4.197672 0
vt -5.149853 0 0
vt 0 0 0
vt -39.37008 0 0
vt -0.3368165 5.138826 0
vt -1.341503 10.18973 0
vt -2.996869 15.06628 0
vt -5.27459 19.68504 0
vt -8.135695 23.96699 0
vt -11.53123 27.83885 0
vt -15.40309 31.23438 0
vt -19.68504 34.09549 0
vt -24.3038 36.37321 0
vt -29.18035 38.02858 0
vt -34.23125 39.03326 0
vt -39.37008 39.37008 0
vt 39.37125 0.0005878371 0
vt 0.0005878371 0.0005878371 0
vt 39.37125 9.842643 0
vt -39.37008 9.842643 0
vt 0.0005878371 0.0005878371 0
vt -39.37008 0.0005878371 0
vt 36.15498 0.0005878371 0
vt 36.15498 40.58194 0
vt 39.37125 0.0005878371 0
vt 39.37125 40.58194 0
vt 0.0005878371 0.0005878371 0
vt 0.0005878371 40.58194 0
vt 3.21442 0.0005878371 0
vt 3.21442 40.58194 0
vt 0.0005878371 0.0005878371 0
vt -39.37008 0.0005878371 0
vt 0.0005878371 9.842643 0
vt -39.37008 9.842643 0
vt -3.21569 9.842643 0
vt 0.0005878371 9.842643 0
vt -39.37008 9.842643 0
vt -36.15625 9.842643 0
vt -6.096888 10.6302 0
vt -3.21569 10.6302 0
vt -6.096888 10.23642 0
vt -3.21569 9.842643 0
vt -36.15625 9.842643 0
vt -33.2726 10.23642 0
vt -36.15625 10.6302 0
vt -33.2726 10.6302 0
vt 39.37125 0.0005878371 0
vt 0.0005878371 0.0005878371 0
vt 39.37125 9.842643 0
vt -39.37008 9.842643 0
vt 0.0005878371 0.0005878371 0
vt -39.37008 0.0005878371 0
vt 36.15498 0.0005878371 0
vt 36.15498 40.58194 0
vt 39.37125 0.0005878371 0
vt 39.37125 40.58194 0
vt 0.0005878371 0.0005878371 0
vt 0.0005878371 40.58194 0
vt 3.21442 0.0005878371 0
vt 3.21442 40.58194 0
vt 0.0005878371 0.0005878371 0
vt -39.37008 0.0005878371 0
vt 0.0005878371 9.842643 0
vt -39.37008 9.842643 0
vt -3.21569 9.842643 0
vt 0.0005878371 9.842643 0
vt -39.37008 9.842643 0
vt -36.15625 9.842643 0
vt -6.096888 10.6302 0
vt -3.21569 10.6302 0
vt -6.096888 10.23642 0
vt -3.21569 9.842643 0
vt -36.15625 9.842643 0
vt -33.2726 10.23642 0
vt -36.15625 10.6302 0
vt -33.2726 10.6302 0
vt 36.15482 0.001201516 0
vt 36.15482 39.37008 0
vt 39.37008 0.001201516 0
vt 39.37008 39.37008 0
vt 0.001201516 0.001201516 0
vt 0.001201516 39.37008 0
vt 3.214056 0.001201516 0
vt 3.214056 39.37008 0
vt 0.001201516 15.48634 0
vt -39.37008 15.48634 0
vt 0.001201516 19.68444 0
vt -39.37008 19.68444 0
vt -3.214056 19.68444 0
vt 0.001201516 19.68444 0
vt -39.37008 19.68444 0
vt -36.15482 19.68444 0
vt -6.097694 20.47263 0
vt -3.214056 20.47263 0
vt -6.097694 20.07854 0
vt -3.214056 19.68444 0
vt -36.15482 19.68444 0
vt -33.27359 20.07854 0
vt -36.15482 20.47263 0
vt -33.27359 20.47263 0
vt 0.001201516 19.68444 0
vt 0.001201516 15.48634 0
vt -39.37008 19.68444 0
vt -39.37008 15.48634 0
vt 39.37008 15.48634 0
vt 37.402 15.48634 0
vt 39.37008 19.68444 0
vt 1.969285 15.48634 0
vt 0.001201516 15.48634 0
vt 0.001201516 19.68444 0
vt 36.15482 19.68444 0
vt 39.37008 19.68444 0
vt 0.001201516 19.68444 0
vt 3.214056 19.68444 0
vt 33.27359 20.47263 0
vt 36.15482 20.47263 0
vt 33.27359 20.07854 0
vt 36.15482 19.68444 0
vt 3.214056 19.68444 0
vt 6.097694 20.07854 0
vt 3.214056 20.47263 0
vt 6.097694 20.47263 0
vt 0.001201516 15.48634 0
vt 0.001201516 19.68444 0
vt 39.37008 15.48634 0
vt 39.37008 19.68444 0
vt 0.001201516 39.37008 0
vt 0.001201516 0.001201516 0
vt -39.37008 39.37008 0
vt -1.969285 0.001201516 0
vt -37.402 0.001201516 0
vt -39.37008 0.001201516 0
vt 36.15482 0.001201516 0
vt 36.15482 39.37008 0
vt 39.37008 0.001201516 0
vt 39.37008 39.37008 0
vt 0.001201516 0.001201516 0
vt 0.001201516 39.37008 0
vt 3.214056 0.001201516 0
vt 3.214056 39.37008 0
vt 0.001201516 15.48634 0
vt -39.37008 15.48634 0
vt 0.001201516 19.68444 0
vt -39.37008 19.68444 0
vt -3.214056 19.68444 0
vt 0.001201516 19.68444 0
vt -39.37008 19.68444 0
vt -36.15482 19.68444 0
vt -6.097694 20.47263 0
vt -3.214056 20.47263 0
vt -6.097694 20.07854 0
vt -3.214056 19.68444 0
vt -36.15482 19.68444 0
vt -33.27359 20.07854 0
vt -36.15482 20.47263 0
vt -33.27359 20.47263 0
vt 0.001201516 19.68444 0
vt 0.001201516 15.48634 0
vt -39.37008 19.68444 0
vt -39.37008 15.48634 0
vt 39.37008 15.48634 0
vt 37.402 15.48634 0
vt 39.37008 19.68444 0
vt 1.969285 15.48634 0
vt 0.001201516 15.48634 0
vt 0.001201516 19.68444 0
vt 36.15482 19.68444 0
vt 39.37008 19.68444 0
vt 0.001201516 19.68444 0
vt 3.214056 19.68444 0
vt 33.27359 20.47263 0
vt 36.15482 20.47263 0
vt 33.27359 20.07854 0
vt 36.15482 19.68444 0
vt 3.214056 19.68444 0
vt 6.097694 20.07854 0
vt 3.214056 20.47263 0
vt 6.097694 20.47263 0
vt 0.001201516 15.48634 0
vt 0.001201516 19.68444 0
vt 39.37008 15.48634 0
vt 39.37008 19.68444 0
vt 0.001201516 39.37008 0
vt 0.001201516 0.001201516 0
vt -39.37008 39.37008 0
vt -1.969285 0.001201516 0
vt -37.402 0.001201516 0
vt -39.37008 0.001201516 0
vt 36.15482 0.001201516 0
vt 36.15482 39.37008 0
vt 39.37008 0.001201516 0
vt 39.37008 39.37008 0
vt 0.001201516 0.001201516 0
vt 0.001201516 39.37008 0
vt 3.214056 0.001201516 0
vt 3.214056 39.37008 0
vt 0.001201516 15.48634 0
vt -39.37008 15.48634 0
vt 0.001201516 19.68444 0
vt -39.37008 19.68444 0
vt -3.214056 19.68444 0
vt 0.001201516 19.68444 0
vt -39.37008 19.68444 0
vt -36.15482 19.68444 0
vt -6.097694 20.47263 0
vt -3.214056 20.47263 0
vt -6.097694 20.07854 0
vt -3.214056 19.68444 0
vt -36.15482 19.68444 0
vt -33.27359 20.07854 0
vt -36.15482 20.47263 0
vt -33.27359 20.47263 0
vt 0.001201516 19.68444 0
vt 0.001201516 15.48634 0
vt -39.37008 19.68444 0
vt -39.37008 15.48634 0
vt 39.37008 15.48634 0
vt 37.402 15.48634 0
vt 39.37008 19.68444 0
vt 1.969285 15.48634 0
vt 0.001201516 15.48634 0
vt 0.001201516 19.68444 0
vt 36.15482 19.68444 0
vt 39.37008 19.68444 0
vt 0.001201516 19.68444 0
vt 3.214056 19.68444 0
vt 33.27359 20.47263 0
vt 36.15482 20.47263 0
vt 33.27359 20.07854 0
vt 36.15482 19.68444 0
vt 3.214056 19.68444 0
vt 6.097694 20.07854 0
vt 3.214056 20.47263 0
vt 6.097694 20.47263 0
vt 0.001201516 15.48634 0
vt 0.001201516 19.68444 0
vt 39.37008 15.48634 0
vt 39.37008 19.68444 0
vt 0.001201516 39.37008 0
vt 0.001201516 0.001201516 0
vt -39.37008 39.37008 0
vt -1.969285 0.001201516 0
vt -37.402 0.001201516 0
vt -39.37008 0.001201516 0
vt 36.15541 0 0
vt 36.18291 0.4195987 0
vt 39.37008 0 0
vt 36.26495 0.8320179 0
vt 36.40011 1.230201 0
vt 36.58609 1.607335 0
vt 36.81971 1.956967 0
vt 37.09696 2.273115 0
vt 37.41311 2.55037 0
vt 37.76274 2.783986 0
vt 38.13988 2.969968 0
vt 38.53806 3.105133 0
vt 38.95048 3.187169 0
vt 39.37008 3.214671 0
vt 0 0 0
vt 0.3368165 5.138826 0
vt 3.21467 0 0
vt 1.341503 10.18973 0
vt 2.996869 15.06628 0
vt 3.523985 4.719228 0
vt 5.27459 19.68504 0
vt 4.446636 9.357708 0
vt 5.966837 13.83608 0
vt 8.135695 23.96699 0
vt 8.058577 18.0777 0
vt 10.68606 22.01002 0
vt 11.53123 27.83885 0
vt 13.80434 25.56573 0
vt 15.40309 31.23438 0
vt 17.36006 28.68401 0
vt 19.68504 34.09549 0
vt 21.29238 31.3115 0
vt 24.3038 36.37321 0
vt 25.534 33.40324 0
vt 29.18035 38.02858 0
vt 30.01237 34.92344 0
vt 34.23125 39.03326 0
vt 34.65085 35.8461 0
vt 39.37008 39.37008 0
vt 39.37008 36.15541 0
vt 33.27304 4.985074 0
vt 36.15541 4.985074 0
vt 33.27304 4.591372 0
vt 36.15541 4.197672 0
vt 6.097044 4.591372 0
vt 3.21467 4.197672 0
vt 39.37008 4.197672 0
vt 3.21467 4.985074 0
vt 6.097044 4.985074 0
vt 0 0 0
vt 0 4.197672 0
vt 39.37008 0 0
vt 1.75102E-07 -2.649361E-06 0
vt 1.75102E-07 4.197669 0
vt 39.37008 -2.649361E-06 0
vt 3.214671 4.197669 0
vt 3.214671 4.985071 0
vt 6.097044 4.59137 0
vt 6.097044 4.985071 0
vt 33.27304 4.59137 0
vt 33.27304 4.985071 0
vt 36.15541 4.197669 0
vt 39.37008 4.197669 0
vt 36.15541 4.985071 0
vt -36.71086 0 0
vt -41.86071 0 0
vt -36.71086 4.197672 0
vt -41.86071 4.197672 0
vt -36.03867 0 0
vt -41.18852 0 0
vt -36.03867 4.197672 0
vt -41.18852 4.197672 0
vt -34.70579 0 0
vt -39.85564 0 0
vt -34.70579 4.197672 0
vt -39.85564 4.197672 0
vt -32.73502 0 0
vt -37.88488 0 0
vt -32.73502 4.197672 0
vt -37.88488 4.197672 0
vt -30.1601 0 0
vt -35.30995 0 0
vt -30.1601 4.197672 0
vt -35.30995 4.197672 0
vt -27.02507 0 0
vt -32.17492 0 0
vt -27.02507 4.197672 0
vt -32.17492 4.197672 0
vt -23.38357 4.197672 0
vt -23.38357 0 0
vt -28.53342 4.197672 0
vt -28.53342 0 0
vt -19.29792 4.197672 0
vt -19.29792 0 0
vt -24.44777 4.197672 0
vt -24.44777 0 0
vt -14.83801 4.197672 0
vt -14.83801 0 0
vt -19.98787 4.197672 0
vt -19.98787 0 0
vt -10.08017 4.197672 0
vt -10.08017 0 0
vt -15.23002 4.197672 0
vt -15.23002 0 0
vt -5.105795 4.197672 0
vt -5.105795 0 0
vt -10.25565 4.197672 0
vt -10.25565 0 0
vt 0 4.197672 0
vt 0 0 0
vt -5.149853 4.197672 0
vt -5.149853 0 0
vt 0 0 0
vt -39.37008 0 0
vt -0.3368165 5.138826 0
vt -1.341503 10.18973 0
vt -2.996869 15.06628 0
vt -5.27459 19.68504 0
vt -8.135695 23.96699 0
vt -11.53123 27.83885 0
vt -15.40309 31.23438 0
vt -19.68504 34.09549 0
vt -24.3038 36.37321 0
vt -29.18035 38.02858 0
vt -34.23125 39.03326 0
vt -39.37008 39.37008 0
vt 36.15541 0 0
vt 36.18291 0.4195987 0
vt 39.37008 0 0
vt 36.26495 0.8320179 0
vt 36.40011 1.230201 0
vt 36.58609 1.607335 0
vt 36.81971 1.956967 0
vt 37.09696 2.273115 0
vt 37.41311 2.55037 0
vt 37.76274 2.783986 0
vt 38.13988 2.969968 0
vt 38.53806 3.105133 0
vt 38.95048 3.187169 0
vt 39.37008 3.214671 0
vt 0 0 0
vt 0.3368165 5.138826 0
vt 3.21467 0 0
vt 1.341503 10.18973 0
vt 2.996869 15.06628 0
vt 3.523985 4.719228 0
vt 5.27459 19.68504 0
vt 4.446636 9.357708 0
vt 5.966837 13.83608 0
vt 8.135695 23.96699 0
vt 8.058577 18.0777 0
vt 10.68606 22.01002 0
vt 11.53123 27.83885 0
vt 13.80434 25.56573 0
vt 15.40309 31.23438 0
vt 17.36006 28.68401 0
vt 19.68504 34.09549 0
vt 21.29238 31.3115 0
vt 24.3038 36.37321 0
vt 25.534 33.40324 0
vt 29.18035 38.02858 0
vt 30.01237 34.92344 0
vt 34.23125 39.03326 0
vt 34.65085 35.8461 0
vt 39.37008 39.37008 0
vt 39.37008 36.15541 0
vt 33.27304 4.985074 0
vt 36.15541 4.985074 0
vt 33.27304 4.591372 0
vt 36.15541 4.197672 0
vt 6.097044 4.591372 0
vt 3.21467 4.197672 0
vt 39.37008 4.197672 0
vt 3.21467 4.985074 0
vt 6.097044 4.985074 0
vt 0 0 0
vt 0 4.197672 0
vt 39.37008 0 0
vt 1.75102E-07 -2.649361E-06 0
vt 1.75102E-07 4.197669 0
vt 39.37008 -2.649361E-06 0
vt 3.214671 4.197669 0
vt 3.214671 4.985071 0
vt 6.097044 4.59137 0
vt 6.097044 4.985071 0
vt 33.27304 4.59137 0
vt 33.27304 4.985071 0
vt 36.15541 4.197669 0
vt 39.37008 4.197669 0
vt 36.15541 4.985071 0
vt -36.71086 0 0
vt -41.86071 0 0
vt -36.71086 4.197672 0
vt -41.86071 4.197672 0
vt -36.03867 0 0
vt -41.18852 0 0
vt -36.03867 4.197672 0
vt -41.18852 4.197672 0
vt -34.70579 0 0
vt -39.85564 0 0
vt -34.70579 4.197672 0
vt -39.85564 4.197672 0
vt -32.73502 0 0
vt -37.88488 0 0
vt -32.73502 4.197672 0
vt -37.88488 4.197672 0
vt -30.1601 0 0
vt -35.30995 0 0
vt -30.1601 4.197672 0
vt -35.30995 4.197672 0
vt -27.02507 0 0
vt -32.17492 0 0
vt -27.02507 4.197672 0
vt -32.17492 4.197672 0
vt -23.38357 4.197672 0
vt -23.38357 0 0
vt -28.53342 4.197672 0
vt -28.53342 0 0
vt -19.29792 4.197672 0
vt -19.29792 0 0
vt -24.44777 4.197672 0
vt -24.44777 0 0
vt -14.83801 4.197672 0
vt -14.83801 0 0
vt -19.98787 4.197672 0
vt -19.98787 0 0
vt -10.08017 4.197672 0
vt -10.08017 0 0
vt -15.23002 4.197672 0
vt -15.23002 0 0
vt -5.105795 4.197672 0
vt -5.105795 0 0
vt -10.25565 4.197672 0
vt -10.25565 0 0
vt 0 4.197672 0
vt 0 0 0
vt -5.149853 4.197672 0
vt -5.149853 0 0
vt 0 0 0
vt -39.37008 0 0
vt -0.3368165 5.138826 0
vt -1.341503 10.18973 0
vt -2.996869 15.06628 0
vt -5.27459 19.68504 0
vt -8.135695 23.96699 0
vt -11.53123 27.83885 0
vt -15.40309 31.23438 0
vt -19.68504 34.09549 0
vt -24.3038 36.37321 0
vt -29.18035 38.02858 0
vt -34.23125 39.03326 0
vt -39.37008 39.37008 0
vt 36.15541 0 0
vt 36.18291 0.4195987 0
vt 39.37008 0 0
vt 36.26495 0.8320179 0
vt 36.40011 1.230201 0
vt 36.58609 1.607335 0
vt 36.81971 1.956967 0
vt 37.09696 2.273115 0
vt 37.41311 2.55037 0
vt 37.76274 2.783986 0
vt 38.13988 2.969968 0
vt 38.53806 3.105133 0
vt 38.95048 3.187169 0
vt 39.37008 3.214671 0
vt 0 0 0
vt 0.3368165 5.138826 0
vt 3.21467 0 0
vt 1.341503 10.18973 0
vt 2.996869 15.06628 0
vt 3.523985 4.719228 0
vt 5.27459 19.68504 0
vt 4.446636 9.357708 0
vt 5.966837 13.83608 0
vt 8.135695 23.96699 0
vt 8.058577 18.0777 0
vt 10.68606 22.01002 0
vt 11.53123 27.83885 0
vt 13.80434 25.56573 0
vt 15.40309 31.23438 0
vt 17.36006 28.68401 0
vt 19.68504 34.09549 0
vt 21.29238 31.3115 0
vt 24.3038 36.37321 0
vt 25.534 33.40324 0
vt 29.18035 38.02858 0
vt 30.01237 34.92344 0
vt 34.23125 39.03326 0
vt 34.65085 35.8461 0
vt 39.37008 39.37008 0
vt 39.37008 36.15541 0
vt 33.27304 4.985074 0
vt 36.15541 4.985074 0
vt 33.27304 4.591372 0
vt 36.15541 4.197672 0
vt 6.097044 4.591372 0
vt 3.21467 4.197672 0
vt 39.37008 4.197672 0
vt 3.21467 4.985074 0
vt 6.097044 4.985074 0
vt 0 0 0
vt 0 4.197672 0
vt 39.37008 0 0
vt 1.75102E-07 -2.649361E-06 0
vt 1.75102E-07 4.197669 0
vt 39.37008 -2.649361E-06 0
vt 3.214671 4.197669 0
vt 3.214671 4.985071 0
vt 6.097044 4.59137 0
vt 6.097044 4.985071 0
vt 33.27304 4.59137 0
vt 33.27304 4.985071 0
vt 36.15541 4.197669 0
vt 39.37008 4.197669 0
vt 36.15541 4.985071 0
vt -36.71086 0 0
vt -41.86071 0 0
vt -36.71086 4.197672 0
vt -41.86071 4.197672 0
vt -36.03867 0 0
vt -41.18852 0 0
vt -36.03867 4.197672 0
vt -41.18852 4.197672 0
vt -34.70579 0 0
vt -39.85564 0 0
vt -34.70579 4.197672 0
vt -39.85564 4.197672 0
vt -32.73502 0 0
vt -37.88488 0 0
vt -32.73502 4.197672 0
vt -37.88488 4.197672 0
vt -30.1601 0 0
vt -35.30995 0 0
vt -30.1601 4.197672 0
vt -35.30995 4.197672 0
vt -27.02507 0 0
vt -32.17492 0 0
vt -27.02507 4.197672 0
vt -32.17492 4.197672 0
vt -23.38357 4.197672 0
vt -23.38357 0 0
vt -28.53342 4.197672 0
vt -28.53342 0 0
vt -19.29792 4.197672 0
vt -19.29792 0 0
vt -24.44777 4.197672 0
vt -24.44777 0 0
vt -14.83801 4.197672 0
vt -14.83801 0 0
vt -19.98787 4.197672 0
vt -19.98787 0 0
vt -10.08017 4.197672 0
vt -10.08017 0 0
vt -15.23002 4.197672 0
vt -15.23002 0 0
vt -5.105795 4.197672 0
vt -5.105795 0 0
vt -10.25565 4.197672 0
vt -10.25565 0 0
vt 0 4.197672 0
vt 0 0 0
vt -5.149853 4.197672 0
vt -5.149853 0 0
vt 0 0 0
vt -39.37008 0 0
vt -0.3368165 5.138826 0
vt -1.341503 10.18973 0
vt -2.996869 15.06628 0
vt -5.27459 19.68504 0
vt -8.135695 23.96699 0
vt -11.53123 27.83885 0
vt -15.40309 31.23438 0
vt -19.68504 34.09549 0
vt -24.3038 36.37321 0
vt -29.18035 38.02858 0
vt -34.23125 39.03326 0
vt -39.37008 39.37008 0
vn 0.01587102 0.999874 5.683625E-14
vn 0.01587102 0.999874 5.683625E-14
vn 0.01587102 0.999874 5.683625E-14
vn 0.01587102 0.999874 5.683625E-14
vn 0.01587102 0.999874 5.683625E-14
vn 0.01587102 0.999874 5.683625E-14
vn 0.01587102 0.999874 5.683625E-14
vn 0.01587102 0.999874 5.683625E-14
vn 0.01587302 0.01587302 0.999748
vn 0.01587302 0.01587302 0.999748
vn 0.01587302 0.01587302 0.999748
vn 0.01587302 0.01587302 0.999748
vn 0.01587102 0.999874 5.683625E-14
vn 0.01587102 0.999874 5.683625E-14
vn 0.01587102 0.999874 5.683625E-14
vn 0.01587102 0.999874 5.683625E-14
vn 0.01587302 0.01587302 0.999748
vn 0.01587302 0.01587302 0.999748
vn 0.01587302 0.01587302 0.999748
vn 0.01587302 0.01587302 0.999748
vn 0.01587302 0.01587302 0.999748
vn 0.01587302 0.01587302 0.999748
vn 0.01587302 0.01587302 0.999748
vn 0.01587302 0.01587302 0.999748
vn -0.999874 0.01587102 9.021695E-16
vn -0.999874 0.01587102 9.021695E-16
vn -0.999874 0.01587102 9.021695E-16
vn -0.999874 0.01587102 9.021695E-16
vn 0.01587302 0.01587302 -0.999748
vn 0.01587302 0.01587302 -0.999748
vn 0.01587302 0.01587302 -0.999748
vn 0.01587302 0.01587302 -0.999748
vn 0.01587302 0.01587302 -0.999748
vn 0.01587302 0.01587302 -0.999748
vn 0.01587102 0.999874 5.683625E-14
vn 0.01587102 0.999874 5.683625E-14
vn 0.01587102 0.999874 5.683625E-14
vn 0.01587102 0.999874 5.683625E-14
vn 0.01587302 0.01587302 -0.999748
vn 0.01587302 0.01587302 -0.999748
vn 0.01587302 0.01587302 -0.999748
vn 0.01587302 0.01587302 -0.999748
vn 0.01587302 0.01587302 -0.999748
vn 0.01587302 0.01587302 -0.999748
vn 0.01587302 0.01587302 -0.999748
vn 0.01587302 0.01587302 -0.999748
vn 0.999874 0.01587102 9.021559E-16
vn 0.999874 0.01587102 9.021559E-16
vn 0.999874 0.01587102 9.021559E-16
vn 0.999874 0.01587102 9.021559E-16
vn 0.01587102 -0.999874 -5.683625E-14
vn 0.01587102 -0.999874 -5.683625E-14
vn 0.01587102 -0.999874 -5.683625E-14
vn 0.01587102 -0.999874 -5.683625E-14
vn 0.01587102 -0.999874 -5.683625E-14
vn 0.01587102 -0.999874 -5.683625E-14
vn 0.01587102 0.999874 5.683625E-14
vn 0.01587102 0.999874 5.683625E-14
vn 0.01587102 0.999874 5.683625E-14
vn 0.01587102 0.999874 5.683625E-14
vn 0.01587102 0.999874 5.683625E-14
vn 0.01587102 0.999874 5.683625E-14
vn 0.01587102 0.999874 5.683625E-14
vn 0.01587102 0.999874 5.683625E-14
vn 0.01587302 0.01587302 0.999748
vn 0.01587302 0.01587302 0.999748
vn 0.01587302 0.01587302 0.999748
vn 0.01587302 0.01587302 0.999748
vn 0.01587102 0.999874 5.683625E-14
vn 0.01587102 0.999874 5.683625E-14
vn 0.01587102 0.999874 5.683625E-14
vn 0.01587102 0.999874 5.683625E-14
vn 0.01587302 0.01587302 0.999748
vn 0.01587302 0.01587302 0.999748
vn 0.01587302 0.01587302 0.999748
vn 0.01587302 0.01587302 0.999748
vn 0.01587302 0.01587302 0.999748
vn 0.01587302 0.01587302 0.999748
vn 0.01587302 0.01587302 0.999748
vn 0.01587302 0.01587302 0.999748
vn -0.999874 0.01587102 9.021695E-16
vn -0.999874 0.01587102 9.021695E-16
vn -0.999874 0.01587102 9.021695E-16
vn -0.999874 0.01587102 9.021695E-16
vn 0.01587302 0.01587302 -0.999748
vn 0.01587302 0.01587302 -0.999748
vn 0.01587302 0.01587302 -0.999748
vn 0.01587302 0.01587302 -0.999748
vn 0.01587302 0.01587302 -0.999748
vn 0.01587302 0.01587302 -0.999748
vn 0.01587102 0.999874 5.683625E-14
vn 0.01587102 0.999874 5.683625E-14
vn 0.01587102 0.999874 5.683625E-14
vn 0.01587102 0.999874 5.683625E-14
vn 0.01587302 0.01587302 -0.999748
vn 0.01587302 0.01587302 -0.999748
vn 0.01587302 0.01587302 -0.999748
vn 0.01587302 0.01587302 -0.999748
vn 0.01587302 0.01587302 -0.999748
vn 0.01587302 0.01587302 -0.999748
vn 0.01587302 0.01587302 -0.999748
vn 0.01587302 0.01587302 -0.999748
vn 0.999874 0.01587102 9.021559E-16
vn 0.999874 0.01587102 9.021559E-16
vn 0.999874 0.01587102 9.021559E-16
vn 0.999874 0.01587102 9.021559E-16
vn 0.01587102 -0.999874 -5.683625E-14
vn 0.01587102 -0.999874 -5.683625E-14
vn 0.01587102 -0.999874 -5.683625E-14
vn 0.01587102 -0.999874 -5.683625E-14
vn 0.01587102 -0.999874 -5.683625E-14
vn 0.01587102 -0.999874 -5.683625E-14
vn 0.01587102 0.999874 5.683625E-14
vn 0.01587102 0.999874 5.683625E-14
vn 0.01587102 0.999874 5.683625E-14
vn 0.01587102 0.999874 5.683625E-14
vn 0.01587102 0.999874 5.683625E-14
vn 0.01587102 0.999874 5.683625E-14
vn 0.01587102 0.999874 5.683625E-14
vn 0.01587102 0.999874 5.683625E-14
vn 0.01587302 0.01587302 0.999748
vn 0.01587302 0.01587302 0.999748
vn 0.01587302 0.01587302 0.999748
vn 0.01587302 0.01587302 0.999748
vn 0.01587102 0.999874 5.683625E-14
vn 0.01587102 0.999874 5.683625E-14
vn 0.01587102 0.999874 5.683625E-14
vn 0.01587102 0.999874 5.683625E-14
vn 0.01587302 0.01587302 0.999748
vn 0.01587302 0.01587302 0.999748
vn 0.01587302 0.01587302 0.999748
vn 0.01587302 0.01587302 0.999748
vn 0.01587302 0.01587302 0.999748
vn 0.01587302 0.01587302 0.999748
vn 0.01587302 0.01587302 0.999748
vn 0.01587302 0.01587302 0.999748
vn -0.999874 0.01587102 9.021695E-16
vn -0.999874 0.01587102 9.021695E-16
vn -0.999874 0.01587102 9.021695E-16
vn -0.999874 0.01587102 9.021695E-16
vn 0.01587302 0.01587302 -0.999748
vn 0.01587302 0.01587302 -0.999748
vn 0.01587302 0.01587302 -0.999748
vn 0.01587302 0.01587302 -0.999748
vn 0.01587302 0.01587302 -0.999748
vn 0.01587302 0.01587302 -0.999748
vn 0.01587102 0.999874 5.683625E-14
vn 0.01587102 0.999874 5.683625E-14
vn 0.01587102 0.999874 5.683625E-14
vn 0.01587102 0.999874 5.683625E-14
vn 0.01587302 0.01587302 -0.999748
vn 0.01587302 0.01587302 -0.999748
vn 0.01587302 0.01587302 -0.999748
vn 0.01587302 0.01587302 -0.999748
vn 0.01587302 0.01587302 -0.999748
vn 0.01587302 0.01587302 -0.999748
vn 0.01587302 0.01587302 -0.999748
vn 0.01587302 0.01587302 -0.999748
vn 0.999874 0.01587102 9.021559E-16
vn 0.999874 0.01587102 9.021559E-16
vn 0.999874 0.01587102 9.021559E-16
vn 0.999874 0.01587102 9.021559E-16
vn 0.01587102 -0.999874 -5.683625E-14
vn 0.01587102 -0.999874 -5.683625E-14
vn 0.01587102 -0.999874 -5.683625E-14
vn 0.01587102 -0.999874 -5.683625E-14
vn 0.01587102 -0.999874 -5.683625E-14
vn 0.01587102 -0.999874 -5.683625E-14
vn 0.01587102 0.999874 5.683625E-14
vn 0.01587102 0.999874 5.683625E-14
vn 0.01587102 0.999874 5.683625E-14
vn 0.01587102 0.999874 5.683625E-14
vn 0.01587102 0.999874 5.683625E-14
vn 0.01587102 0.999874 5.683625E-14
vn 0.01587102 0.999874 5.683625E-14
vn 0.01587102 0.999874 5.683625E-14
vn 0.01587302 0.01587302 0.999748
vn 0.01587302 0.01587302 0.999748
vn 0.01587302 0.01587302 0.999748
vn 0.01587302 0.01587302 0.999748
vn 0.01587102 0.999874 5.683625E-14
vn 0.01587102 0.999874 5.683625E-14
vn 0.01587102 0.999874 5.683625E-14
vn 0.01587102 0.999874 5.683625E-14
vn 0.01587302 0.01587302 0.999748
vn 0.01587302 0.01587302 0.999748
vn 0.01587302 0.01587302 0.999748
vn 0.01587302 0.01587302 0.999748
vn 0.01587302 0.01587302 0.999748
vn 0.01587302 0.01587302 0.999748
vn 0.01587302 0.01587302 0.999748
vn 0.01587302 0.01587302 0.999748
vn -0.999874 0.01587102 9.021695E-16
vn -0.999874 0.01587102 9.021695E-16
vn -0.999874 0.01587102 9.021695E-16
vn -0.999874 0.01587102 9.021695E-16
vn 0.01587302 0.01587302 -0.999748
vn 0.01587302 0.01587302 -0.999748
vn 0.01587302 0.01587302 -0.999748
vn 0.01587302 0.01587302 -0.999748
vn 0.01587302 0.01587302 -0.999748
vn 0.01587302 0.01587302 -0.999748
vn 0.01587102 0.999874 5.683625E-14
vn 0.01587102 0.999874 5.683625E-14
vn 0.01587102 0.999874 5.683625E-14
vn 0.01587102 0.999874 5.683625E-14
vn 0.01587302 0.01587302 -0.999748
vn 0.01587302 0.01587302 -0.999748
vn 0.01587302 0.01587302 -0.999748
vn 0.01587302 0.01587302 -0.999748
vn 0.01587302 0.01587302 -0.999748
vn 0.01587302 0.01587302 -0.999748
vn 0.01587302 0.01587302 -0.999748
vn 0.01587302 0.01587302 -0.999748
vn 0.999874 0.01587102 9.021559E-16
vn 0.999874 0.01587102 9.021559E-16
vn 0.999874 0.01587102 9.021559E-16
vn 0.999874 0.01587102 9.021559E-16
vn 0.01587102 -0.999874 -5.683625E-14
vn 0.01587102 -0.999874 -5.683625E-14
vn 0.01587102 -0.999874 -5.683625E-14
vn 0.01587102 -0.999874 -5.683625E-14
vn 0.01587102 -0.999874 -5.683625E-14
vn 0.01587102 -0.999874 -5.683625E-14
vn 0 1 0
vn 0 1 0
vn 0 1 0
vn 0 1 0
vn 0 1 0
vn 0 1 0
vn 0 1 0
vn 0 1 0
vn 0 1 0
vn 0 1 0
vn 0 1 0
vn 0 1 0
vn 0 1 0
vn 0 1 0
vn 0 1 0
vn 0 1 0
vn 0 1 0
vn 0 1 0
vn 0 1 0
vn 0 1 0
vn 0 1 0
vn 0 1 0
vn 0 1 0
vn 0 1 0
vn 0 1 0
vn 0 1 0
vn 0 1 0
vn 0 1 0
vn 0 1 0
vn 0 1 0
vn 0 1 0
vn 0 1 0
vn 0 1 0
vn 0 1 0
vn 0 1 0
vn 0 1 0
vn 0 1 0
vn 0 1 0
vn 0 1 0
vn 0 1 0
vn 0 0 -1
vn 0 0 -1
vn 0 0 -1
vn 0 0 -1
vn 0 0 -1
vn 0 0 -1
vn 0 0 -1
vn 0 0 -1
vn 0 0 -1
vn 0 0 -1
vn 0 0 -1
vn 0 0 -1
vn 1 0 0
vn 1 0 0
vn 1 0 0
vn 1 0 0
vn 1 0 0
vn 1 0 0
vn 1 0 0
vn 1 0 0
vn 1 0 0
vn 1 0 0
vn 1 0 0
vn 1 0 0
vn -0.1305262 0 0.9914449
vn -0.06540318 0 0.9978589
vn -0.1305262 0 0.9914449
vn -0.06540318 0 0.9978589
vn -0.258819 0 0.9659258
vn -0.1305262 0 0.9914449
vn -0.258819 0 0.9659258
vn -0.1305262 0 0.9914449
vn -0.3826834 0 0.9238795
vn -0.258819 0 0.9659258
vn -0.3826834 0 0.9238795
vn -0.258819 0 0.9659258
vn -0.5 0 0.8660254
vn -0.3826834 0 0.9238795
vn -0.5 0 0.8660254
vn -0.3826834 0 0.9238795
vn -0.6087614 0 0.7933533
vn -0.5 0 0.8660254
vn -0.6087614 0 0.7933533
vn -0.5 0 0.8660254
vn -0.7071068 0 0.7071068
vn -0.6087614 0 0.7933533
vn -0.7071068 0 0.7071068
vn -0.6087614 0 0.7933533
vn -0.7933533 0 0.6087614
vn -0.7933533 0 0.6087614
vn -0.7071068 0 0.7071068
vn -0.7071068 0 0.7071068
vn -0.8660254 0 0.5
vn -0.8660254 0 0.5
vn -0.7933533 0 0.6087614
vn -0.7933533 0 0.6087614
vn -0.9238795 0 0.3826834
vn -0.9238795 0 0.3826834
vn -0.8660254 0 0.5
vn -0.8660254 0 0.5
vn -0.9659258 0 0.258819
vn -0.9659258 0 0.258819
vn -0.9238795 0 0.3826834
vn -0.9238795 0 0.3826834
vn -0.9914449 0 0.1305262
vn -0.9914449 0 0.1305262
vn -0.9659258 0 0.258819
vn -0.9659258 0 0.258819
vn -0.9978589 0 0.06540314
vn -0.9978589 0 0.06540314
vn -0.9914449 0 0.1305262
vn -0.9914449 0 0.1305262
vn 0 -1 0
vn 0 -1 0
vn 0 -1 0
vn 0 -1 0
vn 0 -1 0
vn 0 -1 0
vn 0 -1 0
vn 0 -1 0
vn 0 -1 0
vn 0 -1 0
vn 0 -1 0
vn 0 -1 0
vn 0 -1 0
vn 0 -1 0
vn 0 1 0
vn 0 1 0
vn 0 1 0
vn 0 1 0
vn 0 1 0
vn 0 1 0
vn 0 1 0
vn 0 1 0
vn 0 1 0
vn 0 1 0
vn 0 1 0
vn 0 1 0
vn 0 1 0
vn 0 1 0
vn 0 1 0
vn 0 1 0
vn 0 1 0
vn 0 1 0
vn 0 1 0
vn 0 1 0
vn 0 1 0
vn 0 1 0
vn 0 1 0
vn 0 1 0
vn 0 1 0
vn 0 1 0
vn 0 1 0
vn 0 1 0
vn 0 1 0
vn 0 1 0
vn 0 1 0
vn 0 1 0
vn 0 1 0
vn 0 1 0
vn 0 1 0
vn 0 1 0
vn 0 1 0
vn 0 1 0
vn 0 1 0
vn 0 1 0
vn -1 0 8.34465E-07
vn -1 0 8.34465E-07
vn -1 0 8.34465E-07
vn -1 0 8.34465E-07
vn -1 0 8.34465E-07
vn -1 0 8.34465E-07
vn -1 0 8.34465E-07
vn -1 0 8.34465E-07
vn -1 0 8.34465E-07
vn -1 0 8.34465E-07
vn -1 0 8.34465E-07
vn -1 0 8.34465E-07
vn -8.34465E-07 0 -1
vn -8.34465E-07 0 -1
vn -8.34465E-07 0 -1
vn -8.34465E-07 0 -1
vn -8.34465E-07 0 -1
vn -8.34465E-07 0 -1
vn -8.34465E-07 0 -1
vn -8.34465E-07 0 -1
vn -8.34465E-07 0 -1
vn -8.34465E-07 0 -1
vn -8.34465E-07 0 -1
vn -8.34465E-07 0 -1
vn 0.991445 0 0.1305254
vn 0.997859 0 0.06540234
vn 0.991445 0 0.1305254
vn 0.997859 0 0.06540234
vn 0.9659261 0 0.2588182
vn 0.991445 0 0.1305254
vn 0.9659261 0 0.2588182
vn 0.991445 0 0.1305254
vn 0.9238798 0 0.3826826
vn 0.9659261 0 0.2588182
vn 0.9238798 0 0.3826826
vn 0.9659261 0 0.2588182
vn 0.8660259 0 0.4999993
vn 0.9238798 0 0.3826826
vn 0.8660259 0 0.4999993
vn 0.9238798 0 0.3826826
vn 0.7933539 0 0.6087608
vn 0.8660259 0 0.4999993
vn 0.7933539 0 0.6087608
vn 0.8660259 0 0.4999993
vn 0.7071074 0 0.7071062
vn 0.7933539 0 0.6087608
vn 0.7071074 0 0.7071062
vn 0.7933539 0 0.6087608
vn 0.6087621 0 0.7933528
vn 0.6087621 0 0.7933528
vn 0.7071074 0 0.7071062
vn 0.7071074 0 0.7071062
vn 0.5000007 0 0.866025
vn 0.5000007 0 0.866025
vn 0.6087621 0 0.7933528
vn 0.6087621 0 0.7933528
vn 0.3826842 0 0.9238792
vn 0.3826842 0 0.9238792
vn 0.5000007 0 0.866025
vn 0.5000007 0 0.866025
vn 0.2588198 0 0.9659256
vn 0.2588198 0 0.9659256
vn 0.3826842 0 0.9238792
vn 0.3826842 0 0.9238792
vn 0.130527 0 0.9914448
vn 0.130527 0 0.9914448
vn 0.2588198 0 0.9659256
vn 0.2588198 0 0.9659256
vn 0.06540398 0 0.9978589
vn 0.06540398 0 0.9978589
vn 0.130527 0 0.9914448
vn 0.130527 0 0.9914448
vn 0 -1 0
vn 0 -1 0
vn 0 -1 0
vn 0 -1 0
vn 0 -1 0
vn 0 -1 0
vn 0 -1 0
vn 0 -1 0
vn 0 -1 0
vn 0 -1 0
vn 0 -1 0
vn 0 -1 0
vn 0 -1 0
vn 0 -1 0
vn -0.01587102 0.999874 2.45957E-08
vn -0.01587102 0.999874 2.45957E-08
vn -0.01587102 0.999874 2.45957E-08
vn -0.01587102 0.999874 2.45957E-08
vn -0.01587102 0.999874 2.45957E-08
vn -0.01587102 0.999874 2.45957E-08
vn -0.01587102 0.999874 2.45957E-08
vn -0.01587102 0.999874 2.45957E-08
vn -0.01587457 0.01587302 -0.999748
vn -0.01587457 0.01587302 -0.999748
vn -0.01587457 0.01587302 -0.999748
vn -0.01587457 0.01587302 -0.999748
vn -0.01587102 0.999874 2.45957E-08
vn -0.01587102 0.999874 2.45957E-08
vn -0.01587102 0.999874 2.45957E-08
vn -0.01587102 0.999874 2.45957E-08
vn -0.01587457 0.01587302 -0.999748
vn -0.01587457 0.01587302 -0.999748
vn -0.01587457 0.01587302 -0.999748
vn -0.01587457 0.01587302 -0.999748
vn -0.01587457 0.01587302 -0.999748
vn -0.01587457 0.01587302 -0.999748
vn -0.01587457 0.01587302 -0.999748
vn -0.01587457 0.01587302 -0.999748
vn 0.999874 0.01587102 -1.549525E-06
vn 0.999874 0.01587102 -1.549525E-06
vn 0.999874 0.01587102 -1.549525E-06
vn 0.999874 0.01587102 -1.549525E-06
vn -0.01587147 0.01587302 0.999748
vn -0.01587147 0.01587302 0.999748
vn -0.01587147 0.01587302 0.999748
vn -0.01587147 0.01587302 0.999748
vn -0.01587147 0.01587302 0.999748
vn -0.01587147 0.01587302 0.999748
vn -0.01587102 0.999874 2.45957E-08
vn -0.01587102 0.999874 2.45957E-08
vn -0.01587102 0.999874 2.45957E-08
vn -0.01587102 0.999874 2.45957E-08
vn -0.01587147 0.01587302 0.999748
vn -0.01587147 0.01587302 0.999748
vn -0.01587147 0.01587302 0.999748
vn -0.01587147 0.01587302 0.999748
vn -0.01587147 0.01587302 0.999748
vn -0.01587147 0.01587302 0.999748
vn -0.01587147 0.01587302 0.999748
vn -0.01587147 0.01587302 0.999748
vn -0.999874 0.01587102 1.549525E-06
vn -0.999874 0.01587102 1.549525E-06
vn -0.999874 0.01587102 1.549525E-06
vn -0.999874 0.01587102 1.549525E-06
vn -0.01587102 -0.999874 2.459558E-08
vn -0.01587102 -0.999874 2.459558E-08
vn -0.01587102 -0.999874 2.459558E-08
vn -0.01587102 -0.999874 2.459558E-08
vn -0.01587102 -0.999874 2.459558E-08
vn -0.01587102 -0.999874 2.459558E-08
vn -0.999874 0.01587102 1.517743E-06
vn -0.999874 0.01587102 1.517743E-06
vn -0.999874 0.01587102 1.517743E-06
vn 0.999874 0.01587102 -1.517743E-06
vn 0.999874 0.01587102 -1.517743E-06
vn 0.999874 0.01587102 -1.517743E-06
vn -0.01587264 0.968254 0.2494641
vn -0.01587264 0.968254 0.2494641
vn -0.01587264 0.968254 0.2494641
vn -0.01587264 0.968254 0.2494641
vn -0.01587264 0.968254 0.2494641
vn -0.01587264 0.968254 0.2494641
vn -0.01587264 0.968254 0.2494641
vn -0.01587264 0.968254 0.2494641
vn -0.01587453 0.01587302 -0.999748
vn -0.01587453 0.01587302 -0.999748
vn -0.01587453 0.01587302 -0.999748
vn -0.01587453 0.01587302 -0.999748
vn -0.01587102 0.999874 2.409116E-08
vn -0.01587102 0.999874 2.409116E-08
vn -0.01587102 0.999874 2.409116E-08
vn -0.01587102 0.999874 2.409116E-08
vn -0.01587453 0.01587302 -0.999748
vn -0.01587453 0.01587302 -0.999748
vn -0.01587453 0.01587302 -0.999748
vn -0.01587453 0.01587302 -0.999748
vn -0.01587453 0.01587302 -0.999748
vn -0.01587453 0.01587302 -0.999748
vn -0.01587453 0.01587302 -0.999748
vn -0.01587453 0.01587302 -0.999748
vn 0.999874 0.01587102 -2.530894E-06
vn 0.999874 0.01587102 -2.530894E-06
vn 0.999874 0.01587102 -2.530894E-06
vn -0.999874 0.01587102 2.530894E-06
vn -0.999874 0.01587102 2.530894E-06
vn -0.999874 0.01587102 2.530894E-06
vn 0.01587239 0.968254 -0.2494641
vn 0.01587239 0.968254 -0.2494641
vn 0.01587239 0.968254 -0.2494641
vn 0.01587239 0.968254 -0.2494641
vn 0.01587239 0.968254 -0.2494641
vn 0.01587239 0.968254 -0.2494641
vn 0.01587239 0.968254 -0.2494641
vn 0.01587239 0.968254 -0.2494641
vn 0.01587555 0.01587302 0.9997479
vn 0.01587555 0.01587302 0.9997479
vn 0.01587555 0.01587302 0.9997479
vn 0.01587555 0.01587302 0.9997479
vn 0.01587102 0.999874 -4.017292E-08
vn 0.01587102 0.999874 -4.017292E-08
vn 0.01587102 0.999874 -4.017292E-08
vn 0.01587102 0.999874 -4.017292E-08
vn 0.01587555 0.01587302 0.9997479
vn 0.01587555 0.01587302 0.9997479
vn 0.01587555 0.01587302 0.9997479
vn 0.01587555 0.01587302 0.9997479
vn 0.01587555 0.01587302 0.9997479
vn 0.01587555 0.01587302 0.9997479
vn 0.01587555 0.01587302 0.9997479
vn 0.01587555 0.01587302 0.9997479
vn 0.999874 0.01587102 -2.530894E-06
vn 0.999874 0.01587102 -2.530894E-06
vn 0.999874 0.01587102 -2.530894E-06
vn -0.999874 0.01587102 2.530894E-06
vn -0.999874 0.01587102 2.530894E-06
vn -0.999874 0.01587102 2.530894E-06
vn 0.01587239 0.968254 -0.2494641
vn 0.01587239 0.968254 -0.2494641
vn 0.01587239 0.968254 -0.2494641
vn 0.01587239 0.968254 -0.2494641
vn 0.01587239 0.968254 -0.2494641
vn 0.01587239 0.968254 -0.2494641
vn 0.01587239 0.968254 -0.2494641
vn 0.01587239 0.968254 -0.2494641
vn 0.01587555 0.01587302 0.9997479
vn 0.01587555 0.01587302 0.9997479
vn 0.01587555 0.01587302 0.9997479
vn 0.01587555 0.01587302 0.9997479
vn 0.01587102 0.999874 -4.017292E-08
vn 0.01587102 0.999874 -4.017292E-08
vn 0.01587102 0.999874 -4.017292E-08
vn 0.01587102 0.999874 -4.017292E-08
vn 0.01587555 0.01587302 0.9997479
vn 0.01587555 0.01587302 0.9997479
vn 0.01587555 0.01587302 0.9997479
vn 0.01587555 0.01587302 0.9997479
vn 0.01587555 0.01587302 0.9997479
vn 0.01587555 0.01587302 0.9997479
vn 0.01587555 0.01587302 0.9997479
vn 0.01587555 0.01587302 0.9997479
vn 0 1 0
vn 0 1 0
vn 0 1 0
vn 0 1 0
vn 0 1 0
vn 0 1 0
vn 0 1 0
vn 0 1 0
vn 0 1 0
vn 0 1 0
vn 0 1 0
vn 0 1 0
vn 0 1 0
vn 0 1 0
vn 0 1 0
vn 0 1 0
vn 0 1 0
vn 0 1 0
vn 0 1 0
vn 0 1 0
vn 0 1 0
vn 0 1 0
vn 0 1 0
vn 0 1 0
vn 0 1 0
vn 0 1 0
vn 0 1 0
vn 0 1 0
vn 0 1 0
vn 0 1 0
vn 0 1 0
vn 0 1 0
vn 0 1 0
vn 0 1 0
vn 0 1 0
vn 0 1 0
vn 0 1 0
vn 0 1 0
vn 0 1 0
vn 0 1 0
vn 1 0 1.402693E-06
vn 1 0 1.402693E-06
vn 1 0 1.402693E-06
vn 1 0 1.402693E-06
vn 1 0 1.402693E-06
vn 1 0 1.402693E-06
vn 1 0 1.402693E-06
vn 1 0 1.402693E-06
vn 1 0 1.402693E-06
vn 1 0 1.402693E-06
vn 1 0 1.402693E-06
vn 1 0 1.402693E-06
vn -1.402693E-06 0 1
vn -1.402693E-06 0 1
vn -1.402693E-06 0 1
vn -1.402693E-06 0 1
vn -1.402693E-06 0 1
vn -1.402693E-06 0 1
vn -1.402693E-06 0 1
vn -1.402693E-06 0 1
vn -1.402693E-06 0 1
vn -1.402693E-06 0 1
vn -1.402693E-06 0 1
vn -1.402693E-06 0 1
vn -0.9914447 0 -0.1305276
vn -0.9978588 0 -0.06540458
vn -0.9914447 0 -0.1305276
vn -0.9978588 0 -0.06540458
vn -0.9659255 0 -0.2588204
vn -0.9914447 0 -0.1305276
vn -0.9659255 0 -0.2588204
vn -0.9914447 0 -0.1305276
vn -0.923879 0 -0.3826847
vn -0.9659255 0 -0.2588204
vn -0.923879 0 -0.3826847
vn -0.9659255 0 -0.2588204
vn -0.8660247 0 -0.5000012
vn -0.923879 0 -0.3826847
vn -0.8660247 0 -0.5000012
vn -0.923879 0 -0.3826847
vn -0.7933525 0 -0.6087626
vn -0.8660247 0 -0.5000012
vn -0.7933525 0 -0.6087626
vn -0.8660247 0 -0.5000012
vn -0.7071058 0 -0.7071078
vn -0.7933525 0 -0.6087626
vn -0.7071058 0 -0.7071078
vn -0.7933525 0 -0.6087626
vn -0.6087603 0 -0.7933542
vn -0.6087603 0 -0.7933542
vn -0.7071058 0 -0.7071078
vn -0.7071058 0 -0.7071078
vn -0.4999988 0 -0.8660262
vn -0.4999988 0 -0.8660262
vn -0.6087603 0 -0.7933542
vn -0.6087603 0 -0.7933542
vn -0.3826821 0 -0.92388
vn -0.3826821 0 -0.92388
vn -0.4999988 0 -0.8660262
vn -0.4999988 0 -0.8660262
vn -0.2588177 0 -0.9659262
vn -0.2588177 0 -0.9659262
vn -0.3826821 0 -0.92388
vn -0.3826821 0 -0.92388
vn -0.1305248 0 -0.9914451
vn -0.1305248 0 -0.9914451
vn -0.2588177 0 -0.9659262
vn -0.2588177 0 -0.9659262
vn -0.06540174 0 -0.9978591
vn -0.06540174 0 -0.9978591
vn -0.1305248 0 -0.9914451
vn -0.1305248 0 -0.9914451
vn 0 -1 0
vn 0 -1 0
vn 0 -1 0
vn 0 -1 0
vn 0 -1 0
vn 0 -1 0
vn 0 -1 0
vn 0 -1 0
vn 0 -1 0
vn 0 -1 0
vn 0 -1 0
vn 0 -1 0
vn 0 -1 0
vn 0 -1 0
vn -2.64874E-08 0.999874 -0.01587102
vn -2.64874E-08 0.999874 -0.01587102
vn -2.64874E-08 0.999874 -0.01587102
vn -2.64874E-08 0.999874 -0.01587102
vn -2.64874E-08 0.999874 -0.01587102
vn -2.64874E-08 0.999874 -0.01587102
vn -2.64874E-08 0.999874 -0.01587102
vn -2.64874E-08 0.999874 -0.01587102
vn 0.999748 0.01587302 -0.01587469
vn 0.999748 0.01587302 -0.01587469
vn 0.999748 0.01587302 -0.01587469
vn 0.999748 0.01587302 -0.01587469
vn -2.64874E-08 0.999874 -0.01587102
vn -2.64874E-08 0.999874 -0.01587102
vn -2.64874E-08 0.999874 -0.01587102
vn -2.64874E-08 0.999874 -0.01587102
vn 0.999748 0.01587302 -0.01587469
vn 0.999748 0.01587302 -0.01587469
vn 0.999748 0.01587302 -0.01587469
vn 0.999748 0.01587302 -0.01587469
vn 0.999748 0.01587302 -0.01587469
vn 0.999748 0.01587302 -0.01587469
vn 0.999748 0.01587302 -0.01587469
vn 0.999748 0.01587302 -0.01587469
vn 1.66872E-06 0.01587102 0.999874
vn 1.66872E-06 0.01587102 0.999874
vn 1.66872E-06 0.01587102 0.999874
vn 1.66872E-06 0.01587102 0.999874
vn -0.999748 0.01587302 -0.01587135
vn -0.999748 0.01587302 -0.01587135
vn -0.999748 0.01587302 -0.01587135
vn -0.999748 0.01587302 -0.01587135
vn -0.999748 0.01587302 -0.01587135
vn -0.999748 0.01587302 -0.01587135
vn -2.64874E-08 0.999874 -0.01587102
vn -2.64874E-08 0.999874 -0.01587102
vn -2.64874E-08 0.999874 -0.01587102
vn -2.64874E-08 0.999874 -0.01587102
vn -0.999748 0.01587302 -0.01587135
vn -0.999748 0.01587302 -0.01587135
vn -0.999748 0.01587302 -0.01587135
vn -0.999748 0.01587302 -0.01587135
vn -0.999748 0.01587302 -0.01587135
vn -0.999748 0.01587302 -0.01587135
vn -0.999748 0.01587302 -0.01587135
vn -0.999748 0.01587302 -0.01587135
vn -1.66872E-06 0.01587102 -0.999874
vn -1.66872E-06 0.01587102 -0.999874
vn -1.66872E-06 0.01587102 -0.999874
vn -1.66872E-06 0.01587102 -0.999874
vn -2.648783E-08 -0.999874 -0.01587102
vn -2.648783E-08 -0.999874 -0.01587102
vn -2.648783E-08 -0.999874 -0.01587102
vn -2.648783E-08 -0.999874 -0.01587102
vn -2.648783E-08 -0.999874 -0.01587102
vn -2.648783E-08 -0.999874 -0.01587102
vn 0 1 0
vn 0 1 0
vn 0 1 0
vn 0 1 0
vn 0 1 0
vn 0 1 0
vn 0 1 0
vn 0 1 0
vn 0 1 0
vn 0 1 0
vn 0 1 0
vn 0 1 0
vn 0 1 0
vn 0 1 0
vn 0 1 0
vn 0 1 0
vn 0 1 0
vn 0 1 0
vn 0 1 0
vn 0 1 0
vn 0 1 0
vn 0 1 0
vn 0 1 0
vn 0 1 0
vn 0 1 0
vn 0 1 0
vn 0 1 0
vn 0 1 0
vn 0 1 0
vn 0 1 0
vn 0 1 0
vn 0 1 0
vn 0 1 0
vn 0 1 0
vn 0 1 0
vn 0 1 0
vn 0 1 0
vn 0 1 0
vn 0 1 0
vn 0 1 0
vn -1 0 1.66893E-06
vn -1 0 1.66893E-06
vn -1 0 1.66893E-06
vn -1 0 1.66893E-06
vn -1 0 1.66893E-06
vn -1 0 1.66893E-06
vn -1 0 1.66893E-06
vn -1 0 1.66893E-06
vn -1 0 1.66893E-06
vn -1 0 1.66893E-06
vn -1 0 1.66893E-06
vn -1 0 1.66893E-06
vn -1.66893E-06 0 -1
vn -1.66893E-06 0 -1
vn -1.66893E-06 0 -1
vn -1.66893E-06 0 -1
vn -1.66893E-06 0 -1
vn -1.66893E-06 0 -1
vn -1.66893E-06 0 -1
vn -1.66893E-06 0 -1
vn -1.66893E-06 0 -1
vn -1.66893E-06 0 -1
vn -1.66893E-06 0 -1
vn -1.66893E-06 0 -1
vn 0.9914451 0 0.1305245
vn 0.9978591 0 0.06540151
vn 0.9914451 0 0.1305245
vn 0.9978591 0 0.06540151
vn 0.9659262 0 0.2588174
vn 0.9914451 0 0.1305245
vn 0.9659262 0 0.2588174
vn 0.9914451 0 0.1305245
vn 0.9238802 0 0.3826818
vn 0.9659262 0 0.2588174
vn 0.9238802 0 0.3826818
vn 0.9659262 0 0.2588174
vn 0.8660263 0 0.4999986
vn 0.9238802 0 0.3826818
vn 0.8660263 0 0.4999986
vn 0.9238802 0 0.3826818
vn 0.7933543 0 0.6087601
vn 0.8660263 0 0.4999986
vn 0.7933543 0 0.6087601
vn 0.8660263 0 0.4999986
vn 0.707108 0 0.7071056
vn 0.7933543 0 0.6087601
vn 0.707108 0 0.7071056
vn 0.7933543 0 0.6087601
vn 0.6087627 0 0.7933523
vn 0.6087627 0 0.7933523
vn 0.707108 0 0.7071056
vn 0.707108 0 0.7071056
vn 0.5000014 0 0.8660246
vn 0.5000014 0 0.8660246
vn 0.6087627 0 0.7933523
vn 0.6087627 0 0.7933523
vn 0.3826849 0 0.9238788
vn 0.3826849 0 0.9238788
vn 0.5000014 0 0.8660246
vn 0.5000014 0 0.8660246
vn 0.2588206 0 0.9659254
vn 0.2588206 0 0.9659254
vn 0.3826849 0 0.9238788
vn 0.3826849 0 0.9238788
vn 0.1305279 0 0.9914446
vn 0.1305279 0 0.9914446
vn 0.2588206 0 0.9659254
vn 0.2588206 0 0.9659254
vn 0.06540481 0 0.9978588
vn 0.06540481 0 0.9978588
vn 0.1305279 0 0.9914446
vn 0.1305279 0 0.9914446
vn 0 -1 0
vn 0 -1 0
vn 0 -1 0
vn 0 -1 0
vn 0 -1 0
vn 0 -1 0
vn 0 -1 0
vn 0 -1 0
vn 0 -1 0
vn 0 -1 0
vn 0 -1 0
vn 0 -1 0
vn 0 -1 0
vn 0 -1 0
vn 0 1 0
vn 0 1 0
vn 0 1 0
vn 0 1 0
vn 0 1 0
vn 0 1 0
vn 0 1 0
vn 0 1 0
vn 0 1 0
vn 0 1 0
vn 0 1 0
vn 0 1 0
vn 0 1 0
vn 0 1 0
vn 0 1 0
vn 0 1 0
vn 0 1 0
vn 0 1 0
vn 0 1 0
vn 0 1 0
vn 0 1 0
vn 0 1 0
vn 0 1 0
vn 0 1 0
vn 0 1 0
vn 0 1 0
vn 0 1 0
vn 0 1 0
vn 0 1 0
vn 0 1 0
vn 0 1 0
vn 0 1 0
vn 0 1 0
vn 0 1 0
vn 0 1 0
vn 0 1 0
vn 0 1 0
vn 0 1 0
vn 0 1 0
vn 0 1 0
vn 1.994771E-06 0 1
vn 1.994771E-06 0 1
vn 1.994771E-06 0 1
vn 1.994771E-06 0 1
vn 1.994771E-06 0 1
vn 1.994771E-06 0 1
vn 1.994771E-06 0 1
vn 1.994771E-06 0 1
vn 1.994771E-06 0 1
vn 1.994771E-06 0 1
vn 1.994771E-06 0 1
vn 1.994771E-06 0 1
vn -1 0 1.994771E-06
vn -1 0 1.994771E-06
vn -1 0 1.994771E-06
vn -1 0 1.994771E-06
vn -1 0 1.994771E-06
vn -1 0 1.994771E-06
vn -1 0 1.994771E-06
vn -1 0 1.994771E-06
vn -1 0 1.994771E-06
vn -1 0 1.994771E-06
vn -1 0 1.994771E-06
vn -1 0 1.994771E-06
vn 0.1305242 0 -0.9914451
vn 0.06540119 0 -0.9978591
vn 0.1305242 0 -0.9914451
vn 0.06540119 0 -0.9978591
vn 0.2588171 0 -0.9659263
vn 0.1305242 0 -0.9914451
vn 0.2588171 0 -0.9659263
vn 0.1305242 0 -0.9914451
vn 0.3826815 0 -0.9238803
vn 0.2588171 0 -0.9659263
vn 0.3826815 0 -0.9238803
vn 0.2588171 0 -0.9659263
vn 0.4999983 0 -0.8660265
vn 0.3826815 0 -0.9238803
vn 0.4999983 0 -0.8660265
vn 0.3826815 0 -0.9238803
vn 0.6087598 0 -0.7933545
vn 0.4999983 0 -0.8660265
vn 0.6087598 0 -0.7933545
vn 0.4999983 0 -0.8660265
vn 0.7071053 0 -0.7071082
vn 0.6087598 0 -0.7933545
vn 0.7071053 0 -0.7071082
vn 0.6087598 0 -0.7933545
vn 0.7933521 0 -0.608763
vn 0.7933521 0 -0.608763
vn 0.7071053 0 -0.7071082
vn 0.7071053 0 -0.7071082
vn 0.8660244 0 -0.5000017
vn 0.8660244 0 -0.5000017
vn 0.7933521 0 -0.608763
vn 0.7933521 0 -0.608763
vn 0.9238787 0 -0.3826852
vn 0.9238787 0 -0.3826852
vn 0.8660244 0 -0.5000017
vn 0.8660244 0 -0.5000017
vn 0.9659253 0 -0.258821
vn 0.9659253 0 -0.258821
vn 0.9238787 0 -0.3826852
vn 0.9238787 0 -0.3826852
vn 0.9914446 0 -0.1305282
vn 0.9914446 0 -0.1305282
vn 0.9659253 0 -0.258821
vn 0.9659253 0 -0.258821
vn 0.9978588 0 -0.06540513
vn 0.9978588 0 -0.06540513
vn 0.9914446 0 -0.1305282
vn 0.9914446 0 -0.1305282
vn 0 -1 0
vn 0 -1 0
vn 0 -1 0
vn 0 -1 0
vn 0 -1 0
vn 0 -1 0
vn 0 -1 0
vn 0 -1 0
vn 0 -1 0
vn 0 -1 0
vn 0 -1 0
vn 0 -1 0
vn 0 -1 0
vn 0 -1 0
vn 3.397037E-06 0.01587102 0.9998739
vn 3.397037E-06 0.01587102 0.9998739
vn 3.397037E-06 0.01587102 0.9998739
vn -3.397037E-06 0.01587102 -0.9998739
vn -3.397037E-06 0.01587102 -0.9998739
vn -3.397037E-06 0.01587102 -0.9998739
vn 0.2494641 0.968254 0.01587217
vn 0.2494641 0.968254 0.01587217
vn 0.2494641 0.968254 0.01587217
vn 0.2494641 0.968254 0.01587217
vn 0.2494641 0.968254 0.01587217
vn 0.2494641 0.968254 0.01587217
vn 0.2494641 0.968254 0.01587217
vn 0.2494641 0.968254 0.01587217
vn -0.9997479 0.01587302 0.01587641
vn -0.9997479 0.01587302 0.01587641
vn -0.9997479 0.01587302 0.01587641
vn -0.9997479 0.01587302 0.01587641
vn 5.392122E-08 0.999874 0.01587101
vn 5.392122E-08 0.999874 0.01587101
vn 5.392122E-08 0.999874 0.01587101
vn 5.392122E-08 0.999874 0.01587101
vn -0.9997479 0.01587302 0.01587641
vn -0.9997479 0.01587302 0.01587641
vn -0.9997479 0.01587302 0.01587641
vn -0.9997479 0.01587302 0.01587641
vn -0.9997479 0.01587302 0.01587641
vn -0.9997479 0.01587302 0.01587641
vn -0.9997479 0.01587302 0.01587641
vn -0.9997479 0.01587302 0.01587641
vn 5.770531E-08 0.999874 0.01587101
vn 5.770531E-08 0.999874 0.01587101
vn 5.770531E-08 0.999874 0.01587101
vn 5.770531E-08 0.999874 0.01587101
vn 5.770531E-08 0.999874 0.01587101
vn 5.770531E-08 0.999874 0.01587101
vn 5.770531E-08 0.999874 0.01587101
vn 5.770531E-08 0.999874 0.01587101
vn -0.9997479 0.01587302 0.01587665
vn -0.9997479 0.01587302 0.01587665
vn -0.9997479 0.01587302 0.01587665
vn -0.9997479 0.01587302 0.01587665
vn 5.770531E-08 0.999874 0.01587101
vn 5.770531E-08 0.999874 0.01587101
vn 5.770531E-08 0.999874 0.01587101
vn 5.770531E-08 0.999874 0.01587101
vn -0.9997479 0.01587302 0.01587665
vn -0.9997479 0.01587302 0.01587665
vn -0.9997479 0.01587302 0.01587665
vn -0.9997479 0.01587302 0.01587665
vn -0.9997479 0.01587302 0.01587665
vn -0.9997479 0.01587302 0.01587665
vn -0.9997479 0.01587302 0.01587665
vn -0.9997479 0.01587302 0.01587665
vn -3.635425E-06 0.01587102 -0.9998739
vn -3.635425E-06 0.01587102 -0.9998739
vn -3.635425E-06 0.01587102 -0.9998739
vn -3.635425E-06 0.01587102 -0.9998739
vn 0.999748 0.01587302 0.01586938
vn 0.999748 0.01587302 0.01586938
vn 0.999748 0.01587302 0.01586938
vn 0.999748 0.01587302 0.01586938
vn 0.999748 0.01587302 0.01586938
vn 0.999748 0.01587302 0.01586938
vn 5.770531E-08 0.999874 0.01587101
vn 5.770531E-08 0.999874 0.01587101
vn 5.770531E-08 0.999874 0.01587101
vn 5.770531E-08 0.999874 0.01587101
vn 0.999748 0.01587302 0.01586938
vn 0.999748 0.01587302 0.01586938
vn 0.999748 0.01587302 0.01586938
vn 0.999748 0.01587302 0.01586938
vn 0.999748 0.01587302 0.01586938
vn 0.999748 0.01587302 0.01586938
vn 0.999748 0.01587302 0.01586938
vn 0.999748 0.01587302 0.01586938
vn 3.635425E-06 0.01587102 0.9998739
vn 3.635425E-06 0.01587102 0.9998739
vn 3.635425E-06 0.01587102 0.9998739
vn 3.635425E-06 0.01587102 0.9998739
vn 5.770502E-08 -0.999874 0.01587101
vn 5.770502E-08 -0.999874 0.01587101
vn 5.770502E-08 -0.999874 0.01587101
vn 5.770502E-08 -0.999874 0.01587101
vn 5.770502E-08 -0.999874 0.01587101
vn 5.770502E-08 -0.999874 0.01587101
vn 0 1 0
vn 0 1 0
vn 0 1 0
vn 0 1 0
vn 0 1 0
vn 0 1 0
vn 0 1 0
vn 0 1 0
vn 0 1 0
vn 0 1 0
vn 0 1 0
vn 0 1 0
vn 0 1 0
vn 0 1 0
vn 0 1 0
vn 0 1 0
vn 0 1 0
vn 0 1 0
vn 0 1 0
vn 0 1 0
vn 0 1 0
vn 0 1 0
vn 0 1 0
vn 0 1 0
vn 0 1 0
vn 0 1 0
vn 0 1 0
vn 0 1 0
vn 0 1 0
vn 0 1 0
vn 0 1 0
vn 0 1 0
vn 0 1 0
vn 0 1 0
vn 0 1 0
vn 0 1 0
vn 0 1 0
vn 0 1 0
vn 0 1 0
vn 0 1 0
vn 0.9999999 0 -3.397465E-06
vn 0.9999999 0 -3.397465E-06
vn 0.9999999 0 -3.397465E-06
vn 0.9999999 0 -3.397465E-06
vn 0.9999999 0 -3.397465E-06
vn 0.9999999 0 -3.397465E-06
vn 0.9999999 0 -3.397465E-06
vn 0.9999999 0 -3.397465E-06
vn 0.9999999 0 -3.397465E-06
vn 0.9999999 0 -3.397465E-06
vn 0.9999999 0 -3.397465E-06
vn 0.9999999 0 -3.397465E-06
vn 3.397465E-06 0 0.9999999
vn 3.397465E-06 0 0.9999999
vn 3.397465E-06 0 0.9999999
vn 3.397465E-06 0 0.9999999
vn 3.397465E-06 0 0.9999999
vn 3.397465E-06 0 0.9999999
vn 3.397465E-06 0 0.9999999
vn 3.397465E-06 0 0.9999999
vn 3.397465E-06 0 0.9999999
vn 3.397465E-06 0 0.9999999
vn 3.397465E-06 0 0.9999999
vn 3.397465E-06 0 0.9999999
vn -0.9914452 0 -0.1305228
vn -0.9978591 0 -0.06539978
vn -0.9914452 0 -0.1305228
vn -0.9978591 0 -0.06539978
vn -0.9659266 0 -0.2588157
vn -0.9914452 0 -0.1305228
vn -0.9659266 0 -0.2588157
vn -0.9914452 0 -0.1305228
vn -0.9238808 0 -0.3826802
vn -0.9659266 0 -0.2588157
vn -0.9238808 0 -0.3826802
vn -0.9659266 0 -0.2588157
vn -0.8660271 0 -0.499997
vn -0.9238808 0 -0.3826802
vn -0.8660271 0 -0.499997
vn -0.9238808 0 -0.3826802
vn -0.7933553 0 -0.6087587
vn -0.8660271 0 -0.499997
vn -0.7933553 0 -0.6087587
vn -0.8660271 0 -0.499997
vn -0.7071091 0 -0.7071043
vn -0.7933553 0 -0.6087587
vn -0.7071091 0 -0.7071043
vn -0.7933553 0 -0.6087587
vn -0.6087641 0 -0.7933512
vn -0.6087641 0 -0.7933512
vn -0.7071091 0 -0.7071043
vn -0.7071091 0 -0.7071043
vn -0.5000029 0 -0.8660237
vn -0.5000029 0 -0.8660237
vn -0.6087641 0 -0.7933512
vn -0.6087641 0 -0.7933512
vn -0.3826865 0 -0.9238781
vn -0.3826865 0 -0.9238781
vn -0.5000029 0 -0.8660237
vn -0.5000029 0 -0.8660237
vn -0.2588223 0 -0.9659249
vn -0.2588223 0 -0.9659249
vn -0.3826865 0 -0.9238781
vn -0.3826865 0 -0.9238781
vn -0.1305296 0 -0.9914444
vn -0.1305296 0 -0.9914444
vn -0.2588223 0 -0.9659249
vn -0.2588223 0 -0.9659249
vn -0.06540652 0 -0.9978586
vn -0.06540652 0 -0.9978586
vn -0.1305296 0 -0.9914444
vn -0.1305296 0 -0.9914444
vn 0 -1 0
vn 0 -1 0
vn 0 -1 0
vn 0 -1 0
vn 0 -1 0
vn 0 -1 0
vn 0 -1 0
vn 0 -1 0
vn 0 -1 0
vn 0 -1 0
vn 0 -1 0
vn 0 -1 0
vn 0 -1 0
vn 0 -1 0
vn -0.999874 0.01587102 4.946562E-06
vn -0.999874 0.01587102 4.946562E-06
vn -0.999874 0.01587102 4.946562E-06
vn 0.999874 0.01587102 -4.946562E-06
vn 0.999874 0.01587102 -4.946562E-06
vn 0.999874 0.01587102 -4.946562E-06
vn -0.01587178 0.968254 0.2494641
vn -0.01587178 0.968254 0.2494641
vn -0.01587178 0.968254 0.2494641
vn -0.01587178 0.968254 0.2494641
vn -0.01587178 0.968254 0.2494641
vn -0.01587178 0.968254 0.2494641
vn -0.01587178 0.968254 0.2494641
vn -0.01587178 0.968254 0.2494641
vn -0.01587796 0.01587302 -0.9997479
vn -0.01587796 0.01587302 -0.9997479
vn -0.01587796 0.01587302 -0.9997479
vn -0.01587796 0.01587302 -0.9997479
vn -0.01587102 0.999874 7.851686E-08
vn -0.01587102 0.999874 7.851686E-08
vn -0.01587102 0.999874 7.851686E-08
vn -0.01587102 0.999874 7.851686E-08
vn -0.01587796 0.01587302 -0.9997479
vn -0.01587796 0.01587302 -0.9997479
vn -0.01587796 0.01587302 -0.9997479
vn -0.01587796 0.01587302 -0.9997479
vn -0.01587796 0.01587302 -0.9997479
vn -0.01587796 0.01587302 -0.9997479
vn -0.01587796 0.01587302 -0.9997479
vn -0.01587796 0.01587302 -0.9997479
vn 0.999874 0.01587102 -3.933411E-06
vn 0.999874 0.01587102 -3.933411E-06
vn 0.999874 0.01587102 -3.933411E-06
vn -0.999874 0.01587102 3.933411E-06
vn -0.999874 0.01587102 3.933411E-06
vn -0.999874 0.01587102 3.933411E-06
vn 0.01587204 0.968254 -0.2494641
vn 0.01587204 0.968254 -0.2494641
vn 0.01587204 0.968254 -0.2494641
vn 0.01587204 0.968254 -0.2494641
vn 0.01587204 0.968254 -0.2494641
vn 0.01587204 0.968254 -0.2494641
vn 0.01587204 0.968254 -0.2494641
vn 0.01587204 0.968254 -0.2494641
vn 0.01587695 0.01587302 0.9997479
vn 0.01587695 0.01587302 0.9997479
vn 0.01587695 0.01587302 0.9997479
vn 0.01587695 0.01587302 0.9997479
vn 0.01587102 0.999874 -6.243509E-08
vn 0.01587102 0.999874 -6.243509E-08
vn 0.01587102 0.999874 -6.243509E-08
vn 0.01587102 0.999874 -6.243509E-08
vn 0.01587695 0.01587302 0.9997479
vn 0.01587695 0.01587302 0.9997479
vn 0.01587695 0.01587302 0.9997479
vn 0.01587695 0.01587302 0.9997479
vn 0.01587695 0.01587302 0.9997479
vn 0.01587695 0.01587302 0.9997479
vn 0.01587695 0.01587302 0.9997479
vn 0.01587695 0.01587302 0.9997479
vn 0.01587102 0.999874 -6.621904E-08
vn 0.01587102 0.999874 -6.621904E-08
vn 0.01587102 0.999874 -6.621904E-08
vn 0.01587102 0.999874 -6.621904E-08
vn 0.01587102 0.999874 -6.621904E-08
vn 0.01587102 0.999874 -6.621904E-08
vn 0.01587102 0.999874 -6.621904E-08
vn 0.01587102 0.999874 -6.621904E-08
vn 0.01587719 0.01587302 0.9997479
vn 0.01587719 0.01587302 0.9997479
vn 0.01587719 0.01587302 0.9997479
vn 0.01587719 0.01587302 0.9997479
vn 0.01587102 0.999874 -6.621904E-08
vn 0.01587102 0.999874 -6.621904E-08
vn 0.01587102 0.999874 -6.621904E-08
vn 0.01587102 0.999874 -6.621904E-08
vn 0.01587719 0.01587302 0.9997479
vn 0.01587719 0.01587302 0.9997479
vn 0.01587719 0.01587302 0.9997479
vn 0.01587719 0.01587302 0.9997479
vn 0.01587719 0.01587302 0.9997479
vn 0.01587719 0.01587302 0.9997479
vn 0.01587719 0.01587302 0.9997479
vn 0.01587719 0.01587302 0.9997479
vn -0.999874 0.01587102 4.171799E-06
vn -0.999874 0.01587102 4.171799E-06
vn -0.999874 0.01587102 4.171799E-06
vn -0.999874 0.01587102 4.171799E-06
vn 0.01586885 0.01587302 -0.9997481
vn 0.01586885 0.01587302 -0.9997481
vn 0.01586885 0.01587302 -0.9997481
vn 0.01586885 0.01587302 -0.9997481
vn 0.01586885 0.01587302 -0.9997481
vn 0.01586885 0.01587302 -0.9997481
vn 0.01587102 0.999874 -6.621904E-08
vn 0.01587102 0.999874 -6.621904E-08
vn 0.01587102 0.999874 -6.621904E-08
vn 0.01587102 0.999874 -6.621904E-08
vn 0.01586885 0.01587302 -0.9997481
vn 0.01586885 0.01587302 -0.9997481
vn 0.01586885 0.01587302 -0.9997481
vn 0.01586885 0.01587302 -0.9997481
vn 0.01586885 0.01587302 -0.9997481
vn 0.01586885 0.01587302 -0.9997481
vn 0.01586885 0.01587302 -0.9997481
vn 0.01586885 0.01587302 -0.9997481
vn 0.999874 0.01587102 -4.171799E-06
vn 0.999874 0.01587102 -4.171799E-06
vn 0.999874 0.01587102 -4.171799E-06
vn 0.999874 0.01587102 -4.171799E-06
vn 0.01587102 -0.999874 -6.621902E-08
vn 0.01587102 -0.999874 -6.621902E-08
vn 0.01587102 -0.999874 -6.621902E-08
vn 0.01587102 -0.999874 -6.621902E-08
vn 0.01587102 -0.999874 -6.621902E-08
vn 0.01587102 -0.999874 -6.621902E-08
vn -9.459733E-09 0.999874 -0.01587102
vn -9.459733E-09 0.999874 -0.01587102
vn -9.459733E-09 0.999874 -0.01587102
vn -9.459733E-09 0.999874 -0.01587102
vn -9.459733E-09 0.999874 -0.01587102
vn -9.459733E-09 0.999874 -0.01587102
vn -9.459733E-09 0.999874 -0.01587102
vn -9.459733E-09 0.999874 -0.01587102
vn 0.999748 0.01587302 -0.01587361
vn 0.999748 0.01587302 -0.01587361
vn 0.999748 0.01587302 -0.01587361
vn 0.999748 0.01587302 -0.01587361
vn -9.459733E-09 0.999874 -0.01587102
vn -9.459733E-09 0.999874 -0.01587102
vn -9.459733E-09 0.999874 -0.01587102
vn -9.459733E-09 0.999874 -0.01587102
vn 0.999748 0.01587302 -0.01587361
vn 0.999748 0.01587302 -0.01587361
vn 0.999748 0.01587302 -0.01587361
vn 0.999748 0.01587302 -0.01587361
vn 0.999748 0.01587302 -0.01587361
vn 0.999748 0.01587302 -0.01587361
vn 0.999748 0.01587302 -0.01587361
vn 0.999748 0.01587302 -0.01587361
vn 5.959714E-07 0.01587102 0.999874
vn 5.959714E-07 0.01587102 0.999874
vn 5.959714E-07 0.01587102 0.999874
vn 5.959714E-07 0.01587102 0.999874
vn -0.999748 0.01587302 -0.01587242
vn -0.999748 0.01587302 -0.01587242
vn -0.999748 0.01587302 -0.01587242
vn -0.999748 0.01587302 -0.01587242
vn -0.999748 0.01587302 -0.01587242
vn -0.999748 0.01587302 -0.01587242
vn -9.459733E-09 0.999874 -0.01587102
vn -9.459733E-09 0.999874 -0.01587102
vn -9.459733E-09 0.999874 -0.01587102
vn -9.459733E-09 0.999874 -0.01587102
vn -0.999748 0.01587302 -0.01587242
vn -0.999748 0.01587302 -0.01587242
vn -0.999748 0.01587302 -0.01587242
vn -0.999748 0.01587302 -0.01587242
vn -0.999748 0.01587302 -0.01587242
vn -0.999748 0.01587302 -0.01587242
vn -0.999748 0.01587302 -0.01587242
vn -0.999748 0.01587302 -0.01587242
vn -5.959714E-07 0.01587102 -0.999874
vn -5.959714E-07 0.01587102 -0.999874
vn -5.959714E-07 0.01587102 -0.999874
vn -5.959714E-07 0.01587102 -0.999874
vn -9.459994E-09 -0.999874 -0.01587102
vn -9.459994E-09 -0.999874 -0.01587102
vn -9.459994E-09 -0.999874 -0.01587102
vn -9.459994E-09 -0.999874 -0.01587102
vn -9.459994E-09 -0.999874 -0.01587102
vn -9.459994E-09 -0.999874 -0.01587102
vn -9.459733E-09 0.999874 -0.01587102
vn -9.459733E-09 0.999874 -0.01587102
vn -9.459733E-09 0.999874 -0.01587102
vn -9.459733E-09 0.999874 -0.01587102
vn -9.459733E-09 0.999874 -0.01587102
vn -9.459733E-09 0.999874 -0.01587102
vn -9.459733E-09 0.999874 -0.01587102
vn -9.459733E-09 0.999874 -0.01587102
vn 0.999748 0.01587302 -0.01587361
vn 0.999748 0.01587302 -0.01587361
vn 0.999748 0.01587302 -0.01587361
vn 0.999748 0.01587302 -0.01587361
vn -9.459733E-09 0.999874 -0.01587102
vn -9.459733E-09 0.999874 -0.01587102
vn -9.459733E-09 0.999874 -0.01587102
vn -9.459733E-09 0.999874 -0.01587102
vn 0.999748 0.01587302 -0.01587361
vn 0.999748 0.01587302 -0.01587361
vn 0.999748 0.01587302 -0.01587361
vn 0.999748 0.01587302 -0.01587361
vn 0.999748 0.01587302 -0.01587361
vn 0.999748 0.01587302 -0.01587361
vn 0.999748 0.01587302 -0.01587361
vn 0.999748 0.01587302 -0.01587361
vn 5.959714E-07 0.01587102 0.999874
vn 5.959714E-07 0.01587102 0.999874
vn 5.959714E-07 0.01587102 0.999874
vn 5.959714E-07 0.01587102 0.999874
vn -0.999748 0.01587302 -0.01587242
vn -0.999748 0.01587302 -0.01587242
vn -0.999748 0.01587302 -0.01587242
vn -0.999748 0.01587302 -0.01587242
vn -0.999748 0.01587302 -0.01587242
vn -0.999748 0.01587302 -0.01587242
vn -9.459733E-09 0.999874 -0.01587102
vn -9.459733E-09 0.999874 -0.01587102
vn -9.459733E-09 0.999874 -0.01587102
vn -9.459733E-09 0.999874 -0.01587102
vn -0.999748 0.01587302 -0.01587242
vn -0.999748 0.01587302 -0.01587242
vn -0.999748 0.01587302 -0.01587242
vn -0.999748 0.01587302 -0.01587242
vn -0.999748 0.01587302 -0.01587242
vn -0.999748 0.01587302 -0.01587242
vn -0.999748 0.01587302 -0.01587242
vn -0.999748 0.01587302 -0.01587242
vn -5.959714E-07 0.01587102 -0.999874
vn -5.959714E-07 0.01587102 -0.999874
vn -5.959714E-07 0.01587102 -0.999874
vn -5.959714E-07 0.01587102 -0.999874
vn -9.459994E-09 -0.999874 -0.01587102
vn -9.459994E-09 -0.999874 -0.01587102
vn -9.459994E-09 -0.999874 -0.01587102
vn -9.459994E-09 -0.999874 -0.01587102
vn -9.459994E-09 -0.999874 -0.01587102
vn -9.459994E-09 -0.999874 -0.01587102
vn 0 1 0
vn 0 1 0
vn 0 1 0
vn 0 1 0
vn 0 1 0
vn 0 1 0
vn 0 1 0
vn 0 1 0
vn 0 1 0
vn 0 1 0
vn 0 1 0
vn 0 1 0
vn 0 1 0
vn 0 1 0
vn 0 1 0
vn 0 1 0
vn 0 1 0
vn 0 1 0
vn 0 1 0
vn 0 1 0
vn 0 1 0
vn 0 1 0
vn 0 1 0
vn 0 1 0
vn 0 1 0
vn 0 1 0
vn 0 1 0
vn 0 1 0
vn 0 1 0
vn 0 1 0
vn 0 1 0
vn 0 1 0
vn 0 1 0
vn 0 1 0
vn 0 1 0
vn 0 1 0
vn 0 1 0
vn 0 1 0
vn 0 1 0
vn 0 1 0
vn -1 0 8.34465E-07
vn -1 0 8.34465E-07
vn -1 0 8.34465E-07
vn -1 0 8.34465E-07
vn -1 0 8.34465E-07
vn -1 0 8.34465E-07
vn -1 0 8.34465E-07
vn -1 0 8.34465E-07
vn -1 0 8.34465E-07
vn -1 0 8.34465E-07
vn -1 0 8.34465E-07
vn -1 0 8.34465E-07
vn -8.34465E-07 0 -1
vn -8.34465E-07 0 -1
vn -8.34465E-07 0 -1
vn -8.34465E-07 0 -1
vn -8.34465E-07 0 -1
vn -8.34465E-07 0 -1
vn -8.34465E-07 0 -1
vn -8.34465E-07 0 -1
vn -8.34465E-07 0 -1
vn -8.34465E-07 0 -1
vn -8.34465E-07 0 -1
vn -8.34465E-07 0 -1
vn 0.991445 0 0.1305254
vn 0.997859 0 0.06540234
vn 0.991445 0 0.1305254
vn 0.997859 0 0.06540234
vn 0.9659261 0 0.2588182
vn 0.991445 0 0.1305254
vn 0.9659261 0 0.2588182
vn 0.991445 0 0.1305254
vn 0.9238798 0 0.3826826
vn 0.9659261 0 0.2588182
vn 0.9238798 0 0.3826826
vn 0.9659261 0 0.2588182
vn 0.8660259 0 0.4999993
vn 0.9238798 0 0.3826826
vn 0.8660259 0 0.4999993
vn 0.9238798 0 0.3826826
vn 0.7933539 0 0.6087608
vn 0.8660259 0 0.4999993
vn 0.7933539 0 0.6087608
vn 0.8660259 0 0.4999993
vn 0.7071074 0 0.7071062
vn 0.7933539 0 0.6087608
vn 0.7071074 0 0.7071062
vn 0.7933539 0 0.6087608
vn 0.6087621 0 0.7933528
vn 0.6087621 0 0.7933528
vn 0.7071074 0 0.7071062
vn 0.7071074 0 0.7071062
vn 0.5000007 0 0.866025
vn 0.5000007 0 0.866025
vn 0.6087621 0 0.7933528
vn 0.6087621 0 0.7933528
vn 0.3826842 0 0.9238792
vn 0.3826842 0 0.9238792
vn 0.5000007 0 0.866025
vn 0.5000007 0 0.866025
vn 0.2588198 0 0.9659256
vn 0.2588198 0 0.9659256
vn 0.3826842 0 0.9238792
vn 0.3826842 0 0.9238792
vn 0.130527 0 0.9914448
vn 0.130527 0 0.9914448
vn 0.2588198 0 0.9659256
vn 0.2588198 0 0.9659256
vn 0.06540398 0 0.9978589
vn 0.06540398 0 0.9978589
vn 0.130527 0 0.9914448
vn 0.130527 0 0.9914448
vn 0 -1 0
vn 0 -1 0
vn 0 -1 0
vn 0 -1 0
vn 0 -1 0
vn 0 -1 0
vn 0 -1 0
vn 0 -1 0
vn 0 -1 0
vn 0 -1 0
vn 0 -1 0
vn 0 -1 0
vn 0 -1 0
vn 0 -1 0
vn 0 1 0
vn 0 1 0
vn 0 1 0
vn 0 1 0
vn 0 1 0
vn 0 1 0
vn 0 1 0
vn 0 1 0
vn 0 1 0
vn 0 1 0
vn 0 1 0
vn 0 1 0
vn 0 1 0
vn 0 1 0
vn 0 1 0
vn 0 1 0
vn 0 1 0
vn 0 1 0
vn 0 1 0
vn 0 1 0
vn 0 1 0
vn 0 1 0
vn 0 1 0
vn 0 1 0
vn 0 1 0
vn 0 1 0
vn 0 1 0
vn 0 1 0
vn 0 1 0
vn 0 1 0
vn 0 1 0
vn 0 1 0
vn 0 1 0
vn 0 1 0
vn 0 1 0
vn 0 1 0
vn 0 1 0
vn 0 1 0
vn 0 1 0
vn 0 1 0
vn 1.517934E-06 0 1
vn 1.517934E-06 0 1
vn 1.517934E-06 0 1
vn 1.517934E-06 0 1
vn 1.517934E-06 0 1
vn 1.517934E-06 0 1
vn 1.517934E-06 0 1
vn 1.517934E-06 0 1
vn 1.517934E-06 0 1
vn 1.517934E-06 0 1
vn 1.517934E-06 0 1
vn 1.517934E-06 0 1
vn -1 0 1.517934E-06
vn -1 0 1.517934E-06
vn -1 0 1.517934E-06
vn -1 0 1.517934E-06
vn -1 0 1.517934E-06
vn -1 0 1.517934E-06
vn -1 0 1.517934E-06
vn -1 0 1.517934E-06
vn -1 0 1.517934E-06
vn -1 0 1.517934E-06
vn -1 0 1.517934E-06
vn -1 0 1.517934E-06
vn 0.1305247 0 -0.9914451
vn 0.06540167 0 -0.9978591
vn 0.1305247 0 -0.9914451
vn 0.06540167 0 -0.9978591
vn 0.2588176 0 -0.9659262
vn 0.1305247 0 -0.9914451
vn 0.2588176 0 -0.9659262
vn 0.1305247 0 -0.9914451
vn 0.382682 0 -0.9238801
vn 0.2588176 0 -0.9659262
vn 0.382682 0 -0.9238801
vn 0.2588176 0 -0.9659262
vn 0.4999987 0 -0.8660262
vn 0.382682 0 -0.9238801
vn 0.4999987 0 -0.8660262
vn 0.382682 0 -0.9238801
vn 0.6087602 0 -0.7933543
vn 0.4999987 0 -0.8660262
vn 0.6087602 0 -0.7933543
vn 0.4999987 0 -0.8660262
vn 0.7071057 0 -0.7071078
vn 0.6087602 0 -0.7933543
vn 0.7071057 0 -0.7071078
vn 0.6087602 0 -0.7933543
vn 0.7933524 0 -0.6087626
vn 0.7933524 0 -0.6087626
vn 0.7071057 0 -0.7071078
vn 0.7071057 0 -0.7071078
vn 0.8660247 0 -0.5000013
vn 0.8660247 0 -0.5000013
vn 0.7933524 0 -0.6087626
vn 0.7933524 0 -0.6087626
vn 0.9238789 0 -0.3826848
vn 0.9238789 0 -0.3826848
vn 0.8660247 0 -0.5000013
vn 0.8660247 0 -0.5000013
vn 0.9659254 0 -0.2588205
vn 0.9659254 0 -0.2588205
vn 0.9238789 0 -0.3826848
vn 0.9238789 0 -0.3826848
vn 0.9914447 0 -0.1305277
vn 0.9914447 0 -0.1305277
vn 0.9659254 0 -0.2588205
vn 0.9659254 0 -0.2588205
vn 0.9978588 0 -0.06540465
vn 0.9978588 0 -0.06540465
vn 0.9914447 0 -0.1305277
vn 0.9914447 0 -0.1305277
vn 0 -1 0
vn 0 -1 0
vn 0 -1 0
vn 0 -1 0
vn 0 -1 0
vn 0 -1 0
vn 0 -1 0
vn 0 -1 0
vn 0 -1 0
vn 0 -1 0
vn 0 -1 0
vn 0 -1 0
vn 0 -1 0
vn 0 -1 0
vn 0 1 0
vn 0 1 0
vn 0 1 0
vn 0 1 0
vn 0 1 0
vn 0 1 0
vn 0 1 0
vn 0 1 0
vn 0 1 0
vn 0 1 0
vn 0 1 0
vn 0 1 0
vn 0 1 0
vn 0 1 0
vn 0 1 0
vn 0 1 0
vn 0 1 0
vn 0 1 0
vn 0 1 0
vn 0 1 0
vn 0 1 0
vn 0 1 0
vn 0 1 0
vn 0 1 0
vn 0 1 0
vn 0 1 0
vn 0 1 0
vn 0 1 0
vn 0 1 0
vn 0 1 0
vn 0 1 0
vn 0 1 0
vn 0 1 0
vn 0 1 0
vn 0 1 0
vn 0 1 0
vn 0 1 0
vn 0 1 0
vn 0 1 0
vn 0 1 0
vn 1 0 -1.907349E-06
vn 1 0 -1.907349E-06
vn 1 0 -1.907349E-06
vn 1 0 -1.907349E-06
vn 1 0 -1.907349E-06
vn 1 0 -1.907349E-06
vn 1 0 -1.907349E-06
vn 1 0 -1.907349E-06
vn 1 0 -1.907349E-06
vn 1 0 -1.907349E-06
vn 1 0 -1.907349E-06
vn 1 0 -1.907349E-06
vn 1.907349E-06 0 1
vn 1.907349E-06 0 1
vn 1.907349E-06 0 1
vn 1.907349E-06 0 1
vn 1.907349E-06 0 1
vn 1.907349E-06 0 1
vn 1.907349E-06 0 1
vn 1.907349E-06 0 1
vn 1.907349E-06 0 1
vn 1.907349E-06 0 1
vn 1.907349E-06 0 1
vn 1.907349E-06 0 1
vn -0.9914451 0 -0.1305243
vn -0.9978591 0 -0.06540128
vn -0.9914451 0 -0.1305243
vn -0.9978591 0 -0.06540128
vn -0.9659263 0 -0.2588172
vn -0.9914451 0 -0.1305243
vn -0.9659263 0 -0.2588172
vn -0.9914451 0 -0.1305243
vn -0.9238802 0 -0.3826816
vn -0.9659263 0 -0.2588172
vn -0.9238802 0 -0.3826816
vn -0.9659263 0 -0.2588172
vn -0.8660264 0 -0.4999984
vn -0.9238802 0 -0.3826816
vn -0.8660264 0 -0.4999984
vn -0.9238802 0 -0.3826816
vn -0.7933545 0 -0.6087599
vn -0.8660264 0 -0.4999984
vn -0.7933545 0 -0.6087599
vn -0.8660264 0 -0.4999984
vn -0.7071081 0 -0.7071054
vn -0.7933545 0 -0.6087599
vn -0.7071081 0 -0.7071054
vn -0.7933545 0 -0.6087599
vn -0.6087629 0 -0.7933522
vn -0.6087629 0 -0.7933522
vn -0.7071081 0 -0.7071054
vn -0.7071081 0 -0.7071054
vn -0.5000017 0 -0.8660245
vn -0.5000017 0 -0.8660245
vn -0.6087629 0 -0.7933522
vn -0.6087629 0 -0.7933522
vn -0.3826852 0 -0.9238788
vn -0.3826852 0 -0.9238788
vn -0.5000017 0 -0.8660245
vn -0.5000017 0 -0.8660245
vn -0.2588209 0 -0.9659253
vn -0.2588209 0 -0.9659253
vn -0.3826852 0 -0.9238788
vn -0.3826852 0 -0.9238788
vn -0.1305281 0 -0.9914446
vn -0.1305281 0 -0.9914446
vn -0.2588209 0 -0.9659253
vn -0.2588209 0 -0.9659253
vn -0.06540504 0 -0.9978588
vn -0.06540504 0 -0.9978588
vn -0.1305281 0 -0.9914446
vn -0.1305281 0 -0.9914446
vn 0 -1 0
vn 0 -1 0
vn 0 -1 0
vn 0 -1 0
vn 0 -1 0
vn 0 -1 0
vn 0 -1 0
vn 0 -1 0
vn 0 -1 0
vn 0 -1 0
vn 0 -1 0
vn 0 -1 0
vn 0 -1 0
vn 0 -1 0

g [TargetMesh]
f 1/1 2/2 3/3
f 4/4 3/3 2/2
f 5/5 6/6 7/7
f 8/8 7/7 6/6
f 9/9 10/10 11/11
f 12/12 11/11 10/10
f 13/13 14/14 15/15
f 16/16 13/13 15/15
f 17/17 18/18 19/19
f 18/18 20/20 19/19
f 21/21 19/19 20/20
f 19/19 21/21 22/22
f 23/23 22/22 21/21
f 24/24 22/22 23/23
f 25/25 26/26 27/27
f 28/28 27/27 26/26
f 29/29 30/30 31/31
f 32/32 31/31 30/30
f 33/33 31/31 32/32
f 34/34 31/31 33/33
f 35/35 36/36 37/37
f 38/38 35/35 37/37
f 39/39 40/40 41/41
f 40/40 42/42 41/41
f 43/43 41/41 42/42
f 41/41 43/43 44/44
f 45/45 44/44 43/43
f 46/46 44/44 45/45
f 47/47 48/48 49/49
f 50/50 49/49 48/48
f 51/51 52/52 53/53
f 54/54 53/53 52/52
f 55/55 53/53 54/54
f 56/56 53/53 55/55
f 57/57 58/58 59/59
f 60/60 59/59 58/58
f 61/61 62/62 63/63
f 64/64 63/63 62/62
f 65/65 66/66 67/67
f 68/68 67/67 66/66
f 69/69 70/70 71/71
f 72/72 69/69 71/71
f 73/73 74/74 75/75
f 74/74 76/76 75/75
f 77/77 75/75 76/76
f 75/75 77/77 78/78
f 79/79 78/78 77/77
f 80/80 78/78 79/79
f 81/81 82/82 83/83
f 84/84 83/83 82/82
f 85/85 86/86 87/87
f 88/88 87/87 86/86
f 89/89 87/87 88/88
f 90/90 87/87 89/89
f 91/91 92/92 93/93
f 94/94 91/91 93/93
f 95/95 96/96 97/97
f 96/96 98/98 97/97
f 99/99 97/97 98/98
f 97/97 99/99 100/100
f 101/101 100/100 99/99
f 102/102 100/100 101/101
f 103/103 104/104 105/105
f 106/106 105/105 104/104
f 107/107 108/108 109/109
f 110/110 109/109 108/108
f 111/111 109/109 110/110
f 112/112 109/109 111/111
f 113/113 114/114 115/115
f 116/116 115/115 114/114
f 117/117 118/118 119/119
f 120/120 119/119 118/118
f 121/121 122/122 123/123
f 124/124 123/123 122/122
f 125/125 126/126 127/127
f 128/128 125/125 127/127
f 129/129 130/130 131/131
f 130/130 132/132 131/131
f 133/133 131/131 132/132
f 131/131 133/133 134/134
f 135/135 134/134 133/133
f 136/136 134/134 135/135
f 137/137 138/138 139/139
f 140/140 139/139 138/138
f 141/141 142/142 143/143
f 144/144 143/143 142/142
f 145/145 143/143 144/144
f 146/146 143/143 145/145
f 147/147 148/148 149/149
f 150/150 147/147 149/149
f 151/151 152/152 153/153
f 152/152 154/154 153/153
f 155/155 153/153 154/154
f 153/153 155/155 156/156
f 157/157 156/156 155/155
f 158/158 156/156 157/157
f 159/159 160/160 161/161
f 162/162 161/161 160/160
f 163/163 164/164 165/165
f 166/166 165/165 164/164
f 167/167 165/165 166/166
f 168/168 165/165 167/167
f 169/169 170/170 171/171
f 172/172 171/171 170/170
f 173/173 174/174 175/175
f 176/176 175/175 174/174
f 177/177 178/178 179/179
f 180/180 179/179 178/178
f 181/181 182/182 183/183
f 184/184 181/181 183/183
f 185/185 186/186 187/187
f 186/186 188/188 187/187
f 189/189 187/187 188/188
f 187/187 189/189 190/190
f 191/191 190/190 189/189
f 192/192 190/190 191/191
f 193/193 194/194 195/195
f 196/196 195/195 194/194
f 197/197 198/198 199/199
f 200/200 199/199 198/198
f 201/201 199/199 200/200
f 202/202 199/199 201/201
f 203/203 204/204 205/205
f 206/206 203/203 205/205
f 207/207 208/208 209/209
f 208/208 210/210 209/209
f 211/211 209/209 210/210
f 209/209 211/211 212/212
f 213/213 212/212 211/211
f 214/214 212/212 213/213
f 215/215 216/216 217/217
f 218/218 217/217 216/216
f 219/219 220/220 221/221
f 222/222 221/221 220/220
f 223/223 221/221 222/222
f 224/224 221/221 223/223
f 225/225 226/226 227/227
f 228/228 227/227 226/226
f 229/229 227/227 228/228
f 230/230 227/227 229/229
f 231/231 227/227 230/230
f 232/232 227/227 231/231
f 233/233 227/227 232/232
f 234/234 227/227 233/233
f 235/235 227/227 234/234
f 236/236 227/227 235/235
f 237/237 227/227 236/236
f 238/238 227/227 237/237
f 239/239 240/240 241/241
f 242/242 241/241 240/240
f 243/243 241/241 242/242
f 244/244 241/241 243/243
f 245/245 244/244 243/243
f 246/246 244/244 245/245
f 247/247 246/246 245/245
f 248/248 247/247 245/245
f 249/249 247/247 248/248
f 250/250 249/249 248/248
f 251/251 250/250 248/248
f 252/252 250/250 251/251
f 253/253 252/252 251/251
f 254/254 252/252 253/253
f 255/255 254/254 253/253
f 256/256 254/254 255/255
f 257/257 256/256 255/255
f 258/258 256/256 257/257
f 259/259 258/258 257/257
f 260/260 258/258 259/259
f 261/261 260/260 259/259
f 262/262 260/260 261/261
f 263/263 262/262 261/261
f 264/264 262/262 263/263
f 265/265 266/266 267/267
f 268/268 267/267 266/266
f 267/267 268/268 269/269
f 269/269 268/268 270/270
f 268/268 271/271 270/270
f 272/272 269/269 270/270
f 273/273 269/269 272/272
f 270/270 271/271 274/274
f 270/270 274/274 275/275
f 276/276 274/274 271/271
f 277/277 278/278 279/279
f 280/280 279/279 278/278
f 281/281 279/279 280/280
f 282/282 279/279 281/281
f 282/282 281/281 283/283
f 284/284 279/279 282/282
f 285/285 279/279 284/284
f 286/286 279/279 285/285
f 287/287 279/279 286/286
f 286/286 285/285 288/288
f 289/289 290/290 291/291
f 292/292 291/291 290/290
f 293/293 294/294 295/295
f 296/296 295/295 294/294
f 297/297 298/298 299/299
f 300/300 299/299 298/298
f 301/301 302/302 303/303
f 304/304 303/303 302/302
f 305/305 306/306 307/307
f 308/308 307/307 306/306
f 309/309 310/310 311/311
f 312/312 311/311 310/310
f 313/313 314/314 315/315
f 316/316 315/315 314/314
f 317/317 318/318 319/319
f 320/320 319/319 318/318
f 321/321 322/322 323/323
f 324/324 323/323 322/322
f 325/325 326/326 327/327
f 328/328 327/327 326/326
f 329/329 330/330 331/331
f 332/332 331/331 330/330
f 333/333 334/334 335/335
f 336/336 335/335 334/334
f 337/337 338/338 339/339
f 340/340 339/339 338/338
f 341/341 340/340 338/338
f 342/342 341/341 338/338
f 343/343 342/342 338/338
f 344/344 343/343 338/338
f 345/345 344/344 338/338
f 346/346 345/345 338/338
f 347/347 346/346 338/338
f 348/348 347/347 338/338
f 349/349 348/348 338/338
f 350/350 349/349 338/338
f 351/351 352/352 353/353
f 354/354 353/353 352/352
f 355/355 353/353 354/354
f 356/356 353/353 355/355
f 357/357 353/353 356/356
f 358/358 353/353 357/357
f 359/359 353/353 358/358
f 360/360 353/353 359/359
f 361/361 353/353 360/360
f 362/362 353/353 361/361
f 363/363 353/353 362/362
f 364/364 353/353 363/363
f 365/365 366/366 367/367
f 368/368 367/367 366/366
f 369/369 367/367 368/368
f 370/370 367/367 369/369
f 371/371 370/370 369/369
f 372/372 370/370 371/371
f 373/373 372/372 371/371
f 374/374 373/373 371/371
f 375/375 373/373 374/374
f 376/376 375/375 374/374
f 377/377 376/376 374/374
f 378/378 376/376 377/377
f 379/379 378/378 377/377
f 380/380 378/378 379/379
f 381/381 380/380 379/379
f 382/382 380/380 381/381
f 383/383 382/382 381/381
f 384/384 382/382 383/383
f 385/385 384/384 383/383
f 386/386 384/384 385/385
f 387/387 386/386 385/385
f 388/388 386/386 387/387
f 389/389 388/388 387/387
f 390/390 388/388 389/389
f 391/391 392/392 393/393
f 394/394 393/393 392/392
f 393/393 394/394 395/395
f 395/395 394/394 396/396
f 394/394 397/397 396/396
f 398/398 395/395 396/396
f 399/399 395/395 398/398
f 396/396 397/397 400/400
f 396/396 400/400 401/401
f 402/402 400/400 397/397
f 403/403 404/404 405/405
f 406/406 405/405 404/404
f 407/407 405/405 406/406
f 408/408 405/405 407/407
f 408/408 407/407 409/409
f 410/410 405/405 408/408
f 411/411 405/405 410/410
f 412/412 405/405 411/411
f 413/413 405/405 412/412
f 412/412 411/411 414/414
f 415/415 416/416 417/417
f 418/418 417/417 416/416
f 419/419 420/420 421/421
f 422/422 421/421 420/420
f 423/423 424/424 425/425
f 426/426 425/425 424/424
f 427/427 428/428 429/429
f 430/430 429/429 428/428
f 431/431 432/432 433/433
f 434/434 433/433 432/432
f 435/435 436/436 437/437
f 438/438 437/437 436/436
f 439/439 440/440 441/441
f 442/442 441/441 440/440
f 443/443 444/444 445/445
f 446/446 445/445 444/444
f 447/447 448/448 449/449
f 450/450 449/449 448/448
f 451/451 452/452 453/453
f 454/454 453/453 452/452
f 455/455 456/456 457/457
f 458/458 457/457 456/456
f 459/459 460/460 461/461
f 462/462 461/461 460/460
f 463/463 464/464 465/465
f 466/466 465/465 464/464
f 467/467 466/466 464/464
f 468/468 467/467 464/464
f 469/469 468/468 464/464
f 470/470 469/469 464/464
f 471/471 470/470 464/464
f 472/472 471/471 464/464
f 473/473 472/472 464/464
f 474/474 473/473 464/464
f 475/475 474/474 464/464
f 476/476 475/475 464/464
f 477/477 478/478 479/479
f 480/480 479/479 478/478
f 481/481 482/482 483/483
f 484/484 483/483 482/482
f 485/485 486/486 487/487
f 488/488 487/487 486/486
f 489/489 490/490 491/491
f 492/492 489/489 491/491
f 493/493 494/494 495/495
f 494/494 496/496 495/495
f 497/497 495/495 496/496
f 495/495 497/497 498/498
f 499/499 498/498 497/497
f 500/500 498/498 499/499
f 501/501 502/502 503/503
f 504/504 503/503 502/502
f 505/505 506/506 507/507
f 508/508 507/507 506/506
f 509/509 507/507 508/508
f 510/510 507/507 509/509
f 511/511 512/512 513/513
f 514/514 511/511 513/513
f 515/515 516/516 517/517
f 516/516 518/518 517/517
f 519/519 517/517 518/518
f 517/517 519/519 520/520
f 521/521 520/520 519/519
f 522/522 520/520 521/521
f 523/523 524/524 525/525
f 526/526 525/525 524/524
f 527/527 528/528 529/529
f 530/530 529/529 528/528
f 531/531 529/529 530/530
f 532/532 529/529 531/531
f 533/533 534/534 535/535
f 536/536 537/537 538/538
f 539/539 540/540 541/541
f 542/542 541/541 540/540
f 543/543 544/544 545/545
f 546/546 545/545 544/544
f 547/547 548/548 549/549
f 550/550 549/549 548/548
f 551/551 552/552 553/553
f 554/554 551/551 553/553
f 555/555 556/556 557/557
f 556/556 558/558 557/557
f 559/559 557/557 558/558
f 557/557 559/559 560/560
f 561/561 560/560 559/559
f 562/562 560/560 561/561
f 563/563 564/564 565/565
f 566/566 567/567 568/568
f 569/569 570/570 571/571
f 572/572 571/571 570/570
f 573/573 574/574 575/575
f 576/576 575/575 574/574
f 577/577 578/578 579/579
f 580/580 579/579 578/578
f 581/581 582/582 583/583
f 584/584 581/581 583/583
f 585/585 586/586 587/587
f 586/586 588/588 587/587
f 589/589 587/587 588/588
f 587/587 589/589 590/590
f 591/591 590/590 589/589
f 592/592 590/590 591/591
f 593/593 594/594 595/595
f 596/596 597/597 598/598
f 599/599 600/600 601/601
f 602/602 601/601 600/600
f 603/603 604/604 605/605
f 606/606 605/605 604/604
f 607/607 608/608 609/609
f 610/610 609/609 608/608
f 611/611 612/612 613/613
f 614/614 611/611 613/613
f 615/615 616/616 617/617
f 616/616 618/618 617/617
f 619/619 617/617 618/618
f 617/617 619/619 620/620
f 621/621 620/620 619/619
f 622/622 620/620 621/621
f 623/623 624/624 625/625
f 626/626 625/625 624/624
f 627/627 625/625 626/626
f 628/628 625/625 627/627
f 629/629 625/625 628/628
f 630/630 625/625 629/629
f 631/631 625/625 630/630
f 632/632 625/625 631/631
f 633/633 625/625 632/632
f 634/634 625/625 633/633
f 635/635 625/625 634/634
f 636/636 625/625 635/635
f 637/637 638/638 639/639
f 640/640 639/639 638/638
f 641/641 639/639 640/640
f 642/642 639/639 641/641
f 643/643 642/642 641/641
f 644/644 642/642 643/643
f 645/645 644/644 643/643
f 646/646 645/645 643/643
f 647/647 645/645 646/646
f 648/648 647/647 646/646
f 649/649 648/648 646/646
f 650/650 648/648 649/649
f 651/651 650/650 649/649
f 652/652 650/650 651/651
f 653/653 652/652 651/651
f 654/654 652/652 653/653
f 655/655 654/654 653/653
f 656/656 654/654 655/655
f 657/657 656/656 655/655
f 658/658 656/656 657/657
f 659/659 658/658 657/657
f 660/660 658/658 659/659
f 661/661 660/660 659/659
f 662/662 660/660 661/661
f 663/663 664/664 665/665
f 666/666 665/665 664/664
f 665/665 666/666 667/667
f 667/667 666/666 668/668
f 666/666 669/669 668/668
f 670/670 667/667 668/668
f 671/671 667/667 670/670
f 668/668 669/669 672/672
f 668/668 672/672 673/673
f 674/674 672/672 669/669
f 675/675 676/676 677/677
f 678/678 677/677 676/676
f 679/679 677/677 678/678
f 680/680 677/677 679/679
f 680/680 679/679 681/681
f 682/682 677/677 680/680
f 683/683 677/677 682/682
f 684/684 677/677 683/683
f 685/685 677/677 684/684
f 684/684 683/683 686/686
f 687/687 688/688 689/689
f 690/690 689/689 688/688
f 691/691 692/692 693/693
f 694/694 693/693 692/692
f 695/695 696/696 697/697
f 698/698 697/697 696/696
f 699/699 700/700 701/701
f 702/702 701/701 700/700
f 703/703 704/704 705/705
f 706/706 705/705 704/704
f 707/707 708/708 709/709
f 710/710 709/709 708/708
f 711/711 712/712 713/713
f 714/714 713/713 712/712
f 715/715 716/716 717/717
f 718/718 717/717 716/716
f 719/719 720/720 721/721
f 722/722 721/721 720/720
f 723/723 724/724 725/725
f 726/726 725/725 724/724
f 727/727 728/728 729/729
f 730/730 729/729 728/728
f 731/731 732/732 733/733
f 734/734 733/733 732/732
f 735/735 736/736 737/737
f 738/738 737/737 736/736
f 739/739 738/738 736/736
f 740/740 739/739 736/736
f 741/741 740/740 736/736
f 742/742 741/741 736/736
f 743/743 742/742 736/736
f 744/744 743/743 736/736
f 745/745 744/744 736/736
f 746/746 745/745 736/736
f 747/747 746/746 736/736
f 748/748 747/747 736/736
f 749/749 750/750 751/751
f 752/752 751/751 750/750
f 753/753 754/754 755/755
f 756/756 755/755 754/754
f 757/757 758/758 759/759
f 760/760 759/759 758/758
f 761/761 762/762 763/763
f 764/764 761/761 763/763
f 765/765 766/766 767/767
f 766/766 768/768 767/767
f 769/769 767/767 768/768
f 767/767 769/769 770/770
f 771/771 770/770 769/769
f 772/772 770/770 771/771
f 773/773 774/774 775/775
f 776/776 775/775 774/774
f 777/777 778/778 779/779
f 780/780 779/779 778/778
f 781/781 779/779 780/780
f 782/782 779/779 781/781
f 783/783 784/784 785/785
f 786/786 783/783 785/785
f 787/787 788/788 789/789
f 788/788 790/790 789/789
f 791/791 789/789 790/790
f 789/789 791/791 792/792
f 793/793 792/792 791/791
f 794/794 792/792 793/793
f 795/795 796/796 797/797
f 798/798 797/797 796/796
f 799/799 800/800 801/801
f 802/802 801/801 800/800
f 803/803 801/801 802/802
f 804/804 801/801 803/803
f 805/805 806/806 807/807
f 808/808 807/807 806/806
f 809/809 807/807 808/808
f 810/810 807/807 809/809
f 811/811 807/807 810/810
f 812/812 807/807 811/811
f 813/813 807/807 812/812
f 814/814 807/807 813/813
f 815/815 807/807 814/814
f 816/816 807/807 815/815
f 817/817 807/807 816/816
f 818/818 807/807 817/817
f 819/819 820/820 821/821
f 822/822 821/821 820/820
f 823/823 821/821 822/822
f 824/824 821/821 823/823
f 825/825 824/824 823/823
f 826/826 824/824 825/825
f 827/827 826/826 825/825
f 828/828 827/827 825/825
f 829/829 827/827 828/828
f 830/830 829/829 828/828
f 831/831 830/830 828/828
f 832/832 830/830 831/831
f 833/833 832/832 831/831
f 834/834 832/832 833/833
f 835/835 834/834 833/833
f 836/836 834/834 835/835
f 837/837 836/836 835/835
f 838/838 836/836 837/837
f 839/839 838/838 837/837
f 840/840 838/838 839/839
f 841/841 840/840 839/839
f 842/842 840/840 841/841
f 843/843 842/842 841/841
f 844/844 842/842 843/843
f 845/845 846/846 847/847
f 848/848 847/847 846/846
f 847/847 848/848 849/849
f 849/849 848/848 850/850
f 848/848 851/851 850/850
f 852/852 849/849 850/850
f 853/853 849/849 852/852
f 850/850 851/851 854/854
f 850/850 854/854 855/855
f 856/856 854/854 851/851
f 857/857 858/858 859/859
f 860/860 859/859 858/858
f 861/861 859/859 860/860
f 862/862 859/859 861/861
f 862/862 861/861 863/863
f 864/864 859/859 862/862
f 865/865 859/859 864/864
f 866/866 859/859 865/865
f 867/867 859/859 866/866
f 866/866 865/865 868/868
f 869/869 870/870 871/871
f 872/872 871/871 870/870
f 873/873 874/874 875/875
f 876/876 875/875 874/874
f 877/877 878/878 879/879
f 880/880 879/879 878/878
f 881/881 882/882 883/883
f 884/884 883/883 882/882
f 885/885 886/886 887/887
f 888/888 887/887 886/886
f 889/889 890/890 891/891
f 892/892 891/891 890/890
f 893/893 894/894 895/895
f 896/896 895/895 894/894
f 897/897 898/898 899/899
f 900/900 899/899 898/898
f 901/901 902/902 903/903
f 904/904 903/903 902/902
f 905/905 906/906 907/907
f 908/908 907/907 906/906
f 909/909 910/910 911/911
f 912/912 911/911 910/910
f 913/913 914/914 915/915
f 916/916 915/915 914/914
f 917/917 918/918 919/919
f 920/920 919/919 918/918
f 921/921 920/920 918/918
f 922/922 921/921 918/918
f 923/923 922/922 918/918
f 924/924 923/923 918/918
f 925/925 924/924 918/918
f 926/926 925/925 918/918
f 927/927 926/926 918/918
f 928/928 927/927 918/918
f 929/929 928/928 918/918
f 930/930 929/929 918/918
f 931/931 932/932 933/933
f 934/934 933/933 932/932
f 935/935 933/933 934/934
f 936/936 933/933 935/935
f 937/937 933/933 936/936
f 938/938 933/933 937/937
f 939/939 933/933 938/938
f 940/940 933/933 939/939
f 941/941 933/933 940/940
f 942/942 933/933 941/941
f 943/943 933/933 942/942
f 944/944 933/933 943/943
f 945/945 946/946 947/947
f 948/948 947/947 946/946
f 949/949 947/947 948/948
f 950/950 947/947 949/949
f 951/951 950/950 949/949
f 952/952 950/950 951/951
f 953/953 952/952 951/951
f 954/954 953/953 951/951
f 955/955 953/953 954/954
f 956/956 955/955 954/954
f 957/957 956/956 954/954
f 958/958 956/956 957/957
f 959/959 958/958 957/957
f 960/960 958/958 959/959
f 961/961 960/960 959/959
f 962/962 960/960 961/961
f 963/963 962/962 961/961
f 964/964 962/962 963/963
f 965/965 964/964 963/963
f 966/966 964/964 965/965
f 967/967 966/966 965/965
f 968/968 966/966 967/967
f 969/969 968/968 967/967
f 970/970 968/968 969/969
f 971/971 972/972 973/973
f 974/974 973/973 972/972
f 973/973 974/974 975/975
f 975/975 974/974 976/976
f 974/974 977/977 976/976
f 978/978 975/975 976/976
f 979/979 975/975 978/978
f 976/976 977/977 980/980
f 976/976 980/980 981/981
f 982/982 980/980 977/977
f 983/983 984/984 985/985
f 986/986 985/985 984/984
f 987/987 985/985 986/986
f 988/988 985/985 987/987
f 988/988 987/987 989/989
f 990/990 985/985 988/988
f 991/991 985/985 990/990
f 992/992 985/985 991/991
f 993/993 985/985 992/992
f 992/992 991/991 994/994
f 995/995 996/996 997/997
f 998/998 997/997 996/996
f 999/999 1000/1000 1001/1001
f 1002/1002 1001/1001 1000/1000
f 1003/1003 1004/1004 1005/1005
f 1006/1006 1005/1005 1004/1004
f 1007/1007 1008/1008 1009/1009
f 1010/1010 1009/1009 1008/1008
f 1011/1011 1012/1012 1013/1013
f 1014/1014 1013/1013 1012/1012
f 1015/1015 1016/1016 1017/1017
f 1018/1018 1017/1017 1016/1016
f 1019/1019 1020/1020 1021/1021
f 1022/1022 1021/1021 1020/1020
f 1023/1023 1024/1024 1025/1025
f 1026/1026 1025/1025 1024/1024
f 1027/1027 1028/1028 1029/1029
f 1030/1030 1029/1029 1028/1028
f 1031/1031 1032/1032 1033/1033
f 1034/1034 1033/1033 1032/1032
f 1035/1035 1036/1036 1037/1037
f 1038/1038 1037/1037 1036/1036
f 1039/1039 1040/1040 1041/1041
f 1042/1042 1041/1041 1040/1040
f 1043/1043 1044/1044 1045/1045
f 1046/1046 1045/1045 1044/1044
f 1047/1047 1046/1046 1044/1044
f 1048/1048 1047/1047 1044/1044
f 1049/1049 1048/1048 1044/1044
f 1050/1050 1049/1049 1044/1044
f 1051/1051 1050/1050 1044/1044
f 1052/1052 1051/1051 1044/1044
f 1053/1053 1052/1052 1044/1044
f 1054/1054 1053/1053 1044/1044
f 1055/1055 1054/1054 1044/1044
f 1056/1056 1055/1055 1044/1044
f 1057/1057 1058/1058 1059/1059
f 1060/1060 1061/1061 1062/1062
f 1063/1063 1064/1064 1065/1065
f 1066/1066 1065/1065 1064/1064
f 1067/1067 1068/1068 1069/1069
f 1070/1070 1069/1069 1068/1068
f 1071/1071 1072/1072 1073/1073
f 1074/1074 1073/1073 1072/1072
f 1075/1075 1076/1076 1077/1077
f 1078/1078 1075/1075 1077/1077
f 1079/1079 1080/1080 1081/1081
f 1080/1080 1082/1082 1081/1081
f 1083/1083 1081/1081 1082/1082
f 1081/1081 1083/1083 1084/1084
f 1085/1085 1084/1084 1083/1083
f 1086/1086 1084/1084 1085/1085
f 1087/1087 1088/1088 1089/1089
f 1090/1090 1089/1089 1088/1088
f 1091/1091 1092/1092 1093/1093
f 1094/1094 1093/1093 1092/1092
f 1095/1095 1096/1096 1097/1097
f 1098/1098 1097/1097 1096/1096
f 1099/1099 1100/1100 1101/1101
f 1102/1102 1099/1099 1101/1101
f 1103/1103 1104/1104 1105/1105
f 1104/1104 1106/1106 1105/1105
f 1107/1107 1105/1105 1106/1106
f 1105/1105 1107/1107 1108/1108
f 1109/1109 1108/1108 1107/1107
f 1110/1110 1108/1108 1109/1109
f 1111/1111 1112/1112 1113/1113
f 1114/1114 1113/1113 1112/1112
f 1115/1115 1116/1116 1117/1117
f 1118/1118 1117/1117 1116/1116
f 1119/1119 1117/1117 1118/1118
f 1120/1120 1117/1117 1119/1119
f 1121/1121 1122/1122 1123/1123
f 1124/1124 1121/1121 1123/1123
f 1125/1125 1126/1126 1127/1127
f 1126/1126 1128/1128 1127/1127
f 1129/1129 1127/1127 1128/1128
f 1127/1127 1129/1129 1130/1130
f 1131/1131 1130/1130 1129/1129
f 1132/1132 1130/1130 1131/1131
f 1133/1133 1134/1134 1135/1135
f 1136/1136 1135/1135 1134/1134
f 1137/1137 1138/1138 1139/1139
f 1140/1140 1139/1139 1138/1138
f 1141/1141 1139/1139 1140/1140
f 1142/1142 1139/1139 1141/1141
f 1143/1143 1144/1144 1145/1145
f 1146/1146 1145/1145 1144/1144
f 1147/1147 1145/1145 1146/1146
f 1148/1148 1145/1145 1147/1147
f 1149/1149 1145/1145 1148/1148
f 1150/1150 1145/1145 1149/1149
f 1151/1151 1145/1145 1150/1150
f 1152/1152 1145/1145 1151/1151
f 1153/1153 1145/1145 1152/1152
f 1154/1154 1145/1145 1153/1153
f 1155/1155 1145/1145 1154/1154
f 1156/1156 1145/1145 1155/1155
f 1157/1157 1158/1158 1159/1159
f 1160/1160 1159/1159 1158/1158
f 1161/1161 1159/1159 1160/1160
f 1162/1162 1159/1159 1161/1161
f 1163/1163 1162/1162 1161/1161
f 1164/1164 1162/1162 1163/1163
f 1165/1165 1164/1164 1163/1163
f 1166/1166 1165/1165 1163/1163
f 1167/1167 1165/1165 1166/1166
f 1168/1168 1167/1167 1166/1166
f 1169/1169 1168/1168 1166/1166
f 1170/1170 1168/1168 1169/1169
f 1171/1171 1170/1170 1169/1169
f 1172/1172 1170/1170 1171/1171
f 1173/1173 1172/1172 1171/1171
f 1174/1174 1172/1172 1173/1173
f 1175/1175 1174/1174 1173/1173
f 1176/1176 1174/1174 1175/1175
f 1177/1177 1176/1176 1175/1175
f 1178/1178 1176/1176 1177/1177
f 1179/1179 1178/1178 1177/1177
f 1180/1180 1178/1178 1179/1179
f 1181/1181 1180/1180 1179/1179
f 1182/1182 1180/1180 1181/1181
f 1183/1183 1184/1184 1185/1185
f 1186/1186 1185/1185 1184/1184
f 1185/1185 1186/1186 1187/1187
f 1187/1187 1186/1186 1188/1188
f 1186/1186 1189/1189 1188/1188
f 1190/1190 1187/1187 1188/1188
f 1191/1191 1187/1187 1190/1190
f 1188/1188 1189/1189 1192/1192
f 1188/1188 1192/1192 1193/1193
f 1194/1194 1192/1192 1189/1189
f 1195/1195 1196/1196 1197/1197
f 1198/1198 1197/1197 1196/1196
f 1199/1199 1197/1197 1198/1198
f 1200/1200 1197/1197 1199/1199
f 1200/1200 1199/1199 1201/1201
f 1202/1202 1197/1197 1200/1200
f 1203/1203 1197/1197 1202/1202
f 1204/1204 1197/1197 1203/1203
f 1205/1205 1197/1197 1204/1204
f 1204/1204 1203/1203 1206/1206
f 1207/1207 1208/1208 1209/1209
f 1210/1210 1209/1209 1208/1208
f 1211/1211 1212/1212 1213/1213
f 1214/1214 1213/1213 1212/1212
f 1215/1215 1216/1216 1217/1217
f 1218/1218 1217/1217 1216/1216
f 1219/1219 1220/1220 1221/1221
f 1222/1222 1221/1221 1220/1220
f 1223/1223 1224/1224 1225/1225
f 1226/1226 1225/1225 1224/1224
f 1227/1227 1228/1228 1229/1229
f 1230/1230 1229/1229 1228/1228
f 1231/1231 1232/1232 1233/1233
f 1234/1234 1233/1233 1232/1232
f 1235/1235 1236/1236 1237/1237
f 1238/1238 1237/1237 1236/1236
f 1239/1239 1240/1240 1241/1241
f 1242/1242 1241/1241 1240/1240
f 1243/1243 1244/1244 1245/1245
f 1246/1246 1245/1245 1244/1244
f 1247/1247 1248/1248 1249/1249
f 1250/1250 1249/1249 1248/1248
f 1251/1251 1252/1252 1253/1253
f 1254/1254 1253/1253 1252/1252
f 1255/1255 1256/1256 1257/1257
f 1258/1258 1257/1257 1256/1256
f 1259/1259 1258/1258 1256/1256
f 1260/1260 1259/1259 1256/1256
f 1261/1261 1260/1260 1256/1256
f 1262/1262 1261/1261 1256/1256
f 1263/1263 1262/1262 1256/1256
f 1264/1264 1263/1263 1256/1256
f 1265/1265 1264/1264 1256/1256
f 1266/1266 1265/1265 1256/1256
f 1267/1267 1266/1266 1256/1256
f 1268/1268 1267/1267 1256/1256
f 1269/1269 1270/1270 1271/1271
f 1272/1272 1273/1273 1274/1274
f 1275/1275 1276/1276 1277/1277
f 1278/1278 1277/1277 1276/1276
f 1279/1279 1280/1280 1281/1281
f 1282/1282 1281/1281 1280/1280
f 1283/1283 1284/1284 1285/1285
f 1286/1286 1285/1285 1284/1284
f 1287/1287 1288/1288 1289/1289
f 1290/1290 1287/1287 1289/1289
f 1291/1291 1292/1292 1293/1293
f 1292/1292 1294/1294 1293/1293
f 1295/1295 1293/1293 1294/1294
f 1293/1293 1295/1295 1296/1296
f 1297/1297 1296/1296 1295/1295
f 1298/1298 1296/1296 1297/1297
f 1299/1299 1300/1300 1301/1301
f 1302/1302 1303/1303 1304/1304
f 1305/1305 1306/1306 1307/1307
f 1308/1308 1307/1307 1306/1306
f 1309/1309 1310/1310 1311/1311
f 1312/1312 1311/1311 1310/1310
f 1313/1313 1314/1314 1315/1315
f 1316/1316 1315/1315 1314/1314
f 1317/1317 1318/1318 1319/1319
f 1320/1320 1317/1317 1319/1319
f 1321/1321 1322/1322 1323/1323
f 1322/1322 1324/1324 1323/1323
f 1325/1325 1323/1323 1324/1324
f 1323/1323 1325/1325 1326/1326
f 1327/1327 1326/1326 1325/1325
f 1328/1328 1326/1326 1327/1327
f 1329/1329 1330/1330 1331/1331
f 1332/1332 1331/1331 1330/1330
f 1333/1333 1334/1334 1335/1335
f 1336/1336 1335/1335 1334/1334
f 1337/1337 1338/1338 1339/1339
f 1340/1340 1339/1339 1338/1338
f 1341/1341 1342/1342 1343/1343
f 1344/1344 1341/1341 1343/1343
f 1345/1345 1346/1346 1347/1347
f 1346/1346 1348/1348 1347/1347
f 1349/1349 1347/1347 1348/1348
f 1347/1347 1349/1349 1350/1350
f 1351/1351 1350/1350 1349/1349
f 1352/1352 1350/1350 1351/1351
f 1353/1353 1354/1354 1355/1355
f 1356/1356 1355/1355 1354/1354
f 1357/1357 1358/1358 1359/1359
f 1360/1360 1359/1359 1358/1358
f 1361/1361 1359/1359 1360/1360
f 1362/1362 1359/1359 1361/1361
f 1363/1363 1364/1364 1365/1365
f 1366/1366 1363/1363 1365/1365
f 1367/1367 1368/1368 1369/1369
f 1368/1368 1370/1370 1369/1369
f 1371/1371 1369/1369 1370/1370
f 1369/1369 1371/1371 1372/1372
f 1373/1373 1372/1372 1371/1371
f 1374/1374 1372/1372 1373/1373
f 1375/1375 1376/1376 1377/1377
f 1378/1378 1377/1377 1376/1376
f 1379/1379 1380/1380 1381/1381
f 1382/1382 1381/1381 1380/1380
f 1383/1383 1381/1381 1382/1382
f 1384/1384 1381/1381 1383/1383
f 1385/1385 1386/1386 1387/1387
f 1388/1388 1387/1387 1386/1386
f 1389/1389 1390/1390 1391/1391
f 1392/1392 1391/1391 1390/1390
f 1393/1393 1394/1394 1395/1395
f 1396/1396 1395/1395 1394/1394
f 1397/1397 1398/1398 1399/1399
f 1400/1400 1397/1397 1399/1399
f 1401/1401 1402/1402 1403/1403
f 1402/1402 1404/1404 1403/1403
f 1405/1405 1403/1403 1404/1404
f 1403/1403 1405/1405 1406/1406
f 1407/1407 1406/1406 1405/1405
f 1408/1408 1406/1406 1407/1407
f 1409/1409 1410/1410 1411/1411
f 1412/1412 1411/1411 1410/1410
f 1413/1413 1414/1414 1415/1415
f 1416/1416 1415/1415 1414/1414
f 1417/1417 1415/1415 1416/1416
f 1418/1418 1415/1415 1417/1417
f 1419/1419 1420/1420 1421/1421
f 1422/1422 1419/1419 1421/1421
f 1423/1423 1424/1424 1425/1425
f 1424/1424 1426/1426 1425/1425
f 1427/1427 1425/1425 1426/1426
f 1425/1425 1427/1427 1428/1428
f 1429/1429 1428/1428 1427/1427
f 1430/1430 1428/1428 1429/1429
f 1431/1431 1432/1432 1433/1433
f 1434/1434 1433/1433 1432/1432
f 1435/1435 1436/1436 1437/1437
f 1438/1438 1437/1437 1436/1436
f 1439/1439 1437/1437 1438/1438
f 1440/1440 1437/1437 1439/1439
f 1441/1441 1442/1442 1443/1443
f 1444/1444 1443/1443 1442/1442
f 1445/1445 1446/1446 1447/1447
f 1448/1448 1447/1447 1446/1446
f 1449/1449 1450/1450 1451/1451
f 1452/1452 1451/1451 1450/1450
f 1453/1453 1454/1454 1455/1455
f 1456/1456 1453/1453 1455/1455
f 1457/1457 1458/1458 1459/1459
f 1458/1458 1460/1460 1459/1459
f 1461/1461 1459/1459 1460/1460
f 1459/1459 1461/1461 1462/1462
f 1463/1463 1462/1462 1461/1461
f 1464/1464 1462/1462 1463/1463
f 1465/1465 1466/1466 1467/1467
f 1468/1468 1467/1467 1466/1466
f 1469/1469 1470/1470 1471/1471
f 1472/1472 1471/1471 1470/1470
f 1473/1473 1471/1471 1472/1472
f 1474/1474 1471/1471 1473/1473
f 1475/1475 1476/1476 1477/1477
f 1478/1478 1475/1475 1477/1477
f 1479/1479 1480/1480 1481/1481
f 1480/1480 1482/1482 1481/1481
f 1483/1483 1481/1481 1482/1482
f 1481/1481 1483/1483 1484/1484
f 1485/1485 1484/1484 1483/1483
f 1486/1486 1484/1484 1485/1485
f 1487/1487 1488/1488 1489/1489
f 1490/1490 1489/1489 1488/1488
f 1491/1491 1492/1492 1493/1493
f 1494/1494 1493/1493 1492/1492
f 1495/1495 1493/1493 1494/1494
f 1496/1496 1493/1493 1495/1495
f 1497/1497 1498/1498 1499/1499
f 1500/1500 1499/1499 1498/1498
f 1501/1501 1499/1499 1500/1500
f 1502/1502 1499/1499 1501/1501
f 1503/1503 1499/1499 1502/1502
f 1504/1504 1499/1499 1503/1503
f 1505/1505 1499/1499 1504/1504
f 1506/1506 1499/1499 1505/1505
f 1507/1507 1499/1499 1506/1506
f 1508/1508 1499/1499 1507/1507
f 1509/1509 1499/1499 1508/1508
f 1510/1510 1499/1499 1509/1509
f 1511/1511 1512/1512 1513/1513
f 1514/1514 1513/1513 1512/1512
f 1515/1515 1513/1513 1514/1514
f 1516/1516 1513/1513 1515/1515
f 1517/1517 1516/1516 1515/1515
f 1518/1518 1516/1516 1517/1517
f 1519/1519 1518/1518 1517/1517
f 1520/1520 1519/1519 1517/1517
f 1521/1521 1519/1519 1520/1520
f 1522/1522 1521/1521 1520/1520
f 1523/1523 1522/1522 1520/1520
f 1524/1524 1522/1522 1523/1523
f 1525/1525 1524/1524 1523/1523
f 1526/1526 1524/1524 1525/1525
f 1527/1527 1526/1526 1525/1525
f 1528/1528 1526/1526 1527/1527
f 1529/1529 1528/1528 1527/1527
f 1530/1530 1528/1528 1529/1529
f 1531/1531 1530/1530 1529/1529
f 1532/1532 1530/1530 1531/1531
f 1533/1533 1532/1532 1531/1531
f 1534/1534 1532/1532 1533/1533
f 1535/1535 1534/1534 1533/1533
f 1536/1536 1534/1534 1535/1535
f 1537/1537 1538/1538 1539/1539
f 1540/1540 1539/1539 1538/1538
f 1539/1539 1540/1540 1541/1541
f 1541/1541 1540/1540 1542/1542
f 1540/1540 1543/1543 1542/1542
f 1544/1544 1541/1541 1542/1542
f 1545/1545 1541/1541 1544/1544
f 1542/1542 1543/1543 1546/1546
f 1542/1542 1546/1546 1547/1547
f 1548/1548 1546/1546 1543/1543
f 1549/1549 1550/1550 1551/1551
f 1552/1552 1551/1551 1550/1550
f 1553/1553 1551/1551 1552/1552
f 1554/1554 1551/1551 1553/1553
f 1554/1554 1553/1553 1555/1555
f 1556/1556 1551/1551 1554/1554
f 1557/1557 1551/1551 1556/1556
f 1558/1558 1551/1551 1557/1557
f 1559/1559 1551/1551 1558/1558
f 1558/1558 1557/1557 1560/1560
f 1561/1561 1562/1562 1563/1563
f 1564/1564 1563/1563 1562/1562
f 1565/1565 1566/1566 1567/1567
f 1568/1568 1567/1567 1566/1566
f 1569/1569 1570/1570 1571/1571
f 1572/1572 1571/1571 1570/1570
f 1573/1573 1574/1574 1575/1575
f 1576/1576 1575/1575 1574/1574
f 1577/1577 1578/1578 1579/1579
f 1580/1580 1579/1579 1578/1578
f 1581/1581 1582/1582 1583/1583
f 1584/1584 1583/1583 1582/1582
f 1585/1585 1586/1586 1587/1587
f 1588/1588 1587/1587 1586/1586
f 1589/1589 1590/1590 1591/1591
f 1592/1592 1591/1591 1590/1590
f 1593/1593 1594/1594 1595/1595
f 1596/1596 1595/1595 1594/1594
f 1597/1597 1598/1598 1599/1599
f 1600/1600 1599/1599 1598/1598
f 1601/1601 1602/1602 1603/1603
f 1604/1604 1603/1603 1602/1602
f 1605/1605 1606/1606 1607/1607
f 1608/1608 1607/1607 1606/1606
f 1609/1609 1610/1610 1611/1611
f 1612/1612 1611/1611 1610/1610
f 1613/1613 1612/1612 1610/1610
f 1614/1614 1613/1613 1610/1610
f 1615/1615 1614/1614 1610/1610
f 1616/1616 1615/1615 1610/1610
f 1617/1617 1616/1616 1610/1610
f 1618/1618 1617/1617 1610/1610
f 1619/1619 1618/1618 1610/1610
f 1620/1620 1619/1619 1610/1610
f 1621/1621 1620/1620 1610/1610
f 1622/1622 1621/1621 1610/1610
f 1623/1623 1624/1624 1625/1625
f 1626/1626 1625/1625 1624/1624
f 1627/1627 1625/1625 1626/1626
f 1628/1628 1625/1625 1627/1627
f 1629/1629 1625/1625 1628/1628
f 1630/1630 1625/1625 1629/1629
f 1631/1631 1625/1625 1630/1630
f 1632/1632 1625/1625 1631/1631
f 1633/1633 1625/1625 1632/1632
f 1634/1634 1625/1625 1633/1633
f 1635/1635 1625/1625 1634/1634
f 1636/1636 1625/1625 1635/1635
f 1637/1637 1638/1638 1639/1639
f 1640/1640 1639/1639 1638/1638
f 1641/1641 1639/1639 1640/1640
f 1642/1642 1639/1639 1641/1641
f 1643/1643 1642/1642 1641/1641
f 1644/1644 1642/1642 1643/1643
f 1645/1645 1644/1644 1643/1643
f 1646/1646 1645/1645 1643/1643
f 1647/1647 1645/1645 1646/1646
f 1648/1648 1647/1647 1646/1646
f 1649/1649 1648/1648 1646/1646
f 1650/1650 1648/1648 1649/1649
f 1651/1651 1650/1650 1649/1649
f 1652/1652 1650/1650 1651/1651
f 1653/1653 1652/1652 1651/1651
f 1654/1654 1652/1652 1653/1653
f 1655/1655 1654/1654 1653/1653
f 1656/1656 1654/1654 1655/1655
f 1657/1657 1656/1656 1655/1655
f 1658/1658 1656/1656 1657/1657
f 1659/1659 1658/1658 1657/1657
f 1660/1660 1658/1658 1659/1659
f 1661/1661 1660/1660 1659/1659
f 1662/1662 1660/1660 1661/1661
f 1663/1663 1664/1664 1665/1665
f 1666/1666 1665/1665 1664/1664
f 1665/1665 1666/1666 1667/1667
f 1667/1667 1666/1666 1668/1668
f 1666/1666 1669/1669 1668/1668
f 1670/1670 1667/1667 1668/1668
f 1671/1671 1667/1667 1670/1670
f 1668/1668 1669/1669 1672/1672
f 1668/1668 1672/1672 1673/1673
f 1674/1674 1672/1672 1669/1669
f 1675/1675 1676/1676 1677/1677
f 1678/1678 1677/1677 1676/1676
f 1679/1679 1677/1677 1678/1678
f 1680/1680 1677/1677 1679/1679
f 1680/1680 1679/1679 1681/1681
f 1682/1682 1677/1677 1680/1680
f 1683/1683 1677/1677 1682/1682
f 1684/1684 1677/1677 1683/1683
f 1685/1685 1677/1677 1684/1684
f 1684/1684 1683/1683 1686/1686
f 1687/1687 1688/1688 1689/1689
f 1690/1690 1689/1689 1688/1688
f 1691/1691 1692/1692 1693/1693
f 1694/1694 1693/1693 1692/1692
f 1695/1695 1696/1696 1697/1697
f 1698/1698 1697/1697 1696/1696
f 1699/1699 1700/1700 1701/1701
f 1702/1702 1701/1701 1700/1700
f 1703/1703 1704/1704 1705/1705
f 1706/1706 1705/1705 1704/1704
f 1707/1707 1708/1708 1709/1709
f 1710/1710 1709/1709 1708/1708
f 1711/1711 1712/1712 1713/1713
f 1714/1714 1713/1713 1712/1712
f 1715/1715 1716/1716 1717/1717
f 1718/1718 1717/1717 1716/1716
f 1719/1719 1720/1720 1721/1721
f 1722/1722 1721/1721 1720/1720
f 1723/1723 1724/1724 1725/1725
f 1726/1726 1725/1725 1724/1724
f 1727/1727 1728/1728 1729/1729
f 1730/1730 1729/1729 1728/1728
f 1731/1731 1732/1732 1733/1733
f 1734/1734 1733/1733 1732/1732
f 1735/1735 1736/1736 1737/1737
f 1738/1738 1737/1737 1736/1736
f 1739/1739 1738/1738 1736/1736
f 1740/1740 1739/1739 1736/1736
f 1741/1741 1740/1740 1736/1736
f 1742/1742 1741/1741 1736/1736
f 1743/1743 1742/1742 1736/1736
f 1744/1744 1743/1743 1736/1736
f 1745/1745 1744/1744 1736/1736
f 1746/1746 1745/1745 1736/1736
f 1747/1747 1746/1746 1736/1736
f 1748/1748 1747/1747 1736/1736
f 1749/1749 1750/1750 1751/1751
f 1752/1752 1751/1751 1750/1750
f 1753/1753 1751/1751 1752/1752
f 1754/1754 1751/1751 1753/1753
f 1755/1755 1751/1751 1754/1754
f 1756/1756 1751/1751 1755/1755
f 1757/1757 1751/1751 1756/1756
f 1758/1758 1751/1751 1757/1757
f 1759/1759 1751/1751 1758/1758
f 1760/1760 1751/1751 1759/1759
f 1761/1761 1751/1751 1760/1760
f 1762/1762 1751/1751 1761/1761
f 1763/1763 1764/1764 1765/1765
f 1766/1766 1765/1765 1764/1764
f 1767/1767 1765/1765 1766/1766
f 1768/1768 1765/1765 1767/1767
f 1769/1769 1768/1768 1767/1767
f 1770/1770 1768/1768 1769/1769
f 1771/1771 1770/1770 1769/1769
f 1772/1772 1771/1771 1769/1769
f 1773/1773 1771/1771 1772/1772
f 1774/1774 1773/1773 1772/1772
f 1775/1775 1774/1774 1772/1772
f 1776/1776 1774/1774 1775/1775
f 1777/1777 1776/1776 1775/1775
f 1778/1778 1776/1776 1777/1777
f 1779/1779 1778/1778 1777/1777
f 1780/1780 1778/1778 1779/1779
f 1781/1781 1780/1780 1779/1779
f 1782/1782 1780/1780 1781/1781
f 1783/1783 1782/1782 1781/1781
f 1784/1784 1782/1782 1783/1783
f 1785/1785 1784/1784 1783/1783
f 1786/1786 1784/1784 1785/1785
f 1787/1787 1786/1786 1785/1785
f 1788/1788 1786/1786 1787/1787
f 1789/1789 1790/1790 1791/1791
f 1792/1792 1791/1791 1790/1790
f 1791/1791 1792/1792 1793/1793
f 1793/1793 1792/1792 1794/1794
f 1792/1792 1795/1795 1794/1794
f 1796/1796 1793/1793 1794/1794
f 1797/1797 1793/1793 1796/1796
f 1794/1794 1795/1795 1798/1798
f 1794/1794 1798/1798 1799/1799
f 1800/1800 1798/1798 1795/1795
f 1801/1801 1802/1802 1803/1803
f 1804/1804 1803/1803 1802/1802
f 1805/1805 1803/1803 1804/1804
f 1806/1806 1803/1803 1805/1805
f 1806/1806 1805/1805 1807/1807
f 1808/1808 1803/1803 1806/1806
f 1809/1809 1803/1803 1808/1808
f 1810/1810 1803/1803 1809/1809
f 1811/1811 1803/1803 1810/1810
f 1810/1810 1809/1809 1812/1812
f 1813/1813 1814/1814 1815/1815
f 1816/1816 1815/1815 1814/1814
f 1817/1817 1818/1818 1819/1819
f 1820/1820 1819/1819 1818/1818
f 1821/1821 1822/1822 1823/1823
f 1824/1824 1823/1823 1822/1822
f 1825/1825 1826/1826 1827/1827
f 1828/1828 1827/1827 1826/1826
f 1829/1829 1830/1830 1831/1831
f 1832/1832 1831/1831 1830/1830
f 1833/1833 1834/1834 1835/1835
f 1836/1836 1835/1835 1834/1834
f 1837/1837 1838/1838 1839/1839
f 1840/1840 1839/1839 1838/1838
f 1841/1841 1842/1842 1843/1843
f 1844/1844 1843/1843 1842/1842
f 1845/1845 1846/1846 1847/1847
f 1848/1848 1847/1847 1846/1846
f 1849/1849 1850/1850 1851/1851
f 1852/1852 1851/1851 1850/1850
f 1853/1853 1854/1854 1855/1855
f 1856/1856 1855/1855 1854/1854
f 1857/1857 1858/1858 1859/1859
f 1860/1860 1859/1859 1858/1858
f 1861/1861 1862/1862 1863/1863
f 1864/1864 1863/1863 1862/1862
f 1865/1865 1864/1864 1862/1862
f 1866/1866 1865/1865 1862/1862
f 1867/1867 1866/1866 1862/1862
f 1868/1868 1867/1867 1862/1862
f 1869/1869 1868/1868 1862/1862
f 1870/1870 1869/1869 1862/1862
f 1871/1871 1870/1870 1862/1862
f 1872/1872 1871/1871 1862/1862
f 1873/1873 1872/1872 1862/1862
f 1874/1874 1873/1873 1862/1862
