v 4.176362 0.002995014 -5.000631
v 4.176362 0.002995014 4.999369
v 4.997477 0.002995014 -5.000631
v 4.997477 0.002995014 4.999369
v -5.002523 0.002995014 -5.000631
v -5.002523 0.002995014 4.999369
v -4.181409 0.002995014 -5.000631
v -4.181409 0.002995014 4.999369
v -5.002523 -1.072274 4.999369
v 4.997477 -1.072274 4.999369
v -5.002523 0.002995014 4.999369
v 4.997477 0.002995014 4.999369
v -4.181409 0.002995014 4.999369
v -5.002523 0.002995014 4.999369
v 4.997477 0.002995014 4.999369
v 4.176362 0.002995014 4.999369
v -3.458046 0.1984982 4.999369
v -4.181409 0.1984982 4.999369
v -3.458046 0.1007466 4.999369
v -4.181409 0.002995014 4.999369
v 4.176362 0.002995014 4.999369
v 3.452999 0.1007466 4.999369
v 4.176362 0.1984982 4.999369
v 3.452999 0.1984982 4.999369
v -5.002523 0.002995014 -5.000631
v -5.002523 -1.072274 -5.000631
v -5.002523 0.002995014 4.999369
v -5.002523 -1.072274 4.999369
v 4.997477 -1.072274 -5.000631
v 4.498943 -1.072274 -5.000631
v 4.997477 0.002995014 -5.000631
v -4.50399 -1.072274 -5.000631
v -5.002523 -1.072274 -5.000631
v -5.002523 0.002995014 -5.000631
v 4.176362 0.002995014 -5.000631
v 4.997477 0.002995014 -5.000631
v -5.002523 0.002995014 -5.000631
v -4.181409 0.002995014 -5.000631
v 3.452999 0.1984982 -5.000631
v 4.176362 0.1984982 -5.000631
v 3.452999 0.1007466 -5.000631
v 4.176362 0.002995014 -5.000631
v -4.181409 0.002995014 -5.000631
v -3.458046 0.1007466 -5.000631
v -4.181409 0.1984982 -5.000631
v -3.458046 0.1984982 -5.000631
v 4.997477 -1.072274 -5.000631
v 4.997477 0.002995014 -5.000631
v 4.997477 -1.072274 4.999369
v 4.997477 0.002995014 4.999369
v -5.002523 -1.072274 4.999369
v -5.002523 -1.072274 -5.000631
v 4.997477 -1.072274 4.999369
v -4.50399 -1.072274 -5.000631
v 4.498943 -1.072274 -5.000631
v 4.997477 -1.072274 -5.000631
v 5 0 15
v 5 0 5
v 5 2.502444 15
v -5 2.502444 15
v -5 0 5
v -5 0 15
v 4.178885 0 5
v 4.178885 2.502444 15
v 5 0 5
v 5 2.502444 15
v -5 0 5
v -5 2.502444 15
v -4.178885 0 5
v -4.178885 2.502444 15
v -5 0 15
v 5 0 15
v -5 2.502444 15
v 5 2.502444 15
v -4.178885 2.502444 15
v -5 2.502444 15
v 5 2.502444 15
v 4.178885 2.502444 15
v -3.455523 2.697947 15
v -4.178885 2.697947 15
v -3.455523 2.600195 15
v -4.178885 2.502444 15
v 4.178885 2.502444 15
v 3.455523 2.600195 15
v 4.178885 2.697947 15
v 3.455523 2.697947 15
v 4.178845 2.504858 15
v 4.178845 2.504858 25
v 4.99996 2.504858 15
v 4.99996 2.504858 25
v -5.00004 2.504858 15
v -5.00004 2.504858 25
v -4.178926 2.504858 15
v -4.178926 2.504858 25
v -5.00004 1.429589 25
v 4.99996 1.429589 25
v -5.00004 2.504858 25
v 4.99996 2.504858 25
v -4.178926 2.504858 25
v -5.00004 2.504858 25
v 4.99996 2.504858 25
v 4.178845 2.504858 25
v -3.455563 2.700361 25
v -4.178926 2.700361 25
v -3.455563 2.602609 25
v -4.178926 2.504858 25
v 4.178845 2.504858 25
v 3.455482 2.602609 25
v 4.178845 2.700361 25
v 3.455482 2.700361 25
v -5.00004 2.504858 15
v -5.00004 1.429589 15
v -5.00004 2.504858 25
v -5.00004 1.429589 25
v 4.99996 1.429589 15
v 4.501427 1.429589 15
v 4.99996 2.504858 15
v -4.501506 1.429589 15
v -5.00004 1.429589 15
v -5.00004 2.504858 15
v 4.178845 2.504858 15
v 4.99996 2.504858 15
v -5.00004 2.504858 15
v -4.178926 2.504858 15
v 3.455482 2.700361 15
v 4.178845 2.700361 15
v 3.455482 2.602609 15
v 4.178845 2.504858 15
v -4.178926 2.504858 15
v -3.455563 2.602609 15
v -4.178926 2.700361 15
v -3.455563 2.700361 15
v 4.99996 1.429589 15
v 4.99996 2.504858 15
v 4.99996 1.429589 25
v 4.99996 2.504858 25
v -5.00004 1.429589 25
v -5.00004 1.429589 15
v 4.99996 1.429589 25
v -4.501506 1.429589 15
v 4.501427 1.429589 15
v 4.99996 1.429589 15
v 4.183473 2.5 25
v 4.190459 2.5 25.10658
v 5 2.5 25
v 4.211296 2.5 25.21133
v 4.245628 2.5 25.31247
v 4.292868 2.5 25.40826
v 4.352206 2.5 25.49707
v 4.422628 2.5 25.57737
v 4.502931 2.5 25.64779
v 4.591737 2.5 25.70713
v 4.687529 2.5 25.75437
v 4.788667 2.5 25.7887
v 4.893422 2.5 25.80954
v 5 2.5 25.81653
v -5 2.5 25
v -4.914449 2.5 26.30526
v -4.183474 2.5 25
v -4.659258 2.5 27.58819
v -4.238795 2.5 28.82683
v -4.104908 2.5 26.19868
v -3.660254 2.5 30
v -3.870555 2.5 27.37686
v -3.484423 2.5 28.51436
v -2.933533 2.5 31.08761
v -2.953121 2.5 29.59174
v -2.285739 2.5 30.59054
v -2.071068 2.5 32.07107
v -1.493697 2.5 31.4937
v -1.087614 2.5 32.93353
v -0.5905442 2.5 32.28574
v 0 2.5 33.66026
v 0.4082632 2.5 32.95312
v 1.173166 2.5 34.2388
v 1.485636 2.5 33.48442
v 2.411809 2.5 34.65926
v 2.623142 2.5 33.87056
v 3.694737 2.5 34.91445
v 3.801316 2.5 34.10491
v 5 2.5 35
v 5 2.5 34.18347
v 3.451351 2.7 25
v 4.183473 2.7 25
v 3.451351 2.6 25
v 4.183473 2.5 25
v -3.451351 2.6 25
v -4.183474 2.5 25
v 5 2.5 25
v -4.183474 2.7 25
v -3.451351 2.7 25
v -5 1.433791 25
v -5 2.5 25
v 5 1.433791 25
v 5 1.433791 25
v 5 2.5 25
v 5 1.433791 35
v 5 2.5 25.81653
v 5 2.7 25.81653
v 5 2.6 26.54865
v 5 2.7 26.54865
v 5 2.6 33.45135
v 5 2.7 33.45135
v 5 2.5 34.18347
v 5 2.5 35
v 5 2.7 34.18347
v 3.694737 1.433791 34.91445
v 5 1.433791 35
v 3.694737 2.5 34.91445
v 5 2.5 35
v 2.411809 1.433791 34.65926
v 3.694737 1.433791 34.91445
v 2.411809 2.5 34.65926
v 3.694737 2.5 34.91445
v 1.173166 1.433791 34.2388
v 2.411809 1.433791 34.65926
v 1.173166 2.5 34.2388
v 2.411809 2.5 34.65926
v 0 1.433791 33.66026
v 1.173166 1.433791 34.2388
v 0 2.5 33.66026
v 1.173166 2.5 34.2388
v -1.087614 1.433791 32.93353
v 0 1.433791 33.66026
v -1.087614 2.5 32.93353
v 0 2.5 33.66026
v -2.071068 1.433791 32.07107
v -1.087614 1.433791 32.93353
v -2.071068 2.5 32.07107
v -1.087614 2.5 32.93353
v -2.933533 2.5 31.08761
v -2.933533 1.433791 31.08761
v -2.071068 2.5 32.07107
v -2.071068 1.433791 32.07107
v -3.660254 2.5 30
v -3.660254 1.433791 30
v -2.933533 2.5 31.08761
v -2.933533 1.433791 31.08761
v -4.238795 2.5 28.82683
v -4.238795 1.433791 28.82683
v -3.660254 2.5 30
v -3.660254 1.433791 30
v -4.659258 2.5 27.58819
v -4.659258 1.433791 27.58819
v -4.238795 2.5 28.82683
v -4.238795 1.433791 28.82683
v -4.914449 2.5 26.30526
v -4.914449 1.433791 26.30526
v -4.659258 2.5 27.58819
v -4.659258 1.433791 27.58819
v -5 2.5 25
v -5 1.433791 25
v -4.914449 2.5 26.30526
v -4.914449 1.433791 26.30526
v -5 1.433791 25
v 5 1.433791 25
v -4.914449 1.433791 26.30526
v -4.659258 1.433791 27.58819
v -4.238795 1.433791 28.82683
v -3.660254 1.433791 30
v -2.933533 1.433791 31.08761
v -2.071068 1.433791 32.07107
v -1.087614 1.433791 32.93353
v 0 1.433791 33.66026
v 1.173166 1.433791 34.2388
v 2.411809 1.433791 34.65926
v 3.694737 1.433791 34.91445
v 5 1.433791 35
v 5.000015 0 35
v 15.00002 0 34.99998
v 5.000015 2.502444 35
v 4.999996 2.502444 25
v 15 0 24.99998
v 4.999996 0 25
v 15.00001 0 34.17887
v 5.000013 2.502444 34.17889
v 15.00002 0 34.99998
v 5.000015 2.502444 35
v 15 0 24.99998
v 4.999996 2.502444 25
v 15 0 25.8211
v 4.999998 2.502444 25.82112
v 4.999996 0 25
v 5.000015 0 35
v 4.999996 2.502444 25
v 5.000015 2.502444 35
v 4.999998 2.502444 25.82112
v 4.999996 2.502444 25
v 5.000015 2.502444 35
v 5.000013 2.502444 34.17889
v 4.999999 2.697947 26.54448
v 4.999998 2.697947 25.82112
v 4.999999 2.600195 26.54448
v 4.999998 2.502444 25.82112
v 5.000013 2.502444 34.17889
v 5.000012 2.600195 33.45553
v 5.000013 2.697947 34.17889
v 5.000012 2.697947 33.45553
v 15.81653 -1.192093E-07 34.99997
v 15.80954 -1.192093E-07 34.89339
v 15 -1.192093E-07 34.99997
v 15.78871 -1.192093E-07 34.78863
v 15.75438 -1.192093E-07 34.6875
v 15.70714 -1.192093E-07 34.5917
v 15.6478 -1.192093E-07 34.5029
v 15.57738 -1.192093E-07 34.42259
v 15.49707 -1.192093E-07 34.35217
v 15.40827 -1.192093E-07 34.29283
v 15.31248 -1.192093E-07 34.24559
v 15.21134 -1.192093E-07 34.21126
v 15.10658 -1.192093E-07 34.19042
v 15.00001 -1.192093E-07 34.18344
v 25 -1.192093E-07 34.99998
v 24.91446 -1.192093E-07 33.69472
v 24.18348 -1.192093E-07 34.99998
v 24.65927 -1.192093E-07 32.41179
v 24.23881 -1.192093E-07 31.17315
v 24.10491 -1.192093E-07 33.8013
v 23.66027 -1.192093E-07 29.99998
v 23.87056 -1.192093E-07 32.62312
v 23.48443 -1.192093E-07 31.48562
v 22.93355 -1.192093E-07 28.91237
v 22.95313 -1.192093E-07 30.40825
v 22.28576 -1.192093E-07 29.40944
v 22.07109 -1.192093E-07 27.92891
v 21.49371 -1.192093E-07 28.50628
v 21.08764 -1.192093E-07 27.06644
v 20.59056 -1.192093E-07 27.71424
v 20.00002 -1.192093E-07 26.33972
v 19.59176 -1.192093E-07 27.04685
v 18.82686 -1.192093E-07 25.76118
v 18.51439 -1.192093E-07 26.51555
v 17.58821 -1.192093E-07 25.34071
v 17.37688 -1.192093E-07 26.12941
v 16.30529 -1.192093E-07 25.08552
v 16.19871 -1.192093E-07 25.89506
v 15.00002 -1.192093E-07 24.99996
v 15.00002 -1.192093E-07 25.81649
v 16.54865 0.1999999 34.99997
v 15.81653 0.1999999 34.99997
v 16.54865 0.0999999 34.99997
v 15.81653 -1.192093E-07 34.99997
v 23.45135 0.0999999 34.99998
v 24.18348 -1.192093E-07 34.99998
v 15 -1.192093E-07 34.99997
v 24.18348 0.1999999 34.99998
v 23.45135 0.1999999 34.99998
v 25 -1.066209 34.99998
v 25 -1.192093E-07 34.99998
v 15 -1.066209 34.99997
v 15 -1.066209 34.99997
v 15 -1.192093E-07 34.99997
v 15.00002 -1.066209 24.99996
v 15.00001 -1.192093E-07 34.18344
v 15.00001 0.1999999 34.18344
v 15.00001 0.0999999 33.45132
v 15.00001 0.1999999 33.45132
v 15.00002 0.0999999 26.54861
v 15.00002 0.1999999 26.54861
v 15.00002 -1.192093E-07 25.81649
v 15.00002 -1.192093E-07 24.99996
v 15.00002 0.1999999 25.81649
v 16.30529 -1.066209 25.08552
v 15.00002 -1.066209 24.99996
v 16.30529 -1.192093E-07 25.08552
v 15.00002 -1.192093E-07 24.99996
v 17.58821 -1.066209 25.34071
v 16.30529 -1.066209 25.08552
v 17.58821 -1.192093E-07 25.34071
v 16.30529 -1.192093E-07 25.08552
v 18.82686 -1.066209 25.76118
v 17.58821 -1.066209 25.34071
v 18.82686 -1.192093E-07 25.76118
v 17.58821 -1.192093E-07 25.34071
v 20.00002 -1.066209 26.33972
v 18.82686 -1.066209 25.76118
v 20.00002 -1.192093E-07 26.33972
v 18.82686 -1.192093E-07 25.76118
v 21.08764 -1.066209 27.06644
v 20.00002 -1.066209 26.33972
v 21.08764 -1.192093E-07 27.06644
v 20.00002 -1.192093E-07 26.33972
v 22.07109 -1.066209 27.92891
v 21.08764 -1.066209 27.06644
v 22.07109 -1.192093E-07 27.92891
v 21.08764 -1.192093E-07 27.06644
v 22.93355 -1.192093E-07 28.91237
v 22.93355 -1.066209 28.91237
v 22.07109 -1.192093E-07 27.92891
v 22.07109 -1.066209 27.92891
v 23.66027 -1.192093E-07 29.99998
v 23.66027 -1.066209 29.99998
v 22.93355 -1.192093E-07 28.91237
v 22.93355 -1.066209 28.91237
v 24.23881 -1.192093E-07 31.17315
v 24.23881 -1.066209 31.17315
v 23.66027 -1.192093E-07 29.99998
v 23.66027 -1.066209 29.99998
v 24.65927 -1.192093E-07 32.41179
v 24.65927 -1.066209 32.41179
v 24.23881 -1.192093E-07 31.17315
v 24.23881 -1.066209 31.17315
v 24.91446 -1.192093E-07 33.69472
v 24.91446 -1.066209 33.69472
v 24.65927 -1.192093E-07 32.41179
v 24.65927 -1.066209 32.41179
v 25 -1.192093E-07 34.99998
v 25 -1.066209 34.99998
v 24.91446 -1.192093E-07 33.69472
v 24.91446 -1.066209 33.69472
v 25 -1.066209 34.99998
v 15 -1.066209 34.99997
v 24.91446 -1.066209 33.69472
v 24.65927 -1.066209 32.41179
v 24.23881 -1.066209 31.17315
v 23.66027 -1.066209 29.99998
v 22.93355 -1.066209 28.91237
v 22.07109 -1.066209 27.92891
v 21.08764 -1.066209 27.06644
v 20.00002 -1.066209 26.33972
v 18.82686 -1.066209 25.76118
v 17.58821 -1.066209 25.34071
v 16.30529 -1.066209 25.08552
v 15.00002 -1.066209 24.99996
v 25.00002 0 44.99998
v 25.00001 0 34.99998
v 25.00002 2.502444 44.99998
v 15.00001 2.502444 44.99999
v 15.00001 0 34.99999
v 15.00001 0 44.99999
v 24.17889 0 34.99998
v 24.1789 2.502444 44.99998
v 25.00001 0 34.99998
v 25.00002 2.502444 44.99998
v 15.00001 0 34.99999
v 15.00001 2.502444 44.99999
v 15.82112 0 34.99999
v 15.82113 2.502444 44.99999
v 15.00001 0 44.99999
v 25.00002 0 44.99998
v 15.00001 2.502444 44.99999
v 25.00002 2.502444 44.99998
v 15.82113 2.502444 44.99999
v 15.00001 2.502444 44.99999
v 25.00002 2.502444 44.99998
v 24.1789 2.502444 44.99998
v 16.54449 2.697947 44.99999
v 15.82113 2.697947 44.99999
v 16.54449 2.600195 44.99999
v 15.82113 2.502444 44.99999
v 24.1789 2.502444 44.99998
v 23.45554 2.600195 44.99998
v 24.1789 2.697947 44.99998
v 23.45554 2.697947 44.99998
v 24.18349 2.5 44.99998
v 24.19047 2.5 45.10656
v 25.00001 2.5 44.99998
v 24.21131 2.5 45.21132
v 24.24564 2.5 45.31245
v 24.29288 2.5 45.40825
v 24.35222 2.5 45.49706
v 24.42264 2.5 45.57735
v 24.50294 2.5 45.64778
v 24.59175 2.5 45.70712
v 24.68754 2.5 45.75436
v 24.78868 2.5 45.78869
v 24.89344 2.5 45.80952
v 25.00002 2.5 45.81651
v 15.00001 2.5 44.99999
v 15.08557 2.5 46.30526
v 15.81654 2.5 44.99999
v 15.34076 2.5 47.58818
v 15.76122 2.5 48.82682
v 15.89511 2.5 46.19868
v 16.33976 2.5 49.99999
v 16.12946 2.5 47.37685
v 16.51559 2.5 48.51435
v 17.06649 2.5 51.0876
v 17.0469 2.5 49.59173
v 17.71428 2.5 50.59053
v 17.92895 2.5 52.07106
v 18.50632 2.5 51.49369
v 18.91241 2.5 52.93353
v 19.40948 2.5 52.28573
v 20.00002 2.5 53.66024
v 20.40828 2.5 52.95311
v 21.17319 2.5 54.23878
v 21.48566 2.5 53.48441
v 22.41183 2.5 54.65924
v 22.62316 2.5 53.87054
v 23.69476 2.5 54.91443
v 23.80134 2.5 54.10489
v 25.00002 2.5 54.99998
v 25.00002 2.5 54.18346
v 23.45136 2.7 44.99998
v 24.18349 2.7 44.99998
v 23.45136 2.6 44.99998
v 24.18349 2.5 44.99998
v 16.54866 2.6 44.99999
v 15.81654 2.5 44.99999
v 25.00001 2.5 44.99998
v 15.81654 2.7 44.99999
v 16.54866 2.7 44.99999
v 15.00001 1.433791 44.99999
v 15.00001 2.5 44.99999
v 25.00001 1.433791 44.99998
v 25.00001 1.433791 44.99998
v 25.00001 2.5 44.99998
v 25.00002 1.433791 54.99998
v 25.00002 2.5 45.81651
v 25.00002 2.7 45.81651
v 25.00002 2.6 46.54863
v 25.00002 2.7 46.54863
v 25.00002 2.6 53.45134
v 25.00002 2.7 53.45134
v 25.00002 2.5 54.18346
v 25.00002 2.5 54.99998
v 25.00002 2.7 54.18346
v 23.69476 1.433791 54.91443
v 25.00002 1.433791 54.99998
v 23.69476 2.5 54.91443
v 25.00002 2.5 54.99998
v 22.41183 1.433791 54.65924
v 23.69476 1.433791 54.91443
v 22.41183 2.5 54.65924
v 23.69476 2.5 54.91443
v 21.17319 1.433791 54.23878
v 22.41183 1.433791 54.65924
v 21.17319 2.5 54.23878
v 22.41183 2.5 54.65924
v 20.00002 1.433791 53.66024
v 21.17319 1.433791 54.23878
v 20.00002 2.5 53.66024
v 21.17319 2.5 54.23878
v 18.91241 1.433791 52.93353
v 20.00002 1.433791 53.66024
v 18.91241 2.5 52.93353
v 20.00002 2.5 53.66024
v 17.92895 1.433791 52.07106
v 18.91241 1.433791 52.93353
v 17.92895 2.5 52.07106
v 18.91241 2.5 52.93353
v 17.06649 2.5 51.0876
v 17.06649 1.433791 51.0876
v 17.92895 2.5 52.07106
v 17.92895 1.433791 52.07106
v 16.33976 2.5 49.99999
v 16.33976 1.433791 49.99999
v 17.06649 2.5 51.0876
v 17.06649 1.433791 51.0876
v 15.76122 2.5 48.82682
v 15.76122 1.433791 48.82682
v 16.33976 2.5 49.99999
v 16.33976 1.433791 49.99999
v 15.34076 2.5 47.58818
v 15.34076 1.433791 47.58818
v 15.76122 2.5 48.82682
v 15.76122 1.433791 48.82682
v 15.08557 2.5 46.30526
v 15.08557 1.433791 46.30526
v 15.34076 2.5 47.58818
v 15.34076 1.433791 47.58818
v 15.00001 2.5 44.99999
v 15.00001 1.433791 44.99999
v 15.08557 2.5 46.30526
v 15.08557 1.433791 46.30526
v 15.00001 1.433791 44.99999
v 25.00001 1.433791 44.99998
v 15.08557 1.433791 46.30526
v 15.34076 1.433791 47.58818
v 15.76122 1.433791 48.82682
v 16.33976 1.433791 49.99999
v 17.06649 1.433791 51.0876
v 17.92895 1.433791 52.07106
v 18.91241 1.433791 52.93353
v 20.00002 1.433791 53.66024
v 21.17319 1.433791 54.23878
v 22.41183 1.433791 54.65924
v 23.69476 1.433791 54.91443
v 25.00002 1.433791 54.99998
v 25.00001 2.5 45.81651
v 25.10659 2.5 45.80952
v 25.00001 2.5 44.99998
v 25.21134 2.5 45.78869
v 25.31248 2.5 45.75436
v 25.40827 2.5 45.70712
v 25.49708 2.5 45.64778
v 25.57738 2.5 45.57735
v 25.6478 2.5 45.49706
v 25.70714 2.5 45.40825
v 25.75438 2.5 45.31245
v 25.78871 2.5 45.21132
v 25.80955 2.5 45.10656
v 25.81654 2.5 44.99998
v 25.00003 2.5 54.99998
v 26.30529 2.5 54.91443
v 25.00002 2.5 54.18346
v 27.58822 2.5 54.65924
v 28.82686 2.5 54.23877
v 26.19871 2.5 54.10489
v 30.00002 2.5 53.66023
v 27.37688 2.5 53.87054
v 28.51439 2.5 53.4844
v 31.08764 2.5 52.93351
v 29.59176 2.5 52.9531
v 30.59057 2.5 52.28571
v 32.07109 2.5 52.07104
v 31.49372 2.5 51.49367
v 32.93356 2.5 51.08759
v 32.28576 2.5 50.59052
v 33.66027 2.5 49.99997
v 32.95314 2.5 49.59171
v 34.23881 2.5 48.82681
v 33.48444 2.5 48.51434
v 34.65927 2.5 47.58816
v 33.87057 2.5 47.37683
v 34.91446 2.5 46.30523
v 34.10492 2.5 46.19865
v 35.00001 2.5 44.99997
v 34.18348 2.5 44.99997
v 25.00001 2.7 46.54863
v 25.00001 2.7 45.81651
v 25.00001 2.6 46.54863
v 25.00001 2.5 45.81651
v 25.00002 2.6 53.45134
v 25.00002 2.5 54.18346
v 25.00001 2.5 44.99998
v 25.00002 2.7 54.18346
v 25.00002 2.7 53.45134
v 25.00003 1.433791 54.99998
v 25.00003 2.5 54.99998
v 25.00001 1.433791 44.99998
v 25.00001 1.433791 44.99998
v 25.00001 2.5 44.99998
v 35.00001 1.433791 44.99997
v 25.81654 2.5 44.99998
v 25.81654 2.7 44.99998
v 26.54866 2.6 44.99998
v 26.54866 2.7 44.99998
v 33.45136 2.6 44.99997
v 33.45136 2.7 44.99997
v 34.18348 2.5 44.99997
v 35.00001 2.5 44.99997
v 34.18348 2.7 44.99997
v 34.91446 1.433791 46.30523
v 35.00001 1.433791 44.99997
v 34.91446 2.5 46.30523
v 35.00001 2.5 44.99997
v 34.65927 1.433791 47.58816
v 34.91446 1.433791 46.30523
v 34.65927 2.5 47.58816
v 34.91446 2.5 46.30523
v 34.23881 1.433791 48.82681
v 34.65927 1.433791 47.58816
v 34.23881 2.5 48.82681
v 34.65927 2.5 47.58816
v 33.66027 1.433791 49.99997
v 34.23881 1.433791 48.82681
v 33.66027 2.5 49.99997
v 34.23881 2.5 48.82681
v 32.93356 1.433791 51.08759
v 33.66027 1.433791 49.99997
v 32.93356 2.5 51.08759
v 33.66027 2.5 49.99997
v 32.07109 1.433791 52.07104
v 32.93356 1.433791 51.08759
v 32.07109 2.5 52.07104
v 32.93356 2.5 51.08759
v 31.08764 2.5 52.93351
v 31.08764 1.433791 52.93351
v 32.07109 2.5 52.07104
v 32.07109 1.433791 52.07104
v 30.00002 2.5 53.66023
v 30.00002 1.433791 53.66023
v 31.08764 2.5 52.93351
v 31.08764 1.433791 52.93351
v 28.82686 2.5 54.23877
v 28.82686 1.433791 54.23877
v 30.00002 2.5 53.66023
v 30.00002 1.433791 53.66023
v 27.58822 2.5 54.65924
v 27.58822 1.433791 54.65924
v 28.82686 2.5 54.23877
v 28.82686 1.433791 54.23877
v 26.30529 2.5 54.91443
v 26.30529 1.433791 54.91443
v 27.58822 2.5 54.65924
v 27.58822 1.433791 54.65924
v 25.00003 2.5 54.99998
v 25.00003 1.433791 54.99998
v 26.30529 2.5 54.91443
v 26.30529 1.433791 54.91443
v 25.00003 1.433791 54.99998
v 25.00001 1.433791 44.99998
v 26.30529 1.433791 54.91443
v 27.58822 1.433791 54.65924
v 28.82686 1.433791 54.23877
v 30.00002 1.433791 53.66023
v 31.08764 1.433791 52.93351
v 32.07109 1.433791 52.07104
v 32.93356 1.433791 51.08759
v 33.66027 1.433791 49.99997
v 34.23881 1.433791 48.82681
v 34.65927 1.433791 47.58816
v 34.91446 1.433791 46.30523
v 35.00001 1.433791 44.99997
v 35.00001 0 44.99995
v 34.99998 0 34.99995
v 35.00001 2.502444 44.99995
v 25.00001 2.502444 44.99999
v 24.99998 0 34.99999
v 25.00001 0 44.99999
v 34.17886 0 34.99996
v 34.17889 2.502444 44.99996
v 34.99998 0 34.99995
v 35.00001 2.502444 44.99995
v 24.99998 0 34.99999
v 25.00001 2.502444 44.99999
v 25.82109 0 34.99998
v 25.82113 2.502444 44.99998
v 25.00001 0 44.99999
v 35.00001 0 44.99995
v 25.00001 2.502444 44.99999
v 35.00001 2.502444 44.99995
v 25.82113 2.502444 44.99998
v 25.00001 2.502444 44.99999
v 35.00001 2.502444 44.99995
v 34.17889 2.502444 44.99996
v 26.54449 2.697947 44.99998
v 25.82113 2.697947 44.99998
v 26.54449 2.600195 44.99998
v 25.82113 2.502444 44.99998
v 34.17889 2.502444 44.99996
v 33.45553 2.600195 44.99996
v 34.17889 2.697947 44.99996
v 33.45553 2.697947 44.99996
v 34.99996 -1.192093E-07 34.18344
v 34.89338 -1.192093E-07 34.19043
v 34.99995 -1.192093E-07 34.99997
v 34.78862 -1.192093E-07 34.21126
v 34.68748 -1.192093E-07 34.24559
v 34.59169 -1.192093E-07 34.29283
v 34.50289 -1.192093E-07 34.35217
v 34.42258 -1.192093E-07 34.42259
v 34.35216 -1.192093E-07 34.5029
v 34.29282 -1.192093E-07 34.5917
v 34.24558 -1.192093E-07 34.68749
v 34.21125 -1.192093E-07 34.78863
v 34.19041 -1.192093E-07 34.89339
v 34.18343 -1.192093E-07 34.99997
v 34.99996 -1.192093E-07 24.99997
v 33.6947 -1.192093E-07 25.08552
v 34.99996 -1.192093E-07 25.81649
v 32.41177 -1.192093E-07 25.34071
v 31.17313 -1.192093E-07 25.76117
v 33.80128 -1.192093E-07 25.89506
v 29.99996 -1.192093E-07 26.33971
v 32.6231 -1.192093E-07 26.12941
v 31.4856 -1.192093E-07 26.51554
v 28.91235 -1.192093E-07 27.06643
v 30.40822 -1.192093E-07 27.04684
v 29.40942 -1.192093E-07 27.71422
v 27.92889 -1.192093E-07 27.92889
v 28.50626 -1.192093E-07 28.50627
v 27.06643 -1.192093E-07 28.91235
v 27.71422 -1.192093E-07 29.40942
v 26.33971 -1.192093E-07 29.99996
v 27.04684 -1.192093E-07 30.40822
v 25.76116 -1.192093E-07 31.17313
v 26.51553 -1.192093E-07 31.4856
v 25.3407 -1.192093E-07 32.41177
v 26.1294 -1.192093E-07 32.6231
v 25.08551 -1.192093E-07 33.6947
v 25.89505 -1.192093E-07 33.80128
v 24.99996 -1.192093E-07 34.99996
v 25.81648 -1.192093E-07 34.99996
v 34.99996 0.1999999 33.45132
v 34.99996 0.1999999 34.18344
v 34.99996 0.0999999 33.45132
v 34.99996 -1.192093E-07 34.18344
v 34.99996 0.0999999 26.54861
v 34.99996 -1.192093E-07 25.81649
v 34.99995 -1.192093E-07 34.99997
v 34.99996 0.1999999 25.81649
v 34.99996 0.1999999 26.54861
v 34.99996 -1.066209 24.99997
v 34.99996 -1.192093E-07 24.99997
v 34.99995 -1.066209 34.99997
v 34.99995 -1.066209 34.99997
v 34.99995 -1.192093E-07 34.99997
v 24.99996 -1.066209 34.99996
v 34.18343 -1.192093E-07 34.99997
v 34.18343 0.1999999 34.99997
v 33.45131 0.0999999 34.99997
v 33.45131 0.1999999 34.99997
v 26.5486 0.0999999 34.99996
v 26.5486 0.1999999 34.99996
v 25.81648 -1.192093E-07 34.99996
v 24.99996 -1.192093E-07 34.99996
v 25.81648 0.1999999 34.99996
v 25.08551 -1.066209 33.6947
v 24.99996 -1.066209 34.99996
v 25.08551 -1.192093E-07 33.6947
v 24.99996 -1.192093E-07 34.99996
v 25.3407 -1.066209 32.41177
v 25.08551 -1.066209 33.6947
v 25.3407 -1.192093E-07 32.41177
v 25.08551 -1.192093E-07 33.6947
v 25.76116 -1.066209 31.17313
v 25.3407 -1.066209 32.41177
v 25.76116 -1.192093E-07 31.17313
v 25.3407 -1.192093E-07 32.41177
v 26.33971 -1.066209 29.99996
v 25.76116 -1.066209 31.17313
v 26.33971 -1.192093E-07 29.99996
v 25.76116 -1.192093E-07 31.17313
v 27.06643 -1.066209 28.91235
v 26.33971 -1.066209 29.99996
v 27.06643 -1.192093E-07 28.91235
v 26.33971 -1.192093E-07 29.99996
v 27.92889 -1.066209 27.92889
v 27.06643 -1.066209 28.91235
v 27.92889 -1.192093E-07 27.92889
v 27.06643 -1.192093E-07 28.91235
v 28.91235 -1.192093E-07 27.06643
v 28.91235 -1.066209 27.06643
v 27.92889 -1.192093E-07 27.92889
v 27.92889 -1.066209 27.92889
v 29.99996 -1.192093E-07 26.33971
v 29.99996 -1.066209 26.33971
v 28.91235 -1.192093E-07 27.06643
v 28.91235 -1.066209 27.06643
v 31.17313 -1.192093E-07 25.76117
v 31.17313 -1.066209 25.76117
v 29.99996 -1.192093E-07 26.33971
v 29.99996 -1.066209 26.33971
v 32.41177 -1.192093E-07 25.34071
v 32.41177 -1.066209 25.34071
v 31.17313 -1.192093E-07 25.76117
v 31.17313 -1.066209 25.76117
v 33.6947 -1.192093E-07 25.08552
v 33.6947 -1.066209 25.08552
v 32.41177 -1.192093E-07 25.34071
v 32.41177 -1.066209 25.34071
v 34.99996 -1.192093E-07 24.99997
v 34.99996 -1.066209 24.99997
v 33.6947 -1.192093E-07 25.08552
v 33.6947 -1.066209 25.08552
v 34.99996 -1.066209 24.99997
v 34.99995 -1.066209 34.99997
v 33.6947 -1.066209 25.08552
v 32.41177 -1.066209 25.34071
v 31.17313 -1.066209 25.76117
v 29.99996 -1.066209 26.33971
v 28.91235 -1.066209 27.06643
v 27.92889 -1.066209 27.92889
v 27.06643 -1.066209 28.91235
v 26.33971 -1.066209 29.99996
v 25.76116 -1.066209 31.17313
v 25.3407 -1.066209 32.41177
v 25.08551 -1.066209 33.6947
v 24.99996 -1.066209 34.99996
v 34.99989 0.004867554 25.82108
v 44.99989 0.004867554 25.82106
v 34.99989 0.004867554 24.99997
v 44.99989 0.004867554 24.99994
v 34.99991 0.004867554 34.99997
v 44.99991 0.004867554 34.99994
v 34.99991 0.004867554 34.17886
v 44.99991 0.004867554 34.17883
v 44.99991 -1.070401 34.99994
v 44.99989 -1.070401 24.99994
v 44.99991 0.004867554 34.99994
v 44.99989 0.004867554 24.99994
v 44.99991 0.004867554 34.17883
v 44.99991 0.004867554 34.99994
v 44.99989 0.004867554 24.99994
v 44.99989 0.004867554 25.82106
v 44.99991 0.2003708 33.45547
v 44.99991 0.2003708 34.17883
v 44.99991 0.1026192 33.45547
v 44.99991 0.004867554 34.17883
v 44.99989 0.004867554 25.82106
v 44.99989 0.1026192 26.54442
v 44.99989 0.2003708 25.82106
v 44.99989 0.2003708 26.54442
v 34.99991 0.004867554 34.99997
v 34.99991 -1.070401 34.99997
v 44.99991 0.004867554 34.99994
v 44.99991 -1.070401 34.99994
v 34.99989 -1.070401 24.99997
v 34.99989 -1.070401 25.4985
v 34.99989 0.004867554 24.99997
v 34.99991 -1.070401 34.50143
v 34.99991 -1.070401 34.99997
v 34.99991 0.004867554 34.99997
v 34.99989 0.004867554 25.82108
v 34.99989 0.004867554 24.99997
v 34.99991 0.004867554 34.99997
v 34.99991 0.004867554 34.17886
v 34.99989 0.2003708 26.54445
v 34.99989 0.2003708 25.82108
v 34.99989 0.1026192 26.54445
v 34.99989 0.004867554 25.82108
v 34.99991 0.004867554 34.17886
v 34.99991 0.1026192 33.45549
v 34.99991 0.2003708 34.17886
v 34.99991 0.2003708 33.45549
v 34.99989 -1.070401 24.99997
v 34.99989 0.004867554 24.99997
v 44.99989 -1.070401 24.99994
v 44.99989 0.004867554 24.99994
v 44.99991 -1.070401 34.99994
v 34.99991 -1.070401 34.99997
v 44.99989 -1.070401 24.99994
v 34.99991 -1.070401 34.50143
v 34.99989 -1.070401 25.4985
v 34.99989 -1.070401 24.99997
v 44.99997 -1.192093E-07 25.81647
v 45.10654 -1.192093E-07 25.80948
v 44.99996 -1.192093E-07 24.99994
v 45.2113 -1.192093E-07 25.78865
v 45.31244 -1.192093E-07 25.75431
v 45.40823 -1.192093E-07 25.70707
v 45.49704 -1.192093E-07 25.64774
v 45.57734 -1.192093E-07 25.57731
v 45.64776 -1.192093E-07 25.49701
v 45.7071 -1.192093E-07 25.4082
v 45.75434 -1.192093E-07 25.31241
v 45.78867 -1.192093E-07 25.21127
v 45.80951 -1.192093E-07 25.10652
v 45.81649 -1.192093E-07 24.99994
v 44.99999 -1.192093E-07 34.99994
v 46.30525 -1.192093E-07 34.91439
v 44.99998 -1.192093E-07 34.18342
v 47.58818 -1.192093E-07 34.65919
v 48.82682 -1.192093E-07 34.23873
v 46.19867 -1.192093E-07 34.10485
v 49.99998 -1.192093E-07 33.66018
v 47.37684 -1.192093E-07 33.87049
v 48.51435 -1.192093E-07 33.48436
v 51.0876 -1.192093E-07 32.93346
v 49.59172 -1.192093E-07 32.95305
v 50.59053 -1.192093E-07 32.28567
v 52.07105 -1.192093E-07 32.07099
v 51.49368 -1.192093E-07 31.49362
v 52.93351 -1.192093E-07 31.08754
v 52.28572 -1.192093E-07 30.59047
v 53.66023 -1.192093E-07 29.99992
v 52.9531 -1.192093E-07 29.59166
v 54.23877 -1.192093E-07 28.82675
v 53.4844 -1.192093E-07 28.51429
v 54.65923 -1.192093E-07 27.58811
v 53.87053 -1.192093E-07 27.37678
v 54.91441 -1.192093E-07 26.30518
v 54.10487 -1.192093E-07 26.1986
v 54.99996 -1.192093E-07 24.99992
v 54.18344 -1.192093E-07 24.99992
v 44.99997 0.1999999 26.54859
v 44.99997 0.1999999 25.81647
v 44.99997 0.0999999 26.54859
v 44.99997 -1.192093E-07 25.81647
v 44.99998 0.0999999 33.45129
v 44.99998 -1.192093E-07 34.18342
v 44.99996 -1.192093E-07 24.99994
v 44.99998 0.1999999 34.18342
v 44.99998 0.1999999 33.45129
v 44.99999 -1.066209 34.99994
v 44.99999 -1.192093E-07 34.99994
v 44.99996 -1.066209 24.99994
v 44.99996 -1.066209 24.99994
v 44.99996 -1.192093E-07 24.99994
v 54.99996 -1.066209 24.99992
v 45.81649 -1.192093E-07 24.99994
v 45.81649 0.1999999 24.99994
v 46.54861 0.0999999 24.99994
v 46.54861 0.1999999 24.99994
v 53.45132 0.0999999 24.99992
v 53.45132 0.1999999 24.99992
v 54.18344 -1.192093E-07 24.99992
v 54.99996 -1.192093E-07 24.99992
v 54.18344 0.1999999 24.99992
v 54.91441 -1.066209 26.30518
v 54.99996 -1.066209 24.99992
v 54.91441 -1.192093E-07 26.30518
v 54.99996 -1.192093E-07 24.99992
v 54.65923 -1.066209 27.58811
v 54.91441 -1.066209 26.30518
v 54.65923 -1.192093E-07 27.58811
v 54.91441 -1.192093E-07 26.30518
v 54.23877 -1.066209 28.82675
v 54.65923 -1.066209 27.58811
v 54.23877 -1.192093E-07 28.82675
v 54.65923 -1.192093E-07 27.58811
v 53.66023 -1.066209 29.99992
v 54.23877 -1.066209 28.82675
v 53.66023 -1.192093E-07 29.99992
v 54.23877 -1.192093E-07 28.82675
v 52.93351 -1.066209 31.08754
v 53.66023 -1.066209 29.99992
v 52.93351 -1.192093E-07 31.08754
v 53.66023 -1.192093E-07 29.99992
v 52.07105 -1.066209 32.07099
v 52.93351 -1.066209 31.08754
v 52.07105 -1.192093E-07 32.07099
v 52.93351 -1.192093E-07 31.08754
v 51.0876 -1.192093E-07 32.93346
v 51.0876 -1.066209 32.93346
v 52.07105 -1.192093E-07 32.07099
v 52.07105 -1.066209 32.07099
v 49.99998 -1.192093E-07 33.66018
v 49.99998 -1.066209 33.66018
v 51.0876 -1.192093E-07 32.93346
v 51.0876 -1.066209 32.93346
v 48.82682 -1.192093E-07 34.23873
v 48.82682 -1.066209 34.23873
v 49.99998 -1.192093E-07 33.66018
v 49.99998 -1.066209 33.66018
v 47.58818 -1.192093E-07 34.65919
v 47.58818 -1.066209 34.65919
v 48.82682 -1.192093E-07 34.23873
v 48.82682 -1.066209 34.23873
v 46.30525 -1.192093E-07 34.91439
v 46.30525 -1.066209 34.91439
v 47.58818 -1.192093E-07 34.65919
v 47.58818 -1.066209 34.65919
v 44.99999 -1.192093E-07 34.99994
v 44.99999 -1.066209 34.99994
v 46.30525 -1.192093E-07 34.91439
v 46.30525 -1.066209 34.91439
v 44.99999 -1.066209 34.99994
v 44.99996 -1.066209 24.99994
v 46.30525 -1.066209 34.91439
v 47.58818 -1.066209 34.65919
v 48.82682 -1.066209 34.23873
v 49.99998 -1.066209 33.66018
v 51.0876 -1.066209 32.93346
v 52.07105 -1.066209 32.07099
v 52.93351 -1.066209 31.08754
v 53.66023 -1.066209 29.99992
v 54.23877 -1.066209 28.82675
v 54.65923 -1.066209 27.58811
v 54.91441 -1.066209 26.30518
v 54.99996 -1.066209 24.99992
v 54.99997 -2.5 24.9999
v 54.99992 -2.5 14.9999
v 54.99997 0.00244379 24.9999
v 44.99997 0.00244379 24.99995
v 44.99992 -2.5 14.99995
v 44.99997 -2.5 24.99995
v 54.17881 -2.5 14.99991
v 54.17885 0.00244379 24.99991
v 54.99992 -2.5 14.9999
v 54.99997 0.00244379 24.9999
v 44.99992 -2.5 14.99995
v 44.99997 0.00244379 24.99995
v 45.82104 -2.5 14.99994
v 45.82108 0.00244379 24.99994
v 44.99997 -2.5 24.99995
v 54.99997 -2.5 24.9999
v 44.99997 0.00244379 24.99995
v 54.99997 0.00244379 24.9999
v 45.82108 0.00244379 24.99994
v 44.99997 0.00244379 24.99995
v 54.99997 0.00244379 24.9999
v 54.17885 0.00244379 24.99991
v 46.54444 0.1979473 24.99994
v 45.82108 0.1979473 24.99994
v 46.54444 0.1001954 24.99994
v 45.82108 0.00244379 24.99994
v 54.17885 0.00244379 24.99991
v 53.45549 0.1001954 24.99991
v 54.17885 0.1979473 24.99991
v 53.45549 0.1979473 24.99991
v 45.82105 -2.495177 15.00003
v 45.82102 -2.495177 5.000029
v 44.99994 -2.495177 15.00003
v 44.99991 -2.495177 5.000031
v 54.99994 -2.495177 15
v 54.99991 -2.495177 4.999999
v 54.17883 -2.495177 15
v 54.17879 -2.495177 5.000002
v 54.99991 -3.570446 4.999999
v 44.99991 -3.570446 5.000031
v 54.99991 -2.495177 4.999999
v 44.99991 -2.495177 5.000031
v 54.17879 -2.495177 5.000002
v 54.99991 -2.495177 4.999999
v 44.99991 -2.495177 5.000031
v 45.82102 -2.495177 5.000029
v 53.45543 -2.299674 5.000004
v 54.17879 -2.299674 5.000002
v 53.45543 -2.397425 5.000004
v 54.17879 -2.495177 5.000002
v 45.82102 -2.495177 5.000029
v 46.54438 -2.397425 5.000027
v 45.82102 -2.299674 5.000029
v 46.54438 -2.299674 5.000027
v 54.99994 -2.495177 15
v 54.99994 -3.570446 15
v 54.99991 -2.495177 4.999999
v 54.99991 -3.570446 4.999999
v 44.99994 -3.570446 15.00003
v 45.49847 -3.570446 15.00003
v 44.99994 -2.495177 15.00003
v 54.5014 -3.570446 15
v 54.99994 -3.570446 15
v 54.99994 -2.495177 15
v 45.82105 -2.495177 15.00003
v 44.99994 -2.495177 15.00003
v 54.99994 -2.495177 15
v 54.17883 -2.495177 15
v 46.54442 -2.299674 15.00003
v 45.82105 -2.299674 15.00003
v 46.54442 -2.397425 15.00003
v 45.82105 -2.495177 15.00003
v 54.17883 -2.495177 15
v 53.45546 -2.397425 15
v 54.17883 -2.299674 15
v 53.45546 -2.299674 15
v 44.99994 -3.570446 15.00003
v 44.99994 -2.495177 15.00003
v 44.99991 -3.570446 5.000031
v 44.99991 -2.495177 5.000031
v 54.99991 -3.570446 4.999999
v 54.99994 -3.570446 15
v 44.99991 -3.570446 5.000031
v 54.5014 -3.570446 15
v 45.49847 -3.570446 15.00003
v 44.99994 -3.570446 15.00003
v 45.81643 -2.5 4.999943
v 45.80944 -2.5 4.893365
v 44.9999 -2.5 4.999946
v 45.78861 -2.5 4.78861
v 45.75428 -2.5 4.687472
v 45.70704 -2.5 4.59168
v 45.6477 -2.5 4.502873
v 45.57727 -2.5 4.422572
v 45.49697 -2.5 4.35215
v 45.40816 -2.5 4.292811
v 45.31237 -2.5 4.245573
v 45.21124 -2.5 4.211241
v 45.10648 -2.5 4.190404
v 44.9999 -2.5 4.183419
v 54.9999 -2.5 4.999913
v 54.91435 -2.5 3.694652
v 54.18338 -2.5 4.999916
v 54.65915 -2.5 2.411723
v 54.23869 -2.5 1.173082
v 54.10481 -2.5 3.801232
v 53.66014 -2.5 -8.249283E-05
v 53.87045 -2.5 2.623059
v 53.48432 -2.5 1.485555
v 52.93342 -2.5 -1.087694
v 52.95301 -2.5 0.4081841
v 52.28563 -2.5 -0.5906224
v 52.07095 -2.5 -2.071145
v 51.49358 -2.5 -1.493773
v 51.08749 -2.5 -2.933609
v 50.59042 -2.5 -2.285811
v 49.99988 -2.5 -3.660324
v 49.59161 -2.5 -2.953191
v 48.82671 -2.5 -4.238862
v 48.51424 -2.5 -3.484489
v 47.58807 -2.5 -4.659321
v 47.37674 -2.5 -3.870617
v 46.30514 -2.5 -4.914508
v 46.19856 -2.5 -4.104966
v 44.99987 -2.5 -5.000054
v 44.99987 -2.5 -4.183527
v 46.54855 -2.3 4.99994
v 45.81643 -2.3 4.999943
v 46.54855 -2.4 4.99994
v 45.81643 -2.5 4.999943
v 53.45126 -2.4 4.999918
v 54.18338 -2.5 4.999916
v 44.9999 -2.5 4.999946
v 54.18338 -2.3 4.999916
v 53.45126 -2.3 4.999918
v 54.9999 -3.566209 4.999913
v 54.9999 -2.5 4.999913
v 44.9999 -3.566209 4.999946
v 44.9999 -3.566209 4.999946
v 44.9999 -2.5 4.999946
v 44.99987 -3.566209 -5.000054
v 44.9999 -2.5 4.183419
v 44.9999 -2.3 4.183419
v 44.9999 -2.4 3.451296
v 44.9999 -2.3 3.451296
v 44.99988 -2.4 -3.451406
v 44.99988 -2.3 -3.451406
v 44.99987 -2.5 -4.183527
v 44.99987 -2.5 -5.000054
v 44.99987 -2.3 -4.183527
v 46.30514 -3.566209 -4.914508
v 44.99987 -3.566209 -5.000054
v 46.30514 -2.5 -4.914508
v 44.99987 -2.5 -5.000054
v 47.58807 -3.566209 -4.659321
v 46.30514 -3.566209 -4.914508
v 47.58807 -2.5 -4.659321
v 46.30514 -2.5 -4.914508
v 48.82671 -3.566209 -4.238862
v 47.58807 -3.566209 -4.659321
v 48.82671 -2.5 -4.238862
v 47.58807 -2.5 -4.659321
v 49.99988 -3.566209 -3.660324
v 48.82671 -3.566209 -4.238862
v 49.99988 -2.5 -3.660324
v 48.82671 -2.5 -4.238862
v 51.08749 -3.566209 -2.933609
v 49.99988 -3.566209 -3.660324
v 51.08749 -2.5 -2.933609
v 49.99988 -2.5 -3.660324
v 52.07095 -3.566209 -2.071145
v 51.08749 -3.566209 -2.933609
v 52.07095 -2.5 -2.071145
v 51.08749 -2.5 -2.933609
v 52.93342 -2.5 -1.087694
v 52.93342 -3.566209 -1.087694
v 52.07095 -2.5 -2.071145
v 52.07095 -3.566209 -2.071145
v 53.66014 -2.5 -8.249283E-05
v 53.66014 -3.566209 -8.249283E-05
v 52.93342 -2.5 -1.087694
v 52.93342 -3.566209 -1.087694
v 54.23869 -2.5 1.173082
v 54.23869 -3.566209 1.173082
v 53.66014 -2.5 -8.249283E-05
v 53.66014 -3.566209 -8.249283E-05
v 54.65915 -2.5 2.411723
v 54.65915 -3.566209 2.411723
v 54.23869 -2.5 1.173082
v 54.23869 -3.566209 1.173082
v 54.91435 -2.5 3.694652
v 54.91435 -3.566209 3.694652
v 54.65915 -2.5 2.411723
v 54.65915 -3.566209 2.411723
v 54.9999 -2.5 4.999913
v 54.9999 -3.566209 4.999913
v 54.91435 -2.5 3.694652
v 54.91435 -3.566209 3.694652
v 54.9999 -3.566209 4.999913
v 44.9999 -3.566209 4.999946
v 54.91435 -3.566209 3.694652
v 54.65915 -3.566209 2.411723
v 54.23869 -3.566209 1.173082
v 53.66014 -3.566209 -8.249283E-05
v 52.93342 -3.566209 -1.087694
v 52.07095 -3.566209 -2.071145
v 51.08749 -3.566209 -2.933609
v 49.99988 -3.566209 -3.660324
v 48.82671 -3.566209 -4.238862
v 47.58807 -3.566209 -4.659321
v 46.30514 -3.566209 -4.914508
v 44.99987 -3.566209 -5.000054
v 45.00009 -2.495147 4.178771
v 35.00009 -2.495147 4.178815
v 45.00009 -2.495147 4.999886
v 35.00009 -2.495147 4.999929
v 45.00005 -2.495147 -5.000114
v 35.00005 -2.495147 -5.000071
v 45.00005 -2.495147 -4.179
v 35.00005 -2.495147 -4.178957
v 35.00005 -3.570416 -5.000071
v 35.00009 -3.570416 4.999929
v 35.00005 -2.495147 -5.000071
v 35.00009 -2.495147 4.999929
v 35.00005 -2.495147 -4.178957
v 35.00005 -2.495147 -5.000071
v 35.00009 -2.495147 4.999929
v 35.00009 -2.495147 4.178815
v 35.00006 -2.299644 -3.455594
v 35.00005 -2.299644 -4.178957
v 35.00006 -2.397396 -3.455594
v 35.00005 -2.495147 -4.178957
v 35.00009 -2.495147 4.178815
v 35.00009 -2.397396 3.455452
v 35.00009 -2.299644 4.178815
v 35.00009 -2.299644 3.455452
v 45.00005 -2.495147 -5.000114
v 45.00005 -3.570416 -5.000114
v 35.00005 -2.495147 -5.000071
v 35.00005 -3.570416 -5.000071
v 45.00009 -3.570416 4.999886
v 45.00009 -3.570416 4.501352
v 45.00009 -2.495147 4.999886
v 45.00005 -3.570416 -4.501581
v 45.00005 -3.570416 -5.000114
v 45.00005 -2.495147 -5.000114
v 45.00009 -2.495147 4.178771
v 45.00009 -2.495147 4.999886
v 45.00005 -2.495147 -5.000114
v 45.00005 -2.495147 -4.179
v 45.00009 -2.299644 3.455408
v 45.00009 -2.299644 4.178771
v 45.00009 -2.397396 3.455408
v 45.00009 -2.495147 4.178771
v 45.00005 -2.495147 -4.179
v 45.00006 -2.397396 -3.455637
v 45.00005 -2.299644 -4.179
v 45.00006 -2.299644 -3.455637
v 45.00009 -3.570416 4.999886
v 45.00009 -2.495147 4.999886
v 35.00009 -3.570416 4.999929
v 35.00009 -2.495147 4.999929
v 35.00005 -3.570416 -5.000071
v 45.00005 -3.570416 -5.000114
v 35.00009 -3.570416 4.999929
v 45.00005 -3.570416 -4.501581
v 45.00009 -3.570416 4.501352
v 45.00009 -3.570416 4.999886
v 34.18334 -2.5 -4.999988
v 34.19033 -2.5 -4.893409
v 34.99987 -2.5 -4.999988
v 34.21117 -2.5 -4.788655
v 34.2455 -2.5 -4.687516
v 34.29274 -2.5 -4.591724
v 34.35208 -2.5 -4.502918
v 34.4225 -2.5 -4.422616
v 34.5028 -2.5 -4.352194
v 34.59161 -2.5 -4.292855
v 34.6874 -2.5 -4.245616
v 34.78854 -2.5 -4.211284
v 34.8933 -2.5 -4.190447
v 34.99987 -2.5 -4.183462
v 24.99987 -2.5 -4.999978
v 25.08542 -2.5 -3.694716
v 25.8164 -2.5 -4.999979
v 25.34061 -2.5 -2.411787
v 25.76108 -2.5 -1.173145
v 25.89496 -2.5 -3.801295
v 26.33962 -2.5 2.0504E-05
v 26.12932 -2.5 -2.623121
v 26.51545 -2.5 -1.485616
v 27.06634 -2.5 1.087634
v 27.04675 -2.5 -0.4082441
v 27.71414 -2.5 0.5905633
v 27.92881 -2.5 2.071087
v 28.50618 -2.5 1.493716
v 28.91226 -2.5 2.933552
v 29.40933 -2.5 2.285757
v 29.99988 -2.5 3.660271
v 30.40814 -2.5 2.953139
v 31.17305 -2.5 4.238811
v 31.48552 -2.5 3.484439
v 32.41169 -2.5 4.659272
v 32.62302 -2.5 3.870569
v 33.69462 -2.5 4.914462
v 33.8012 -2.5 4.104921
v 34.99988 -2.5 5.000011
v 34.99988 -2.5 4.183484
v 33.45122 -2.3 -4.999987
v 34.18334 -2.3 -4.999988
v 33.45122 -2.4 -4.999987
v 34.18334 -2.5 -4.999988
v 26.54852 -2.4 -4.999979
v 25.8164 -2.5 -4.999979
v 34.99987 -2.5 -4.999988
v 25.8164 -2.3 -4.999979
v 26.54852 -2.3 -4.999979
v 24.99987 -3.566209 -4.999978
v 24.99987 -2.5 -4.999978
v 34.99987 -3.566209 -4.999988
v 34.99987 -3.566209 -4.999988
v 34.99987 -2.5 -4.999988
v 34.99988 -3.566209 5.000011
v 34.99987 -2.5 -4.183462
v 34.99987 -2.3 -4.183462
v 34.99987 -2.4 -3.451339
v 34.99987 -2.3 -3.451339
v 34.99988 -2.4 3.451363
v 34.99988 -2.3 3.451363
v 34.99988 -2.5 4.183484
v 34.99988 -2.5 5.000011
v 34.99988 -2.3 4.183484
v 33.69462 -3.566209 4.914462
v 34.99988 -3.566209 5.000011
v 33.69462 -2.5 4.914462
v 34.99988 -2.5 5.000011
v 32.41169 -3.566209 4.659272
v 33.69462 -3.566209 4.914462
v 32.41169 -2.5 4.659272
v 33.69462 -2.5 4.914462
v 31.17305 -3.566209 4.238811
v 32.41169 -3.566209 4.659272
v 31.17305 -2.5 4.238811
v 32.41169 -2.5 4.659272
v 29.99988 -3.566209 3.660271
v 31.17305 -3.566209 4.238811
v 29.99988 -2.5 3.660271
v 31.17305 -2.5 4.238811
v 28.91226 -3.566209 2.933552
v 29.99988 -3.566209 3.660271
v 28.91226 -2.5 2.933552
v 29.99988 -2.5 3.660271
v 27.92881 -3.566209 2.071087
v 28.91226 -3.566209 2.933552
v 27.92881 -2.5 2.071087
v 28.91226 -2.5 2.933552
v 27.06634 -2.5 1.087634
v 27.06634 -3.566209 1.087634
v 27.92881 -2.5 2.071087
v 27.92881 -3.566209 2.071087
v 26.33962 -2.5 2.0504E-05
v 26.33962 -3.566209 2.0504E-05
v 27.06634 -2.5 1.087634
v 27.06634 -3.566209 1.087634
v 25.76108 -2.5 -1.173145
v 25.76108 -3.566209 -1.173145
v 26.33962 -2.5 2.0504E-05
v 26.33962 -3.566209 2.0504E-05
v 25.34061 -2.5 -2.411787
v 25.34061 -3.566209 -2.411787
v 25.76108 -2.5 -1.173145
v 25.76108 -3.566209 -1.173145
v 25.08542 -2.5 -3.694716
v 25.08542 -3.566209 -3.694716
v 25.34061 -2.5 -2.411787
v 25.34061 -3.566209 -2.411787
v 24.99987 -2.5 -4.999978
v 24.99987 -3.566209 -4.999978
v 25.08542 -2.5 -3.694716
v 25.08542 -3.566209 -3.694716
v 24.99987 -3.566209 -4.999978
v 34.99987 -3.566209 -4.999988
v 25.08542 -3.566209 -3.694716
v 25.34061 -3.566209 -2.411787
v 25.76108 -3.566209 -1.173145
v 26.33962 -3.566209 2.0504E-05
v 27.06634 -3.566209 1.087634
v 27.92881 -3.566209 2.071087
v 28.91226 -3.566209 2.933552
v 29.99988 -3.566209 3.660271
v 31.17305 -3.566209 4.238811
v 32.41169 -3.566209 4.659272
v 33.69462 -3.566209 4.914462
v 34.99988 -3.566209 5.000011
v 24.99983 -2.5 -14.99998
v 24.99987 -2.5 -4.999978
v 24.99983 0.00244379 -14.99998
v 34.99983 0.00244379 -15.00002
v 34.99987 -2.5 -5.000018
v 34.99983 -2.5 -15.00002
v 25.82098 -2.5 -4.999981
v 25.82095 0.00244379 -14.99998
v 24.99987 -2.5 -4.999978
v 24.99983 0.00244379 -14.99998
v 34.99987 -2.5 -5.000018
v 34.99983 0.00244379 -15.00002
v 34.17876 -2.5 -5.000015
v 34.17871 0.00244379 -15.00002
v 34.99983 -2.5 -15.00002
v 24.99983 -2.5 -14.99998
v 34.99983 0.00244379 -15.00002
v 24.99983 0.00244379 -14.99998
v 34.17871 0.00244379 -15.00002
v 34.99983 0.00244379 -15.00002
v 24.99983 0.00244379 -14.99998
v 25.82095 0.00244379 -14.99998
v 33.45535 0.1979473 -15.00001
v 34.17871 0.1979473 -15.00002
v 33.45535 0.1001954 -15.00001
v 34.17871 0.00244379 -15.00002
v 25.82095 0.00244379 -14.99998
v 26.54431 0.1001954 -14.99998
v 25.82095 0.1979473 -14.99998
v 26.54431 0.1979473 -14.99998
v 25.81636 -1.192093E-07 -14.99998
v 25.80937 -1.192093E-07 -15.10656
v 24.99983 -1.192093E-07 -14.99998
v 25.78853 -1.192093E-07 -15.21131
v 25.7542 -1.192093E-07 -15.31245
v 25.70696 -1.192093E-07 -15.40824
v 25.64762 -1.192093E-07 -15.49705
v 25.5772 -1.192093E-07 -15.57735
v 25.49689 -1.192093E-07 -15.64777
v 25.40809 -1.192093E-07 -15.70711
v 25.3123 -1.192093E-07 -15.75435
v 25.21116 -1.192093E-07 -15.78868
v 25.1064 -1.192093E-07 -15.80952
v 24.99982 -1.192093E-07 -15.8165
v 34.99983 -1.192093E-07 -15.00002
v 34.91427 -1.192093E-07 -16.30528
v 34.1833 -1.192093E-07 -15.00002
v 34.65908 -1.192093E-07 -17.58821
v 34.23861 -1.192093E-07 -18.82685
v 34.10473 -1.192093E-07 -16.1987
v 33.66006 -1.192093E-07 -20.00001
v 33.87037 -1.192093E-07 -17.37687
v 33.48424 -1.192093E-07 -18.51438
v 32.93334 -1.192093E-07 -21.08762
v 32.95293 -1.192093E-07 -19.59175
v 32.28555 -1.192093E-07 -20.59055
v 32.07087 -1.192093E-07 -22.07107
v 31.4935 -1.192093E-07 -21.4937
v 31.08741 -1.192093E-07 -22.93354
v 30.59034 -1.192093E-07 -22.28574
v 29.99979 -1.192093E-07 -23.66025
v 29.59153 -1.192093E-07 -22.95312
v 28.82663 -1.192093E-07 -24.23879
v 28.51416 -1.192093E-07 -23.48442
v 27.58798 -1.192093E-07 -24.65925
v 27.37665 -1.192093E-07 -23.87054
v 26.30505 -1.192093E-07 -24.91443
v 26.19847 -1.192093E-07 -24.10489
v 24.99979 -1.192093E-07 -24.99998
v 24.99979 -1.192093E-07 -24.18345
v 26.54848 0.1999999 -14.99998
v 25.81636 0.1999999 -14.99998
v 26.54848 0.0999999 -14.99998
v 25.81636 -1.192093E-07 -14.99998
v 33.45118 0.0999999 -15.00001
v 34.1833 -1.192093E-07 -15.00002
v 24.99983 -1.192093E-07 -14.99998
v 34.1833 0.1999999 -15.00002
v 33.45118 0.1999999 -15.00001
v 34.99983 -1.066209 -15.00002
v 34.99983 -1.192093E-07 -15.00002
v 24.99983 -1.066209 -14.99998
v 24.99983 -1.066209 -14.99998
v 24.99983 -1.192093E-07 -14.99998
v 24.99979 -1.066209 -24.99998
v 24.99982 -1.192093E-07 -15.8165
v 24.99982 0.1999999 -15.8165
v 24.99982 0.0999999 -16.54863
v 24.99982 0.1999999 -16.54863
v 24.99979 0.0999999 -23.45133
v 24.99979 0.1999999 -23.45133
v 24.99979 -1.192093E-07 -24.18345
v 24.99979 -1.192093E-07 -24.99998
v 24.99979 0.1999999 -24.18345
v 26.30505 -1.066209 -24.91443
v 24.99979 -1.066209 -24.99998
v 26.30505 -1.192093E-07 -24.91443
v 24.99979 -1.192093E-07 -24.99998
v 27.58798 -1.066209 -24.65925
v 26.30505 -1.066209 -24.91443
v 27.58798 -1.192093E-07 -24.65925
v 26.30505 -1.192093E-07 -24.91443
v 28.82663 -1.066209 -24.23879
v 27.58798 -1.066209 -24.65925
v 28.82663 -1.192093E-07 -24.23879
v 27.58798 -1.192093E-07 -24.65925
v 29.99979 -1.066209 -23.66025
v 28.82663 -1.066209 -24.23879
v 29.99979 -1.192093E-07 -23.66025
v 28.82663 -1.192093E-07 -24.23879
v 31.08741 -1.066209 -22.93354
v 29.99979 -1.066209 -23.66025
v 31.08741 -1.192093E-07 -22.93354
v 29.99979 -1.192093E-07 -23.66025
v 32.07087 -1.066209 -22.07107
v 31.08741 -1.066209 -22.93354
v 32.07087 -1.192093E-07 -22.07107
v 31.08741 -1.192093E-07 -22.93354
v 32.93334 -1.192093E-07 -21.08762
v 32.93334 -1.066209 -21.08762
v 32.07087 -1.192093E-07 -22.07107
v 32.07087 -1.066209 -22.07107
v 33.66006 -1.192093E-07 -20.00001
v 33.66006 -1.066209 -20.00001
v 32.93334 -1.192093E-07 -21.08762
v 32.93334 -1.066209 -21.08762
v 34.23861 -1.192093E-07 -18.82685
v 34.23861 -1.066209 -18.82685
v 33.66006 -1.192093E-07 -20.00001
v 33.66006 -1.066209 -20.00001
v 34.65908 -1.192093E-07 -17.58821
v 34.65908 -1.066209 -17.58821
v 34.23861 -1.192093E-07 -18.82685
v 34.23861 -1.066209 -18.82685
v 34.91427 -1.192093E-07 -16.30528
v 34.91427 -1.066209 -16.30528
v 34.65908 -1.192093E-07 -17.58821
v 34.65908 -1.066209 -17.58821
v 34.99983 -1.192093E-07 -15.00002
v 34.99983 -1.066209 -15.00002
v 34.91427 -1.192093E-07 -16.30528
v 34.91427 -1.066209 -16.30528
v 34.99983 -1.066209 -15.00002
v 24.99983 -1.066209 -14.99998
v 34.91427 -1.066209 -16.30528
v 34.65908 -1.066209 -17.58821
v 34.23861 -1.066209 -18.82685
v 33.66006 -1.066209 -20.00001
v 32.93334 -1.066209 -21.08762
v 32.07087 -1.066209 -22.07107
v 31.08741 -1.066209 -22.93354
v 29.99979 -1.066209 -23.66025
v 28.82663 -1.066209 -24.23879
v 27.58798 -1.066209 -24.65925
v 26.30505 -1.066209 -24.91443
v 24.99979 -1.066209 -24.99998
v 25.00057 0.004608631 -15.82184
v 15.00057 0.004608631 -15.82179
v 25.00058 0.004608631 -15.00072
v 15.00058 0.004608631 -15.00068
v 25.00053 0.004608631 -25.00072
v 15.00053 0.004608631 -25.00068
v 25.00053 0.004608631 -24.17961
v 15.00053 0.004608631 -24.17956
v 15.00053 -1.07066 -25.00068
v 15.00058 -1.07066 -15.00068
v 15.00053 0.004608631 -25.00068
v 15.00058 0.004608631 -15.00068
v 15.00053 0.004608631 -24.17956
v 15.00053 0.004608631 -25.00068
v 15.00058 0.004608631 -15.00068
v 15.00057 0.004608631 -15.82179
v 15.00054 0.2001119 -23.4562
v 15.00053 0.2001119 -24.17956
v 15.00054 0.1023602 -23.4562
v 15.00053 0.004608631 -24.17956
v 15.00057 0.004608631 -15.82179
v 15.00057 0.1023602 -16.54515
v 15.00057 0.2001119 -15.82179
v 15.00057 0.2001119 -16.54515
v 25.00053 0.004608631 -25.00072
v 25.00053 -1.07066 -25.00072
v 15.00053 0.004608631 -25.00068
v 15.00053 -1.07066 -25.00068
v 25.00058 -1.07066 -15.00072
v 25.00057 -1.07066 -15.49926
v 25.00058 0.004608631 -15.00072
v 25.00053 -1.07066 -24.50219
v 25.00053 -1.07066 -25.00072
v 25.00053 0.004608631 -25.00072
v 25.00057 0.004608631 -15.82184
v 25.00058 0.004608631 -15.00072
v 25.00053 0.004608631 -25.00072
v 25.00053 0.004608631 -24.17961
v 25.00057 0.2001119 -16.5452
v 25.00057 0.2001119 -15.82184
v 25.00057 0.1023602 -16.5452
v 25.00057 0.004608631 -15.82184
v 25.00053 0.004608631 -24.17961
v 25.00054 0.1023602 -23.45625
v 25.00053 0.2001119 -24.17961
v 25.00054 0.2001119 -23.45625
v 25.00058 -1.07066 -15.00072
v 25.00058 0.004608631 -15.00072
v 15.00058 -1.07066 -15.00068
v 15.00058 0.004608631 -15.00068
v 15.00053 -1.07066 -25.00068
v 25.00053 -1.07066 -25.00072
v 15.00058 -1.07066 -15.00068
v 25.00053 -1.07066 -24.50219
v 25.00057 -1.07066 -15.49926
v 25.00058 -1.07066 -15.00072
v 15.00016 0.004638672 -15.82171
v 5.00016 0.004638672 -15.82166
v 15.00016 0.004638672 -15.0006
v 5.000164 0.004638672 -15.00055
v 15.00012 0.004638672 -25.0006
v 5.000116 0.004638672 -25.00055
v 15.00012 0.004638672 -24.17948
v 5.00012 0.004638672 -24.17943
v 5.000116 -1.07063 -25.00055
v 5.000164 -1.07063 -15.00055
v 5.000116 0.004638672 -25.00055
v 5.000164 0.004638672 -15.00055
v 5.00012 0.004638672 -24.17943
v 5.000116 0.004638672 -25.00055
v 5.000164 0.004638672 -15.00055
v 5.00016 0.004638672 -15.82166
v 5.000124 0.2001419 -23.45607
v 5.00012 0.2001419 -24.17943
v 5.000124 0.1023903 -23.45607
v 5.00012 0.004638672 -24.17943
v 5.00016 0.004638672 -15.82166
v 5.000156 0.1023903 -16.54502
v 5.00016 0.2001419 -15.82166
v 5.000156 0.2001419 -16.54502
v 15.00012 0.004638672 -25.0006
v 15.00012 -1.07063 -25.0006
v 5.000116 0.004638672 -25.00055
v 5.000116 -1.07063 -25.00055
v 15.00016 -1.07063 -15.0006
v 15.00016 -1.07063 -15.49913
v 15.00016 0.004638672 -15.0006
v 15.00012 -1.07063 -24.50206
v 15.00012 -1.07063 -25.0006
v 15.00012 0.004638672 -25.0006
v 15.00016 0.004638672 -15.82171
v 15.00016 0.004638672 -15.0006
v 15.00012 0.004638672 -25.0006
v 15.00012 0.004638672 -24.17948
v 15.00016 0.2001419 -16.54507
v 15.00016 0.2001419 -15.82171
v 15.00016 0.1023903 -16.54507
v 15.00016 0.004638672 -15.82171
v 15.00012 0.004638672 -24.17948
v 15.00012 0.1023903 -23.45612
v 15.00012 0.2001419 -24.17948
v 15.00012 0.2001419 -23.45612
v 15.00016 -1.07063 -15.0006
v 15.00016 0.004638672 -15.0006
v 5.000164 -1.07063 -15.00055
v 5.000164 0.004638672 -15.00055
v 5.000116 -1.07063 -25.00055
v 15.00012 -1.07063 -25.0006
v 5.000164 -1.07063 -15.00055
v 15.00012 -1.07063 -24.50206
v 15.00016 -1.07063 -15.49913
v 15.00016 -1.07063 -15.0006
v 4.999829 -1.192093E-07 -15.81641
v 4.893251 -1.192093E-07 -15.80943
v 4.999833 -1.192093E-07 -14.99989
v 4.788497 -1.192093E-07 -15.78859
v 4.687358 -1.192093E-07 -15.75426
v 4.591567 -1.192093E-07 -15.70702
v 4.50276 -1.192093E-07 -15.64768
v 4.422459 -1.192093E-07 -15.57725
v 4.352037 -1.192093E-07 -15.49695
v 4.292699 -1.192093E-07 -15.40814
v 4.24546 -1.192093E-07 -15.31235
v 4.211128 -1.192093E-07 -15.21122
v 4.190292 -1.192093E-07 -15.10646
v 4.183307 -1.192093E-07 -14.99988
v 4.999785 -1.192093E-07 -24.99989
v 3.694524 -1.192093E-07 -24.91433
v 4.999789 -1.192093E-07 -24.18336
v 2.411596 -1.192093E-07 -24.65913
v 1.172955 -1.192093E-07 -24.23866
v 3.801106 -1.192093E-07 -24.10479
v -0.0002083778 -1.192093E-07 -23.66012
v 2.622933 -1.192093E-07 -23.87043
v 1.48543 -1.192093E-07 -23.48429
v -1.087819 -1.192093E-07 -22.93339
v 0.4080591 -1.192093E-07 -22.95298
v -0.5907459 -1.192093E-07 -22.2856
v -2.071269 -1.192093E-07 -22.07092
v -1.493895 -1.192093E-07 -21.49355
v -2.93373 -1.192093E-07 -21.08746
v -2.285933 -1.192093E-07 -20.59039
v -3.660444 -1.192093E-07 -19.99984
v -2.953311 -1.192093E-07 -19.59158
v -4.23898 -1.192093E-07 -18.82668
v -3.484608 -1.192093E-07 -18.51421
v -4.659437 -1.192093E-07 -17.58803
v -3.870733 -1.192093E-07 -17.3767
v -4.914622 -1.192093E-07 -16.3051
v -4.105081 -1.192093E-07 -16.19852
v -5.000167 -1.192093E-07 -14.99984
v -4.18364 -1.192093E-07 -14.99984
v 4.999826 0.1999999 -16.54853
v 4.999829 0.1999999 -15.81641
v 4.999826 0.0999999 -16.54853
v 4.999829 -1.192093E-07 -15.81641
v 4.999793 0.0999999 -23.45124
v 4.999789 -1.192093E-07 -24.18336
v 4.999833 -1.192093E-07 -14.99989
v 4.999789 0.1999999 -24.18336
v 4.999793 0.1999999 -23.45124
v 4.999785 -1.066209 -24.99989
v 4.999785 -1.192093E-07 -24.99989
v 4.999833 -1.066209 -14.99989
v 4.999833 -1.066209 -14.99989
v 4.999833 -1.192093E-07 -14.99989
v -5.000167 -1.066209 -14.99984
v 4.183307 -1.192093E-07 -14.99988
v 4.183307 0.1999999 -14.99988
v 3.451184 0.0999999 -14.99988
v 3.451184 0.1999999 -14.99988
v -3.451518 0.0999999 -14.99985
v -3.451518 0.1999999 -14.99985
v -4.18364 -1.192093E-07 -14.99984
v -5.000167 -1.192093E-07 -14.99984
v -4.18364 0.1999999 -14.99984
v -4.914622 -1.066209 -16.3051
v -5.000167 -1.066209 -14.99984
v -4.914622 -1.192093E-07 -16.3051
v -5.000167 -1.192093E-07 -14.99984
v -4.659437 -1.066209 -17.58803
v -4.914622 -1.066209 -16.3051
v -4.659437 -1.192093E-07 -17.58803
v -4.914622 -1.192093E-07 -16.3051
v -4.23898 -1.066209 -18.82668
v -4.659437 -1.066209 -17.58803
v -4.23898 -1.192093E-07 -18.82668
v -4.659437 -1.192093E-07 -17.58803
v -3.660444 -1.066209 -19.99984
v -4.23898 -1.066209 -18.82668
v -3.660444 -1.192093E-07 -19.99984
v -4.23898 -1.192093E-07 -18.82668
v -2.93373 -1.066209 -21.08746
v -3.660444 -1.066209 -19.99984
v -2.93373 -1.192093E-07 -21.08746
v -3.660444 -1.192093E-07 -19.99984
v -2.071269 -1.066209 -22.07092
v -2.93373 -1.066209 -21.08746
v -2.071269 -1.192093E-07 -22.07092
v -2.93373 -1.192093E-07 -21.08746
v -1.087819 -1.192093E-07 -22.93339
v -1.087819 -1.066209 -22.93339
v -2.071269 -1.192093E-07 -22.07092
v -2.071269 -1.066209 -22.07092
v -0.0002083778 -1.192093E-07 -23.66012
v -0.0002083778 -1.066209 -23.66012
v -1.087819 -1.192093E-07 -22.93339
v -1.087819 -1.066209 -22.93339
v 1.172955 -1.192093E-07 -24.23866
v 1.172955 -1.066209 -24.23866
v -0.0002083778 -1.192093E-07 -23.66012
v -0.0002083778 -1.066209 -23.66012
v 2.411596 -1.192093E-07 -24.65913
v 2.411596 -1.066209 -24.65913
v 1.172955 -1.192093E-07 -24.23866
v 1.172955 -1.066209 -24.23866
v 3.694524 -1.192093E-07 -24.91433
v 3.694524 -1.066209 -24.91433
v 2.411596 -1.192093E-07 -24.65913
v 2.411596 -1.066209 -24.65913
v 4.999785 -1.192093E-07 -24.99989
v 4.999785 -1.066209 -24.99989
v 3.694524 -1.192093E-07 -24.91433
v 3.694524 -1.066209 -24.91433
v 4.999785 -1.066209 -24.99989
v 4.999833 -1.066209 -14.99989
v 3.694524 -1.066209 -24.91433
v 2.411596 -1.066209 -24.65913
v 1.172955 -1.066209 -24.23866
v -0.0002083778 -1.066209 -23.66012
v -1.087819 -1.066209 -22.93339
v -2.071269 -1.066209 -22.07092
v -2.93373 -1.066209 -21.08746
v -3.660444 -1.066209 -19.99984
v -4.23898 -1.066209 -18.82668
v -4.659437 -1.066209 -17.58803
v -4.914622 -1.066209 -16.3051
v -5.000167 -1.066209 -14.99984
v 4.17857 0.004814625 -14.99988
v 4.178626 0.004814625 -4.999884
v 4.999684 0.004814625 -14.99989
v 4.999741 0.004814625 -4.999888
v -5.000316 0.004814625 -14.99983
v -5.000259 0.004814625 -4.999832
v -4.179201 0.004814625 -14.99984
v -4.179145 0.004814625 -4.999837
v -5.000259 -1.070454 -4.999832
v 4.999741 -1.070454 -4.999888
v -5.000259 0.004814625 -4.999832
v 4.999741 0.004814625 -4.999888
v -4.179145 0.004814625 -4.999837
v -5.000259 0.004814625 -4.999832
v 4.999741 0.004814625 -4.999888
v 4.178626 0.004814625 -4.999884
v -3.455783 0.2003179 -4.999841
v -4.179145 0.2003179 -4.999837
v -3.455783 0.1025662 -4.999841
v -4.179145 0.004814625 -4.999837
v 4.178626 0.004814625 -4.999884
v 3.455263 0.1025662 -4.99988
v 4.178626 0.2003179 -4.999884
v 3.455263 0.2003179 -4.99988
v -5.000316 0.004814625 -14.99983
v -5.000316 -1.070454 -14.99983
v -5.000259 0.004814625 -4.999832
v -5.000259 -1.070454 -4.999832
v 4.999684 -1.070454 -14.99989
v 4.501151 -1.070454 -14.99989
v 4.999684 0.004814625 -14.99989
v -4.501782 -1.070454 -14.99984
v -5.000316 -1.070454 -14.99983
v -5.000316 0.004814625 -14.99983
v 4.17857 0.004814625 -14.99988
v 4.999684 0.004814625 -14.99989
v -5.000316 0.004814625 -14.99983
v -4.179201 0.004814625 -14.99984
v 3.455207 0.2003179 -14.99988
v 4.17857 0.2003179 -14.99988
v 3.455207 0.1025662 -14.99988
v 4.17857 0.004814625 -14.99988
v -4.179201 0.004814625 -14.99984
v -3.455839 0.1025662 -14.99984
v -4.179201 0.2003179 -14.99984
v -3.455839 0.2003179 -14.99984
v 4.999684 -1.070454 -14.99989
v 4.999684 0.004814625 -14.99989
v 4.999741 -1.070454 -4.999888
v 4.999741 0.004814625 -4.999888
v -5.000259 -1.070454 -4.999832
v -5.000316 -1.070454 -14.99983
v 4.999741 -1.070454 -4.999888
v -4.501782 -1.070454 -14.99984
v 4.501151 -1.070454 -14.99989
v 4.999684 -1.070454 -14.99989
vt 36.15482 0.001201516 0
vt 36.15482 39.37008 0
vt 39.37008 0.001201516 0
vt 39.37008 39.37008 0
vt 0.001201516 0.001201516 0
vt 0.001201516 39.37008 0
vt 3.214056 0.001201516 0
vt 3.214056 39.37008 0
vt 0.001201516 15.48634 0
vt -39.37008 15.48634 0
vt 0.001201516 19.68444 0
vt -39.37008 19.68444 0
vt -3.214056 19.68444 0
vt 0.001201516 19.68444 0
vt -39.37008 19.68444 0
vt -36.15482 19.68444 0
vt -6.097694 20.47263 0
vt -3.214056 20.47263 0
vt -6.097694 20.07854 0
vt -3.214056 19.68444 0
vt -36.15482 19.68444 0
vt -33.27359 20.07854 0
vt -36.15482 20.47263 0
vt -33.27359 20.47263 0
vt 0.001201516 19.68444 0
vt 0.001201516 15.48634 0
vt -39.37008 19.68444 0
vt -39.37008 15.48634 0
vt 39.37008 15.48634 0
vt 37.402 15.48634 0
vt 39.37008 19.68444 0
vt 1.969285 15.48634 0
vt 0.001201516 15.48634 0
vt 0.001201516 19.68444 0
vt 36.15482 19.68444 0
vt 39.37008 19.68444 0
vt 0.001201516 19.68444 0
vt 3.214056 19.68444 0
vt 33.27359 20.47263 0
vt 36.15482 20.47263 0
vt 33.27359 20.07854 0
vt 36.15482 19.68444 0
vt 3.214056 19.68444 0
vt 6.097694 20.07854 0
vt 3.214056 20.47263 0
vt 6.097694 20.47263 0
vt 0.001201516 15.48634 0
vt 0.001201516 19.68444 0
vt 39.37008 15.48634 0
vt 39.37008 19.68444 0
vt 0.001201516 39.37008 0
vt 0.001201516 0.001201516 0
vt -39.37008 39.37008 0
vt -1.969285 0.001201516 0
vt -37.402 0.001201516 0
vt -39.37008 0.001201516 0
vt 39.37125 0.0005878371 0
vt 0.0005878371 0.0005878371 0
vt 39.37125 9.842643 0
vt -39.37008 9.842643 0
vt 0.0005878371 0.0005878371 0
vt -39.37008 0.0005878371 0
vt 36.15498 0.0005878371 0
vt 36.15498 40.58194 0
vt 39.37125 0.0005878371 0
vt 39.37125 40.58194 0
vt 0.0005878371 0.0005878371 0
vt 0.0005878371 40.58194 0
vt 3.21442 0.0005878371 0
vt 3.21442 40.58194 0
vt 0.0005878371 0.0005878371 0
vt -39.37008 0.0005878371 0
vt 0.0005878371 9.842643 0
vt -39.37008 9.842643 0
vt -3.21569 9.842643 0
vt 0.0005878371 9.842643 0
vt -39.37008 9.842643 0
vt -36.15625 9.842643 0
vt -6.096888 10.6302 0
vt -3.21569 10.6302 0
vt -6.096888 10.23642 0
vt -3.21569 9.842643 0
vt -36.15625 9.842643 0
vt -33.2726 10.23642 0
vt -36.15625 10.6302 0
vt -33.2726 10.6302 0
vt 36.15482 0.001201516 0
vt 36.15482 39.37008 0
vt 39.37008 0.001201516 0
vt 39.37008 39.37008 0
vt 0.001201516 0.001201516 0
vt 0.001201516 39.37008 0
vt 3.214056 0.001201516 0
vt 3.214056 39.37008 0
vt 0.001201516 15.48634 0
vt -39.37008 15.48634 0
vt 0.001201516 19.68444 0
vt -39.37008 19.68444 0
vt -3.214056 19.68444 0
vt 0.001201516 19.68444 0
vt -39.37008 19.68444 0
vt -36.15482 19.68444 0
vt -6.097694 20.47263 0
vt -3.214056 20.47263 0
vt -6.097694 20.07854 0
vt -3.214056 19.68444 0
vt -36.15482 19.68444 0
vt -33.27359 20.07854 0
vt -36.15482 20.47263 0
vt -33.27359 20.47263 0
vt 0.001201516 19.68444 0
vt 0.001201516 15.48634 0
vt -39.37008 19.68444 0
vt -39.37008 15.48634 0
vt 39.37008 15.48634 0
vt 37.402 15.48634 0
vt 39.37008 19.68444 0
vt 1.969285 15.48634 0
vt 0.001201516 15.48634 0
vt 0.001201516 19.68444 0
vt 36.15482 19.68444 0
vt 39.37008 19.68444 0
vt 0.001201516 19.68444 0
vt 3.214056 19.68444 0
vt 33.27359 20.47263 0
vt 36.15482 20.47263 0
vt 33.27359 20.07854 0
vt 36.15482 19.68444 0
vt 3.214056 19.68444 0
vt 6.097694 20.07854 0
vt 3.214056 20.47263 0
vt 6.097694 20.47263 0
vt 0.001201516 15.48634 0
vt 0.001201516 19.68444 0
vt 39.37008 15.48634 0
vt 39.37008 19.68444 0
vt 0.001201516 39.37008 0
vt 0.001201516 0.001201516 0
vt -39.37008 39.37008 0
vt -1.969285 0.001201516 0
vt -37.402 0.001201516 0
vt -39.37008 0.001201516 0
vt 36.15541 0 0
vt 36.18291 0.4195987 0
vt 39.37008 0 0
vt 36.26495 0.8320179 0
vt 36.40011 1.230201 0
vt 36.58609 1.607335 0
vt 36.81971 1.956967 0
vt 37.09696 2.273115 0
vt 37.41311 2.55037 0
vt 37.76274 2.783986 0
vt 38.13988 2.969968 0
vt 38.53806 3.105133 0
vt 38.95048 3.187169 0
vt 39.37008 3.214671 0
vt 0 0 0
vt 0.3368165 5.138826 0
vt 3.21467 0 0
vt 1.341503 10.18973 0
vt 2.996869 15.06628 0
vt 3.523985 4.719228 0
vt 5.27459 19.68504 0
vt 4.446636 9.357708 0
vt 5.966837 13.83608 0
vt 8.135695 23.96699 0
vt 8.058577 18.0777 0
vt 10.68606 22.01002 0
vt 11.53123 27.83885 0
vt 13.80434 25.56573 0
vt 15.40309 31.23438 0
vt 17.36006 28.68401 0
vt 19.68504 34.09549 0
vt 21.29238 31.3115 0
vt 24.3038 36.37321 0
vt 25.534 33.40324 0
vt 29.18035 38.02858 0
vt 30.01237 34.92344 0
vt 34.23125 39.03326 0
vt 34.65085 35.8461 0
vt 39.37008 39.37008 0
vt 39.37008 36.15541 0
vt 33.27304 4.985074 0
vt 36.15541 4.985074 0
vt 33.27304 4.591372 0
vt 36.15541 4.197672 0
vt 6.097044 4.591372 0
vt 3.21467 4.197672 0
vt 39.37008 4.197672 0
vt 3.21467 4.985074 0
vt 6.097044 4.985074 0
vt 0 0 0
vt 0 4.197672 0
vt 39.37008 0 0
vt 1.75102E-07 -2.649361E-06 0
vt 1.75102E-07 4.197669 0
vt 39.37008 -2.649361E-06 0
vt 3.214671 4.197669 0
vt 3.214671 4.985071 0
vt 6.097044 4.59137 0
vt 6.097044 4.985071 0
vt 33.27304 4.59137 0
vt 33.27304 4.985071 0
vt 36.15541 4.197669 0
vt 39.37008 4.197669 0
vt 36.15541 4.985071 0
vt -36.71086 0 0
vt -41.86071 0 0
vt -36.71086 4.197672 0
vt -41.86071 4.197672 0
vt -36.03867 0 0
vt -41.18852 0 0
vt -36.03867 4.197672 0
vt -41.18852 4.197672 0
vt -34.70579 0 0
vt -39.85564 0 0
vt -34.70579 4.197672 0
vt -39.85564 4.197672 0
vt -32.73502 0 0
vt -37.88488 0 0
vt -32.73502 4.197672 0
vt -37.88488 4.197672 0
vt -30.1601 0 0
vt -35.30995 0 0
vt -30.1601 4.197672 0
vt -35.30995 4.197672 0
vt -27.02507 0 0
vt -32.17492 0 0
vt -27.02507 4.197672 0
vt -32.17492 4.197672 0
vt -23.38357 4.197672 0
vt -23.38357 0 0
vt -28.53342 4.197672 0
vt -28.53342 0 0
vt -19.29792 4.197672 0
vt -19.29792 0 0
vt -24.44777 4.197672 0
vt -24.44777 0 0
vt -14.83801 4.197672 0
vt -14.83801 0 0
vt -19.98787 4.197672 0
vt -19.98787 0 0
vt -10.08017 4.197672 0
vt -10.08017 0 0
vt -15.23002 4.197672 0
vt -15.23002 0 0
vt -5.105795 4.197672 0
vt -5.105795 0 0
vt -10.25565 4.197672 0
vt -10.25565 0 0
vt 0 4.197672 0
vt 0 0 0
vt -5.149853 4.197672 0
vt -5.149853 0 0
vt 0 0 0
vt -39.37008 0 0
vt -0.3368165 5.138826 0
vt -1.341503 10.18973 0
vt -2.996869 15.06628 0
vt -5.27459 19.68504 0
vt -8.135695 23.96699 0
vt -11.53123 27.83885 0
vt -15.40309 31.23438 0
vt -19.68504 34.09549 0
vt -24.3038 36.37321 0
vt -29.18035 38.02858 0
vt -34.23125 39.03326 0
vt -39.37008 39.37008 0
vt 39.37125 0.0005878371 0
vt 0.0005878371 0.0005878371 0
vt 39.37125 9.842643 0
vt -39.37008 9.842643 0
vt 0.0005878371 0.0005878371 0
vt -39.37008 0.0005878371 0
vt 36.15498 0.0005878371 0
vt 36.15498 40.58194 0
vt 39.37125 0.0005878371 0
vt 39.37125 40.58194 0
vt 0.0005878371 0.0005878371 0
vt 0.0005878371 40.58194 0
vt 3.21442 0.0005878371 0
vt 3.21442 40.58194 0
vt 0.0005878371 0.0005878371 0
vt -39.37008 0.0005878371 0
vt 0.0005878371 9.842643 0
vt -39.37008 9.842643 0
vt -3.21569 9.842643 0
vt 0.0005878371 9.842643 0
vt -39.37008 9.842643 0
vt -36.15625 9.842643 0
vt -6.096888 10.6302 0
vt -3.21569 10.6302 0
vt -6.096888 10.23642 0
vt -3.21569 9.842643 0
vt -36.15625 9.842643 0
vt -33.2726 10.23642 0
vt -36.15625 10.6302 0
vt -33.2726 10.6302 0
vt 36.15541 0 0
vt 36.18291 0.4195987 0
vt 39.37008 0 0
vt 36.26495 0.8320179 0
vt 36.40011 1.230201 0
vt 36.58609 1.607335 0
vt 36.81971 1.956967 0
vt 37.09696 2.273115 0
vt 37.41311 2.55037 0
vt 37.76274 2.783986 0
vt 38.13988 2.969968 0
vt 38.53806 3.105133 0
vt 38.95048 3.187169 0
vt 39.37008 3.214671 0
vt 0 0 0
vt 0.3368165 5.138826 0
vt 3.21467 0 0
vt 1.341503 10.18973 0
vt 2.996869 15.06628 0
vt 3.523985 4.719228 0
vt 5.27459 19.68504 0
vt 4.446636 9.357708 0
vt 5.966837 13.83608 0
vt 8.135695 23.96699 0
vt 8.058577 18.0777 0
vt 10.68606 22.01002 0
vt 11.53123 27.83885 0
vt 13.80434 25.56573 0
vt 15.40309 31.23438 0
vt 17.36006 28.68401 0
vt 19.68504 34.09549 0
vt 21.29238 31.3115 0
vt 24.3038 36.37321 0
vt 25.534 33.40324 0
vt 29.18035 38.02858 0
vt 30.01237 34.92344 0
vt 34.23125 39.03326 0
vt 34.65085 35.8461 0
vt 39.37008 39.37008 0
vt 39.37008 36.15541 0
vt 33.27304 4.985074 0
vt 36.15541 4.985074 0
vt 33.27304 4.591372 0
vt 36.15541 4.197672 0
vt 6.097044 4.591372 0
vt 3.21467 4.197672 0
vt 39.37008 4.197672 0
vt 3.21467 4.985074 0
vt 6.097044 4.985074 0
vt 0 0 0
vt 0 4.197672 0
vt 39.37008 0 0
vt 1.75102E-07 -2.649361E-06 0
vt 1.75102E-07 4.197669 0
vt 39.37008 -2.649361E-06 0
vt 3.214671 4.197669 0
vt 3.214671 4.985071 0
vt 6.097044 4.59137 0
vt 6.097044 4.985071 0
vt 33.27304 4.59137 0
vt 33.27304 4.985071 0
vt 36.15541 4.197669 0
vt 39.37008 4.197669 0
vt 36.15541 4.985071 0
vt -36.71086 0 0
vt -41.86071 0 0
vt -36.71086 4.197672 0
vt -41.86071 4.197672 0
vt -36.03867 0 0
vt -41.18852 0 0
vt -36.03867 4.197672 0
vt -41.18852 4.197672 0
vt -34.70579 0 0
vt -39.85564 0 0
vt -34.70579 4.197672 0
vt -39.85564 4.197672 0
vt -32.73502 0 0
vt -37.88488 0 0
vt -32.73502 4.197672 0
vt -37.88488 4.197672 0
vt -30.1601 0 0
vt -35.30995 0 0
vt -30.1601 4.197672 0
vt -35.30995 4.197672 0
vt -27.02507 0 0
vt -32.17492 0 0
vt -27.02507 4.197672 0
vt -32.17492 4.197672 0
vt -23.38357 4.197672 0
vt -23.38357 0 0
vt -28.53342 4.197672 0
vt -28.53342 0 0
vt -19.29792 4.197672 0
vt -19.29792 0 0
vt -24.44777 4.197672 0
vt -24.44777 0 0
vt -14.83801 4.197672 0
vt -14.83801 0 0
vt -19.98787 4.197672 0
vt -19.98787 0 0
vt -10.08017 4.197672 0
vt -10.08017 0 0
vt -15.23002 4.197672 0
vt -15.23002 0 0
vt -5.105795 4.197672 0
vt -5.105795 0 0
vt -10.25565 4.197672 0
vt -10.25565 0 0
vt 0 4.197672 0
vt 0 0 0
vt -5.149853 4.197672 0
vt -5.149853 0 0
vt 0 0 0
vt -39.37008 0 0
vt -0.3368165 5.138826 0
vt -1.341503 10.18973 0
vt -2.996869 15.06628 0
vt -5.27459 19.68504 0
vt -8.135695 23.96699 0
vt -11.53123 27.83885 0
vt -15.40309 31.23438 0
vt -19.68504 34.09549 0
vt -24.3038 36.37321 0
vt -29.18035 38.02858 0
vt -34.23125 39.03326 0
vt -39.37008 39.37008 0
vt 39.37125 0.0005878371 0
vt 0.0005878371 0.0005878371 0
vt 39.37125 9.842643 0
vt -39.37008 9.842643 0
vt 0.0005878371 0.0005878371 0
vt -39.37008 0.0005878371 0
vt 36.15498 0.0005878371 0
vt 36.15498 40.58194 0
vt 39.37125 0.0005878371 0
vt 39.37125 40.58194 0
vt 0.0005878371 0.0005878371 0
vt 0.0005878371 40.58194 0
vt 3.21442 0.0005878371 0
vt 3.21442 40.58194 0
vt 0.0005878371 0.0005878371 0
vt -39.37008 0.0005878371 0
vt 0.0005878371 9.842643 0
vt -39.37008 9.842643 0
vt -3.21569 9.842643 0
vt 0.0005878371 9.842643 0
vt -39.37008 9.842643 0
vt -36.15625 9.842643 0
vt -6.096888 10.6302 0
vt -3.21569 10.6302 0
vt -6.096888 10.23642 0
vt -3.21569 9.842643 0
vt -36.15625 9.842643 0
vt -33.2726 10.23642 0
vt -36.15625 10.6302 0
vt -33.2726 10.6302 0
vt 36.15541 0 0
vt 36.18291 0.4195987 0
vt 39.37008 0 0
vt 36.26495 0.8320179 0
vt 36.40011 1.230201 0
vt 36.58609 1.607335 0
vt 36.81971 1.956967 0
vt 37.09696 2.273115 0
vt 37.41311 2.55037 0
vt 37.76274 2.783986 0
vt 38.13988 2.969968 0
vt 38.53806 3.105133 0
vt 38.95048 3.187169 0
vt 39.37008 3.214671 0
vt 0 0 0
vt 0.3368165 5.138826 0
vt 3.21467 0 0
vt 1.341503 10.18973 0
vt 2.996869 15.06628 0
vt 3.523985 4.719228 0
vt 5.27459 19.68504 0
vt 4.446636 9.357708 0
vt 5.966837 13.83608 0
vt 8.135695 23.96699 0
vt 8.058577 18.0777 0
vt 10.68606 22.01002 0
vt 11.53123 27.83885 0
vt 13.80434 25.56573 0
vt 15.40309 31.23438 0
vt 17.36006 28.68401 0
vt 19.68504 34.09549 0
vt 21.29238 31.3115 0
vt 24.3038 36.37321 0
vt 25.534 33.40324 0
vt 29.18035 38.02858 0
vt 30.01237 34.92344 0
vt 34.23125 39.03326 0
vt 34.65085 35.8461 0
vt 39.37008 39.37008 0
vt 39.37008 36.15541 0
vt 33.27304 4.985074 0
vt 36.15541 4.985074 0
vt 33.27304 4.591372 0
vt 36.15541 4.197672 0
vt 6.097044 4.591372 0
vt 3.21467 4.197672 0
vt 39.37008 4.197672 0
vt 3.21467 4.985074 0
vt 6.097044 4.985074 0
vt 0 0 0
vt 0 4.197672 0
vt 39.37008 0 0
vt 1.75102E-07 -2.649361E-06 0
vt 1.75102E-07 4.197669 0
vt 39.37008 -2.649361E-06 0
vt 3.214671 4.197669 0
vt 3.214671 4.985071 0
vt 6.097044 4.59137 0
vt 6.097044 4.985071 0
vt 33.27304 4.59137 0
vt 33.27304 4.985071 0
vt 36.15541 4.197669 0
vt 39.37008 4.197669 0
vt 36.15541 4.985071 0
vt -36.71086 0 0
vt -41.86071 0 0
vt -36.71086 4.197672 0
vt -41.86071 4.197672 0
vt -36.03867 0 0
vt -41.18852 0 0
vt -36.03867 4.197672 0
vt -41.18852 4.197672 0
vt -34.70579 0 0
vt -39.85564 0 0
vt -34.70579 4.197672 0
vt -39.85564 4.197672 0
vt -32.73502 0 0
vt -37.88488 0 0
vt -32.73502 4.197672 0
vt -37.88488 4.197672 0
vt -30.1601 0 0
vt -35.30995 0 0
vt -30.1601 4.197672 0
vt -35.30995 4.197672 0
vt -27.02507 0 0
vt -32.17492 0 0
vt -27.02507 4.197672 0
vt -32.17492 4.197672 0
vt -23.38357 4.197672 0
vt -23.38357 0 0
vt -28.53342 4.197672 0
vt -28.53342 0 0
vt -19.29792 4.197672 0
vt -19.29792 0 0
vt -24.44777 4.197672 0
vt -24.44777 0 0
vt -14.83801 4.197672 0
vt -14.83801 0 0
vt -19.98787 4.197672 0
vt -19.98787 0 0
vt -10.08017 4.197672 0
vt -10.08017 0 0
vt -15.23002 4.197672 0
vt -15.23002 0 0
vt -5.105795 4.197672 0
vt -5.105795 0 0
vt -10.25565 4.197672 0
vt -10.25565 0 0
vt 0 4.197672 0
vt 0 0 0
vt -5.149853 4.197672 0
vt -5.149853 0 0
vt 0 0 0
vt -39.37008 0 0
vt -0.3368165 5.138826 0
vt -1.341503 10.18973 0
vt -2.996869 15.06628 0
vt -5.27459 19.68504 0
vt -8.135695 23.96699 0
vt -11.53123 27.83885 0
vt -15.40309 31.23438 0
vt -19.68504 34.09549 0
vt -24.3038 36.37321 0
vt -29.18035 38.02858 0
vt -34.23125 39.03326 0
vt -39.37008 39.37008 0
vt 36.15541 0 0
vt 36.18291 0.4195987 0
vt 39.37008 0 0
vt 36.26495 0.8320179 0
vt 36.40011 1.230201 0
vt 36.58609 1.607335 0
vt 36.81971 1.956967 0
vt 37.09696 2.273115 0
vt 37.41311 2.55037 0
vt 37.76274 2.783986 0
vt 38.13988 2.969968 0
vt 38.53806 3.105133 0
vt 38.95048 3.187169 0
vt 39.37008 3.214671 0
vt 0 0 0
vt 0.3368165 5.138826 0
vt 3.21467 0 0
vt 1.341503 10.18973 0
vt 2.996869 15.06628 0
vt 3.523985 4.719228 0
vt 5.27459 19.68504 0
vt 4.446636 9.357708 0
vt 5.966837 13.83608 0
vt 8.135695 23.96699 0
vt 8.058577 18.0777 0
vt 10.68606 22.01002 0
vt 11.53123 27.83885 0
vt 13.80434 25.56573 0
vt 15.40309 31.23438 0
vt 17.36006 28.68401 0
vt 19.68504 34.09549 0
vt 21.29238 31.3115 0
vt 24.3038 36.37321 0
vt 25.534 33.40324 0
vt 29.18035 38.02858 0
vt 30.01237 34.92344 0
vt 34.23125 39.03326 0
vt 34.65085 35.8461 0
vt 39.37008 39.37008 0
vt 39.37008 36.15541 0
vt 33.27304 4.985074 0
vt 36.15541 4.985074 0
vt 33.27304 4.591372 0
vt 36.15541 4.197672 0
vt 6.097044 4.591372 0
vt 3.21467 4.197672 0
vt 39.37008 4.197672 0
vt 3.21467 4.985074 0
vt 6.097044 4.985074 0
vt 0 0 0
vt 0 4.197672 0
vt 39.37008 0 0
vt 1.75102E-07 -2.649361E-06 0
vt 1.75102E-07 4.197669 0
vt 39.37008 -2.649361E-06 0
vt 3.214671 4.197669 0
vt 3.214671 4.985071 0
vt 6.097044 4.59137 0
vt 6.097044 4.985071 0
vt 33.27304 4.59137 0
vt 33.27304 4.985071 0
vt 36.15541 4.197669 0
vt 39.37008 4.197669 0
vt 36.15541 4.985071 0
vt -36.71086 0 0
vt -41.86071 0 0
vt -36.71086 4.197672 0
vt -41.86071 4.197672 0
vt -36.03867 0 0
vt -41.18852 0 0
vt -36.03867 4.197672 0
vt -41.18852 4.197672 0
vt -34.70579 0 0
vt -39.85564 0 0
vt -34.70579 4.197672 0
vt -39.85564 4.197672 0
vt -32.73502 0 0
vt -37.88488 0 0
vt -32.73502 4.197672 0
vt -37.88488 4.197672 0
vt -30.1601 0 0
vt -35.30995 0 0
vt -30.1601 4.197672 0
vt -35.30995 4.197672 0
vt -27.02507 0 0
vt -32.17492 0 0
vt -27.02507 4.197672 0
vt -32.17492 4.197672 0
vt -23.38357 4.197672 0
vt -23.38357 0 0
vt -28.53342 4.197672 0
vt -28.53342 0 0
vt -19.29792 4.197672 0
vt -19.29792 0 0
vt -24.44777 4.197672 0
vt -24.44777 0 0
vt -14.83801 4.197672 0
vt -14.83801 0 0
vt -19.98787 4.197672 0
vt -19.98787 0 0
vt -10.08017 4.197672 0
vt -10.08017 0 0
vt -15.23002 4.197672 0
vt -15.23002 0 0
vt -5.105795 4.197672 0
vt -5.105795 0 0
vt -10.25565 4.197672 0
vt -10.25565 0 0
vt 0 4.197672 0
vt 0 0 0
vt -5.149853 4.197672 0
vt -5.149853 0 0
vt 0 0 0
vt -39.37008 0 0
vt -0.3368165 5.138826 0
vt -1.341503 10.18973 0
vt -2.996869 15.06628 0
vt -5.27459 19.68504 0
vt -8.135695 23.96699 0
vt -11.53123 27.83885 0
vt -15.40309 31.23438 0
vt -19.68504 34.09549 0
vt -24.3038 36.37321 0
vt -29.18035 38.02858 0
vt -34.23125 39.03326 0
vt -39.37008 39.37008 0
vt 39.37125 0.0005878371 0
vt 0.0005878371 0.0005878371 0
vt 39.37125 9.842643 0
vt -39.37008 9.842643 0
vt 0.0005878371 0.0005878371 0
vt -39.37008 0.0005878371 0
vt 36.15498 0.0005878371 0
vt 36.15498 40.58194 0
vt 39.37125 0.0005878371 0
vt 39.37125 40.58194 0
vt 0.0005878371 0.0005878371 0
vt 0.0005878371 40.58194 0
vt 3.21442 0.0005878371 0
vt 3.21442 40.58194 0
vt 0.0005878371 0.0005878371 0
vt -39.37008 0.0005878371 0
vt 0.0005878371 9.842643 0
vt -39.37008 9.842643 0
vt -3.21569 9.842643 0
vt 0.0005878371 9.842643 0
vt -39.37008 9.842643 0
vt -36.15625 9.842643 0
vt -6.096888 10.6302 0
vt -3.21569 10.6302 0
vt -6.096888 10.23642 0
vt -3.21569 9.842643 0
vt -36.15625 9.842643 0
vt -33.2726 10.23642 0
vt -36.15625 10.6302 0
vt -33.2726 10.6302 0
vt 36.15541 0 0
vt 36.18291 0.4195987 0
vt 39.37008 0 0
vt 36.26495 0.8320179 0
vt 36.40011 1.230201 0
vt 36.58609 1.607335 0
vt 36.81971 1.956967 0
vt 37.09696 2.273115 0
vt 37.41311 2.55037 0
vt 37.76274 2.783986 0
vt 38.13988 2.969968 0
vt 38.53806 3.105133 0
vt 38.95048 3.187169 0
vt 39.37008 3.214671 0
vt 0 0 0
vt 0.3368165 5.138826 0
vt 3.21467 0 0
vt 1.341503 10.18973 0
vt 2.996869 15.06628 0
vt 3.523985 4.719228 0
vt 5.27459 19.68504 0
vt 4.446636 9.357708 0
vt 5.966837 13.83608 0
vt 8.135695 23.96699 0
vt 8.058577 18.0777 0
vt 10.68606 22.01002 0
vt 11.53123 27.83885 0
vt 13.80434 25.56573 0
vt 15.40309 31.23438 0
vt 17.36006 28.68401 0
vt 19.68504 34.09549 0
vt 21.29238 31.3115 0
vt 24.3038 36.37321 0
vt 25.534 33.40324 0
vt 29.18035 38.02858 0
vt 30.01237 34.92344 0
vt 34.23125 39.03326 0
vt 34.65085 35.8461 0
vt 39.37008 39.37008 0
vt 39.37008 36.15541 0
vt 33.27304 4.985074 0
vt 36.15541 4.985074 0
vt 33.27304 4.591372 0
vt 36.15541 4.197672 0
vt 6.097044 4.591372 0
vt 3.21467 4.197672 0
vt 39.37008 4.197672 0
vt 3.21467 4.985074 0
vt 6.097044 4.985074 0
vt 0 0 0
vt 0 4.197672 0
vt 39.37008 0 0
vt 1.75102E-07 -2.649361E-06 0
vt 1.75102E-07 4.197669 0
vt 39.37008 -2.649361E-06 0
vt 3.214671 4.197669 0
vt 3.214671 4.985071 0
vt 6.097044 4.59137 0
vt 6.097044 4.985071 0
vt 33.27304 4.59137 0
vt 33.27304 4.985071 0
vt 36.15541 4.197669 0
vt 39.37008 4.197669 0
vt 36.15541 4.985071 0
vt -36.71086 0 0
vt -41.86071 0 0
vt -36.71086 4.197672 0
vt -41.86071 4.197672 0
vt -36.03867 0 0
vt -41.18852 0 0
vt -36.03867 4.197672 0
vt -41.18852 4.197672 0
vt -34.70579 0 0
vt -39.85564 0 0
vt -34.70579 4.197672 0
vt -39.85564 4.197672 0
vt -32.73502 0 0
vt -37.88488 0 0
vt -32.73502 4.197672 0
vt -37.88488 4.197672 0
vt -30.1601 0 0
vt -35.30995 0 0
vt -30.1601 4.197672 0
vt -35.30995 4.197672 0
vt -27.02507 0 0
vt -32.17492 0 0
vt -27.02507 4.197672 0
vt -32.17492 4.197672 0
vt -23.38357 4.197672 0
vt -23.38357 0 0
vt -28.53342 4.197672 0
vt -28.53342 0 0
vt -19.29792 4.197672 0
vt -19.29792 0 0
vt -24.44777 4.197672 0
vt -24.44777 0 0
vt -14.83801 4.197672 0
vt -14.83801 0 0
vt -19.98787 4.197672 0
vt -19.98787 0 0
vt -10.08017 4.197672 0
vt -10.08017 0 0
vt -15.23002 4.197672 0
vt -15.23002 0 0
vt -5.105795 4.197672 0
vt -5.105795 0 0
vt -10.25565 4.197672 0
vt -10.25565 0 0
vt 0 4.197672 0
vt 0 0 0
vt -5.149853 4.197672 0
vt -5.149853 0 0
vt 0 0 0
vt -39.37008 0 0
vt -0.3368165 5.138826 0
vt -1.341503 10.18973 0
vt -2.996869 15.06628 0
vt -5.27459 19.68504 0
vt -8.135695 23.96699 0
vt -11.53123 27.83885 0
vt -15.40309 31.23438 0
vt -19.68504 34.09549 0
vt -24.3038 36.37321 0
vt -29.18035 38.02858 0
vt -34.23125 39.03326 0
vt -39.37008 39.37008 0
vt 36.15482 0.001201516 0
vt 36.15482 39.37008 0
vt 39.37008 0.001201516 0
vt 39.37008 39.37008 0
vt 0.001201516 0.001201516 0
vt 0.001201516 39.37008 0
vt 3.214056 0.001201516 0
vt 3.214056 39.37008 0
vt 0.001201516 15.48634 0
vt -39.37008 15.48634 0
vt 0.001201516 19.68444 0
vt -39.37008 19.68444 0
vt -3.214056 19.68444 0
vt 0.001201516 19.68444 0
vt -39.37008 19.68444 0
vt -36.15482 19.68444 0
vt -6.097694 20.47263 0
vt -3.214056 20.47263 0
vt -6.097694 20.07854 0
vt -3.214056 19.68444 0
vt -36.15482 19.68444 0
vt -33.27359 20.07854 0
vt -36.15482 20.47263 0
vt -33.27359 20.47263 0
vt 0.001201516 19.68444 0
vt 0.001201516 15.48634 0
vt -39.37008 19.68444 0
vt -39.37008 15.48634 0
vt 39.37008 15.48634 0
vt 37.402 15.48634 0
vt 39.37008 19.68444 0
vt 1.969285 15.48634 0
vt 0.001201516 15.48634 0
vt 0.001201516 19.68444 0
vt 36.15482 19.68444 0
vt 39.37008 19.68444 0
vt 0.001201516 19.68444 0
vt 3.214056 19.68444 0
vt 33.27359 20.47263 0
vt 36.15482 20.47263 0
vt 33.27359 20.07854 0
vt 36.15482 19.68444 0
vt 3.214056 19.68444 0
vt 6.097694 20.07854 0
vt 3.214056 20.47263 0
vt 6.097694 20.47263 0
vt 0.001201516 15.48634 0
vt 0.001201516 19.68444 0
vt 39.37008 15.48634 0
vt 39.37008 19.68444 0
vt 0.001201516 39.37008 0
vt 0.001201516 0.001201516 0
vt -39.37008 39.37008 0
vt -1.969285 0.001201516 0
vt -37.402 0.001201516 0
vt -39.37008 0.001201516 0
vt 36.15541 0 0
vt 36.18291 0.4195987 0
vt 39.37008 0 0
vt 36.26495 0.8320179 0
vt 36.40011 1.230201 0
vt 36.58609 1.607335 0
vt 36.81971 1.956967 0
vt 37.09696 2.273115 0
vt 37.41311 2.55037 0
vt 37.76274 2.783986 0
vt 38.13988 2.969968 0
vt 38.53806 3.105133 0
vt 38.95048 3.187169 0
vt 39.37008 3.214671 0
vt 0 0 0
vt 0.3368165 5.138826 0
vt 3.21467 0 0
vt 1.341503 10.18973 0
vt 2.996869 15.06628 0
vt 3.523985 4.719228 0
vt 5.27459 19.68504 0
vt 4.446636 9.357708 0
vt 5.966837 13.83608 0
vt 8.135695 23.96699 0
vt 8.058577 18.0777 0
vt 10.68606 22.01002 0
vt 11.53123 27.83885 0
vt 13.80434 25.56573 0
vt 15.40309 31.23438 0
vt 17.36006 28.68401 0
vt 19.68504 34.09549 0
vt 21.29238 31.3115 0
vt 24.3038 36.37321 0
vt 25.534 33.40324 0
vt 29.18035 38.02858 0
vt 30.01237 34.92344 0
vt 34.23125 39.03326 0
vt 34.65085 35.8461 0
vt 39.37008 39.37008 0
vt 39.37008 36.15541 0
vt 33.27304 4.985074 0
vt 36.15541 4.985074 0
vt 33.27304 4.591372 0
vt 36.15541 4.197672 0
vt 6.097044 4.591372 0
vt 3.21467 4.197672 0
vt 39.37008 4.197672 0
vt 3.21467 4.985074 0
vt 6.097044 4.985074 0
vt 0 0 0
vt 0 4.197672 0
vt 39.37008 0 0
vt 1.75102E-07 -2.649361E-06 0
vt 1.75102E-07 4.197669 0
vt 39.37008 -2.649361E-06 0
vt 3.214671 4.197669 0
vt 3.214671 4.985071 0
vt 6.097044 4.59137 0
vt 6.097044 4.985071 0
vt 33.27304 4.59137 0
vt 33.27304 4.985071 0
vt 36.15541 4.197669 0
vt 39.37008 4.197669 0
vt 36.15541 4.985071 0
vt -36.71086 0 0
vt -41.86071 0 0
vt -36.71086 4.197672 0
vt -41.86071 4.197672 0
vt -36.03867 0 0
vt -41.18852 0 0
vt -36.03867 4.197672 0
vt -41.18852 4.197672 0
vt -34.70579 0 0
vt -39.85564 0 0
vt -34.70579 4.197672 0
vt -39.85564 4.197672 0
vt -32.73502 0 0
vt -37.88488 0 0
vt -32.73502 4.197672 0
vt -37.88488 4.197672 0
vt -30.1601 0 0
vt -35.30995 0 0
vt -30.1601 4.197672 0
vt -35.30995 4.197672 0
vt -27.02507 0 0
vt -32.17492 0 0
vt -27.02507 4.197672 0
vt -32.17492 4.197672 0
vt -23.38357 4.197672 0
vt -23.38357 0 0
vt -28.53342 4.197672 0
vt -28.53342 0 0
vt -19.29792 4.197672 0
vt -19.29792 0 0
vt -24.44777 4.197672 0
vt -24.44777 0 0
vt -14.83801 4.197672 0
vt -14.83801 0 0
vt -19.98787 4.197672 0
vt -19.98787 0 0
vt -10.08017 4.197672 0
vt -10.08017 0 0
vt -15.23002 4.197672 0
vt -15.23002 0 0
vt -5.105795 4.197672 0
vt -5.105795 0 0
vt -10.25565 4.197672 0
vt -10.25565 0 0
vt 0 4.197672 0
vt 0 0 0
vt -5.149853 4.197672 0
vt -5.149853 0 0
vt 0 0 0
vt -39.37008 0 0
vt -0.3368165 5.138826 0
vt -1.341503 10.18973 0
vt -2.996869 15.06628 0
vt -5.27459 19.68504 0
vt -8.135695 23.96699 0
vt -11.53123 27.83885 0
vt -15.40309 31.23438 0
vt -19.68504 34.09549 0
vt -24.3038 36.37321 0
vt -29.18035 38.02858 0
vt -34.23125 39.03326 0
vt -39.37008 39.37008 0
vt 39.37125 0.0005878371 0
vt 0.0005878371 0.0005878371 0
vt 39.37125 9.842643 0
vt -39.37008 9.842643 0
vt 0.0005878371 0.0005878371 0
vt -39.37008 0.0005878371 0
vt 36.15498 0.0005878371 0
vt 36.15498 40.58194 0
vt 39.37125 0.0005878371 0
vt 39.37125 40.58194 0
vt 0.0005878371 0.0005878371 0
vt 0.0005878371 40.58194 0
vt 3.21442 0.0005878371 0
vt 3.21442 40.58194 0
vt 0.0005878371 0.0005878371 0
vt -39.37008 0.0005878371 0
vt 0.0005878371 9.842643 0
vt -39.37008 9.842643 0
vt -3.21569 9.842643 0
vt 0.0005878371 9.842643 0
vt -39.37008 9.842643 0
vt -36.15625 9.842643 0
vt -6.096888 10.6302 0
vt -3.21569 10.6302 0
vt -6.096888 10.23642 0
vt -3.21569 9.842643 0
vt -36.15625 9.842643 0
vt -33.2726 10.23642 0
vt -36.15625 10.6302 0
vt -33.2726 10.6302 0
vt 36.15482 0.001201516 0
vt 36.15482 39.37008 0
vt 39.37008 0.001201516 0
vt 39.37008 39.37008 0
vt 0.001201516 0.001201516 0
vt 0.001201516 39.37008 0
vt 3.214056 0.001201516 0
vt 3.214056 39.37008 0
vt 0.001201516 15.48634 0
vt -39.37008 15.48634 0
vt 0.001201516 19.68444 0
vt -39.37008 19.68444 0
vt -3.214056 19.68444 0
vt 0.001201516 19.68444 0
vt -39.37008 19.68444 0
vt -36.15482 19.68444 0
vt -6.097694 20.47263 0
vt -3.214056 20.47263 0
vt -6.097694 20.07854 0
vt -3.214056 19.68444 0
vt -36.15482 19.68444 0
vt -33.27359 20.07854 0
vt -36.15482 20.47263 0
vt -33.27359 20.47263 0
vt 0.001201516 19.68444 0
vt 0.001201516 15.48634 0
vt -39.37008 19.68444 0
vt -39.37008 15.48634 0
vt 39.37008 15.48634 0
vt 37.402 15.48634 0
vt 39.37008 19.68444 0
vt 1.969285 15.48634 0
vt 0.001201516 15.48634 0
vt 0.001201516 19.68444 0
vt 36.15482 19.68444 0
vt 39.37008 19.68444 0
vt 0.001201516 19.68444 0
vt 3.214056 19.68444 0
vt 33.27359 20.47263 0
vt 36.15482 20.47263 0
vt 33.27359 20.07854 0
vt 36.15482 19.68444 0
vt 3.214056 19.68444 0
vt 6.097694 20.07854 0
vt 3.214056 20.47263 0
vt 6.097694 20.47263 0
vt 0.001201516 15.48634 0
vt 0.001201516 19.68444 0
vt 39.37008 15.48634 0
vt 39.37008 19.68444 0
vt 0.001201516 39.37008 0
vt 0.001201516 0.001201516 0
vt -39.37008 39.37008 0
vt -1.969285 0.001201516 0
vt -37.402 0.001201516 0
vt -39.37008 0.001201516 0
vt 36.15541 0 0
vt 36.18291 0.4195987 0
vt 39.37008 0 0
vt 36.26495 0.8320179 0
vt 36.40011 1.230201 0
vt 36.58609 1.607335 0
vt 36.81971 1.956967 0
vt 37.09696 2.273115 0
vt 37.41311 2.55037 0
vt 37.76274 2.783986 0
vt 38.13988 2.969968 0
vt 38.53806 3.105133 0
vt 38.95048 3.187169 0
vt 39.37008 3.214671 0
vt 0 0 0
vt 0.3368165 5.138826 0
vt 3.21467 0 0
vt 1.341503 10.18973 0
vt 2.996869 15.06628 0
vt 3.523985 4.719228 0
vt 5.27459 19.68504 0
vt 4.446636 9.357708 0
vt 5.966837 13.83608 0
vt 8.135695 23.96699 0
vt 8.058577 18.0777 0
vt 10.68606 22.01002 0
vt 11.53123 27.83885 0
vt 13.80434 25.56573 0
vt 15.40309 31.23438 0
vt 17.36006 28.68401 0
vt 19.68504 34.09549 0
vt 21.29238 31.3115 0
vt 24.3038 36.37321 0
vt 25.534 33.40324 0
vt 29.18035 38.02858 0
vt 30.01237 34.92344 0
vt 34.23125 39.03326 0
vt 34.65085 35.8461 0
vt 39.37008 39.37008 0
vt 39.37008 36.15541 0
vt 33.27304 4.985074 0
vt 36.15541 4.985074 0
vt 33.27304 4.591372 0
vt 36.15541 4.197672 0
vt 6.097044 4.591372 0
vt 3.21467 4.197672 0
vt 39.37008 4.197672 0
vt 3.21467 4.985074 0
vt 6.097044 4.985074 0
vt 0 0 0
vt 0 4.197672 0
vt 39.37008 0 0
vt 1.75102E-07 -2.649361E-06 0
vt 1.75102E-07 4.197669 0
vt 39.37008 -2.649361E-06 0
vt 3.214671 4.197669 0
vt 3.214671 4.985071 0
vt 6.097044 4.59137 0
vt 6.097044 4.985071 0
vt 33.27304 4.59137 0
vt 33.27304 4.985071 0
vt 36.15541 4.197669 0
vt 39.37008 4.197669 0
vt 36.15541 4.985071 0
vt -36.71086 0 0
vt -41.86071 0 0
vt -36.71086 4.197672 0
vt -41.86071 4.197672 0
vt -36.03867 0 0
vt -41.18852 0 0
vt -36.03867 4.197672 0
vt -41.18852 4.197672 0
vt -34.70579 0 0
vt -39.85564 0 0
vt -34.70579 4.197672 0
vt -39.85564 4.197672 0
vt -32.73502 0 0
vt -37.88488 0 0
vt -32.73502 4.197672 0
vt -37.88488 4.197672 0
vt -30.1601 0 0
vt -35.30995 0 0
vt -30.1601 4.197672 0
vt -35.30995 4.197672 0
vt -27.02507 0 0
vt -32.17492 0 0
vt -27.02507 4.197672 0
vt -32.17492 4.197672 0
vt -23.38357 4.197672 0
vt -23.38357 0 0
vt -28.53342 4.197672 0
vt -28.53342 0 0
vt -19.29792 4.197672 0
vt -19.29792 0 0
vt -24.44777 4.197672 0
vt -24.44777 0 0
vt -14.83801 4.197672 0
vt -14.83801 0 0
vt -19.98787 4.197672 0
vt -19.98787 0 0
vt -10.08017 4.197672 0
vt -10.08017 0 0
vt -15.23002 4.197672 0
vt -15.23002 0 0
vt -5.105795 4.197672 0
vt -5.105795 0 0
vt -10.25565 4.197672 0
vt -10.25565 0 0
vt 0 4.197672 0
vt 0 0 0
vt -5.149853 4.197672 0
vt -5.149853 0 0
vt 0 0 0
vt -39.37008 0 0
vt -0.3368165 5.138826 0
vt -1.341503 10.18973 0
vt -2.996869 15.06628 0
vt -5.27459 19.68504 0
vt -8.135695 23.96699 0
vt -11.53123 27.83885 0
vt -15.40309 31.23438 0
vt -19.68504 34.09549 0
vt -24.3038 36.37321 0
vt -29.18035 38.02858 0
vt -34.23125 39.03326 0
vt -39.37008 39.37008 0
vt 36.15482 0.001201516 0
vt 36.15482 39.37008 0
vt 39.37008 0.001201516 0
vt 39.37008 39.37008 0
vt 0.001201516 0.001201516 0
vt 0.001201516 39.37008 0
vt 3.214056 0.001201516 0
vt 3.214056 39.37008 0
vt 0.001201516 15.48634 0
vt -39.37008 15.48634 0
vt 0.001201516 19.68444 0
vt -39.37008 19.68444 0
vt -3.214056 19.68444 0
vt 0.001201516 19.68444 0
vt -39.37008 19.68444 0
vt -36.15482 19.68444 0
vt -6.097694 20.47263 0
vt -3.214056 20.47263 0
vt -6.097694 20.07854 0
vt -3.214056 19.68444 0
vt -36.15482 19.68444 0
vt -33.27359 20.07854 0
vt -36.15482 20.47263 0
vt -33.27359 20.47263 0
vt 0.001201516 19.68444 0
vt 0.001201516 15.48634 0
vt -39.37008 19.68444 0
vt -39.37008 15.48634 0
vt 39.37008 15.48634 0
vt 37.402 15.48634 0
vt 39.37008 19.68444 0
vt 1.969285 15.48634 0
vt 0.001201516 15.48634 0
vt 0.001201516 19.68444 0
vt 36.15482 19.68444 0
vt 39.37008 19.68444 0
vt 0.001201516 19.68444 0
vt 3.214056 19.68444 0
vt 33.27359 20.47263 0
vt 36.15482 20.47263 0
vt 33.27359 20.07854 0
vt 36.15482 19.68444 0
vt 3.214056 19.68444 0
vt 6.097694 20.07854 0
vt 3.214056 20.47263 0
vt 6.097694 20.47263 0
vt 0.001201516 15.48634 0
vt 0.001201516 19.68444 0
vt 39.37008 15.48634 0
vt 39.37008 19.68444 0
vt 0.001201516 39.37008 0
vt 0.001201516 0.001201516 0
vt -39.37008 39.37008 0
vt -1.969285 0.001201516 0
vt -37.402 0.001201516 0
vt -39.37008 0.001201516 0
vt 36.15541 0 0
vt 36.18291 0.4195987 0
vt 39.37008 0 0
vt 36.26495 0.8320179 0
vt 36.40011 1.230201 0
vt 36.58609 1.607335 0
vt 36.81971 1.956967 0
vt 37.09696 2.273115 0
vt 37.41311 2.55037 0
vt 37.76274 2.783986 0
vt 38.13988 2.969968 0
vt 38.53806 3.105133 0
vt 38.95048 3.187169 0
vt 39.37008 3.214671 0
vt 0 0 0
vt 0.3368165 5.138826 0
vt 3.21467 0 0
vt 1.341503 10.18973 0
vt 2.996869 15.06628 0
vt 3.523985 4.719228 0
vt 5.27459 19.68504 0
vt 4.446636 9.357708 0
vt 5.966837 13.83608 0
vt 8.135695 23.96699 0
vt 8.058577 18.0777 0
vt 10.68606 22.01002 0
vt 11.53123 27.83885 0
vt 13.80434 25.56573 0
vt 15.40309 31.23438 0
vt 17.36006 28.68401 0
vt 19.68504 34.09549 0
vt 21.29238 31.3115 0
vt 24.3038 36.37321 0
vt 25.534 33.40324 0
vt 29.18035 38.02858 0
vt 30.01237 34.92344 0
vt 34.23125 39.03326 0
vt 34.65085 35.8461 0
vt 39.37008 39.37008 0
vt 39.37008 36.15541 0
vt 33.27304 4.985074 0
vt 36.15541 4.985074 0
vt 33.27304 4.591372 0
vt 36.15541 4.197672 0
vt 6.097044 4.591372 0
vt 3.21467 4.197672 0
vt 39.37008 4.197672 0
vt 3.21467 4.985074 0
vt 6.097044 4.985074 0
vt 0 0 0
vt 0 4.197672 0
vt 39.37008 0 0
vt 1.75102E-07 -2.649361E-06 0
vt 1.75102E-07 4.197669 0
vt 39.37008 -2.649361E-06 0
vt 3.214671 4.197669 0
vt 3.214671 4.985071 0
vt 6.097044 4.59137 0
vt 6.097044 4.985071 0
vt 33.27304 4.59137 0
vt 33.27304 4.985071 0
vt 36.15541 4.197669 0
vt 39.37008 4.197669 0
vt 36.15541 4.985071 0
vt -36.71086 0 0
vt -41.86071 0 0
vt -36.71086 4.197672 0
vt -41.86071 4.197672 0
vt -36.03867 0 0
vt -41.18852 0 0
vt -36.03867 4.197672 0
vt -41.18852 4.197672 0
vt -34.70579 0 0
vt -39.85564 0 0
vt -34.70579 4.197672 0
vt -39.85564 4.197672 0
vt -32.73502 0 0
vt -37.88488 0 0
vt -32.73502 4.197672 0
vt -37.88488 4.197672 0
vt -30.1601 0 0
vt -35.30995 0 0
vt -30.1601 4.197672 0
vt -35.30995 4.197672 0
vt -27.02507 0 0
vt -32.17492 0 0
vt -27.02507 4.197672 0
vt -32.17492 4.197672 0
vt -23.38357 4.197672 0
vt -23.38357 0 0
vt -28.53342 4.197672 0
vt -28.53342 0 0
vt -19.29792 4.197672 0
vt -19.29792 0 0
vt -24.44777 4.197672 0
vt -24.44777 0 0
vt -14.83801 4.197672 0
vt -14.83801 0 0
vt -19.98787 4.197672 0
vt -19.98787 0 0
vt -10.08017 4.197672 0
vt -10.08017 0 0
vt -15.23002 4.197672 0
vt -15.23002 0 0
vt -5.105795 4.197672 0
vt -5.105795 0 0
vt -10.25565 4.197672 0
vt -10.25565 0 0
vt 0 4.197672 0
vt 0 0 0
vt -5.149853 4.197672 0
vt -5.149853 0 0
vt 0 0 0
vt -39.37008 0 0
vt -0.3368165 5.138826 0
vt -1.341503 10.18973 0
vt -2.996869 15.06628 0
vt -5.27459 19.68504 0
vt -8.135695 23.96699 0
vt -11.53123 27.83885 0
vt -15.40309 31.23438 0
vt -19.68504 34.09549 0
vt -24.3038 36.37321 0
vt -29.18035 38.02858 0
vt -34.23125 39.03326 0
vt -39.37008 39.37008 0
vt 39.37125 0.0005878371 0
vt 0.0005878371 0.0005878371 0
vt 39.37125 9.842643 0
vt -39.37008 9.842643 0
vt 0.0005878371 0.0005878371 0
vt -39.37008 0.0005878371 0
vt 36.15498 0.0005878371 0
vt 36.15498 40.58194 0
vt 39.37125 0.0005878371 0
vt 39.37125 40.58194 0
vt 0.0005878371 0.0005878371 0
vt 0.0005878371 40.58194 0
vt 3.21442 0.0005878371 0
vt 3.21442 40.58194 0
vt 0.0005878371 0.0005878371 0
vt -39.37008 0.0005878371 0
vt 0.0005878371 9.842643 0
vt -39.37008 9.842643 0
vt -3.21569 9.842643 0
vt 0.0005878371 9.842643 0
vt -39.37008 9.842643 0
vt -36.15625 9.842643 0
vt -6.096888 10.6302 0
vt -3.21569 10.6302 0
vt -6.096888 10.23642 0
vt -3.21569 9.842643 0
vt -36.15625 9.842643 0
vt -33.2726 10.23642 0
vt -36.15625 10.6302 0
vt -33.2726 10.6302 0
vt 36.15541 0 0
vt 36.18291 0.4195987 0
vt 39.37008 0 0
vt 36.26495 0.8320179 0
vt 36.40011 1.230201 0
vt 36.58609 1.607335 0
vt 36.81971 1.956967 0
vt 37.09696 2.273115 0
vt 37.41311 2.55037 0
vt 37.76274 2.783986 0
vt 38.13988 2.969968 0
vt 38.53806 3.105133 0
vt 38.95048 3.187169 0
vt 39.37008 3.214671 0
vt 0 0 0
vt 0.3368165 5.138826 0
vt 3.21467 0 0
vt 1.341503 10.18973 0
vt 2.996869 15.06628 0
vt 3.523985 4.719228 0
vt 5.27459 19.68504 0
vt 4.446636 9.357708 0
vt 5.966837 13.83608 0
vt 8.135695 23.96699 0
vt 8.058577 18.0777 0
vt 10.68606 22.01002 0
vt 11.53123 27.83885 0
vt 13.80434 25.56573 0
vt 15.40309 31.23438 0
vt 17.36006 28.68401 0
vt 19.68504 34.09549 0
vt 21.29238 31.3115 0
vt 24.3038 36.37321 0
vt 25.534 33.40324 0
vt 29.18035 38.02858 0
vt 30.01237 34.92344 0
vt 34.23125 39.03326 0
vt 34.65085 35.8461 0
vt 39.37008 39.37008 0
vt 39.37008 36.15541 0
vt 33.27304 4.985074 0
vt 36.15541 4.985074 0
vt 33.27304 4.591372 0
vt 36.15541 4.197672 0
vt 6.097044 4.591372 0
vt 3.21467 4.197672 0
vt 39.37008 4.197672 0
vt 3.21467 4.985074 0
vt 6.097044 4.985074 0
vt 0 0 0
vt 0 4.197672 0
vt 39.37008 0 0
vt 1.75102E-07 -2.649361E-06 0
vt 1.75102E-07 4.197669 0
vt 39.37008 -2.649361E-06 0
vt 3.214671 4.197669 0
vt 3.214671 4.985071 0
vt 6.097044 4.59137 0
vt 6.097044 4.985071 0
vt 33.27304 4.59137 0
vt 33.27304 4.985071 0
vt 36.15541 4.197669 0
vt 39.37008 4.197669 0
vt 36.15541 4.985071 0
vt -36.71086 0 0
vt -41.86071 0 0
vt -36.71086 4.197672 0
vt -41.86071 4.197672 0
vt -36.03867 0 0
vt -41.18852 0 0
vt -36.03867 4.197672 0
vt -41.18852 4.197672 0
vt -34.70579 0 0
vt -39.85564 0 0
vt -34.70579 4.197672 0
vt -39.85564 4.197672 0
vt -32.73502 0 0
vt -37.88488 0 0
vt -32.73502 4.197672 0
vt -37.88488 4.197672 0
vt -30.1601 0 0
vt -35.30995 0 0
vt -30.1601 4.197672 0
vt -35.30995 4.197672 0
vt -27.02507 0 0
vt -32.17492 0 0
vt -27.02507 4.197672 0
vt -32.17492 4.197672 0
vt -23.38357 4.197672 0
vt -23.38357 0 0
vt -28.53342 4.197672 0
vt -28.53342 0 0
vt -19.29792 4.197672 0
vt -19.29792 0 0
vt -24.44777 4.197672 0
vt -24.44777 0 0
vt -14.83801 4.197672 0
vt -14.83801 0 0
vt -19.98787 4.197672 0
vt -19.98787 0 0
vt -10.08017 4.197672 0
vt -10.08017 0 0
vt -15.23002 4.197672 0
vt -15.23002 0 0
vt -5.105795 4.197672 0
vt -5.105795 0 0
vt -10.25565 4.197672 0
vt -10.25565 0 0
vt 0 4.197672 0
vt 0 0 0
vt -5.149853 4.197672 0
vt -5.149853 0 0
vt 0 0 0
vt -39.37008 0 0
vt -0.3368165 5.138826 0
vt -1.341503 10.18973 0
vt -2.996869 15.06628 0
vt -5.27459 19.68504 0
vt -8.135695 23.96699 0
vt -11.53123 27.83885 0
vt -15.40309 31.23438 0
vt -19.68504 34.09549 0
vt -24.3038 36.37321 0
vt -29.18035 38.02858 0
vt -34.23125 39.03326 0
vt -39.37008 39.37008 0
vt 36.15482 0.001201516 0
vt 36.15482 39.37008 0
vt 39.37008 0.001201516 0
vt 39.37008 39.37008 0
vt 0.001201516 0.001201516 0
vt 0.001201516 39.37008 0
vt 3.214056 0.001201516 0
vt 3.214056 39.37008 0
vt 0.001201516 15.48634 0
vt -39.37008 15.48634 0
vt 0.001201516 19.68444 0
vt -39.37008 19.68444 0
vt -3.214056 19.68444 0
vt 0.001201516 19.68444 0
vt -39.37008 19.68444 0
vt -36.15482 19.68444 0
vt -6.097694 20.47263 0
vt -3.214056 20.47263 0
vt -6.097694 20.07854 0
vt -3.214056 19.68444 0
vt -36.15482 19.68444 0
vt -33.27359 20.07854 0
vt -36.15482 20.47263 0
vt -33.27359 20.47263 0
vt 0.001201516 19.68444 0
vt 0.001201516 15.48634 0
vt -39.37008 19.68444 0
vt -39.37008 15.48634 0
vt 39.37008 15.48634 0
vt 37.402 15.48634 0
vt 39.37008 19.68444 0
vt 1.969285 15.48634 0
vt 0.001201516 15.48634 0
vt 0.001201516 19.68444 0
vt 36.15482 19.68444 0
vt 39.37008 19.68444 0
vt 0.001201516 19.68444 0
vt 3.214056 19.68444 0
vt 33.27359 20.47263 0
vt 36.15482 20.47263 0
vt 33.27359 20.07854 0
vt 36.15482 19.68444 0
vt 3.214056 19.68444 0
vt 6.097694 20.07854 0
vt 3.214056 20.47263 0
vt 6.097694 20.47263 0
vt 0.001201516 15.48634 0
vt 0.001201516 19.68444 0
vt 39.37008 15.48634 0
vt 39.37008 19.68444 0
vt 0.001201516 39.37008 0
vt 0.001201516 0.001201516 0
vt -39.37008 39.37008 0
vt -1.969285 0.001201516 0
vt -37.402 0.001201516 0
vt -39.37008 0.001201516 0
vt 36.15482 0.001201516 0
vt 36.15482 39.37008 0
vt 39.37008 0.001201516 0
vt 39.37008 39.37008 0
vt 0.001201516 0.001201516 0
vt 0.001201516 39.37008 0
vt 3.214056 0.001201516 0
vt 3.214056 39.37008 0
vt 0.001201516 15.48634 0
vt -39.37008 15.48634 0
vt 0.001201516 19.68444 0
vt -39.37008 19.68444 0
vt -3.214056 19.68444 0
vt 0.001201516 19.68444 0
vt -39.37008 19.68444 0
vt -36.15482 19.68444 0
vt -6.097694 20.47263 0
vt -3.214056 20.47263 0
vt -6.097694 20.07854 0
vt -3.214056 19.68444 0
vt -36.15482 19.68444 0
vt -33.27359 20.07854 0
vt -36.15482 20.47263 0
vt -33.27359 20.47263 0
vt 0.001201516 19.68444 0
vt 0.001201516 15.48634 0
vt -39.37008 19.68444 0
vt -39.37008 15.48634 0
vt 39.37008 15.48634 0
vt 37.402 15.48634 0
vt 39.37008 19.68444 0
vt 1.969285 15.48634 0
vt 0.001201516 15.48634 0
vt 0.001201516 19.68444 0
vt 36.15482 19.68444 0
vt 39.37008 19.68444 0
vt 0.001201516 19.68444 0
vt 3.214056 19.68444 0
vt 33.27359 20.47263 0
vt 36.15482 20.47263 0
vt 33.27359 20.07854 0
vt 36.15482 19.68444 0
vt 3.214056 19.68444 0
vt 6.097694 20.07854 0
vt 3.214056 20.47263 0
vt 6.097694 20.47263 0
vt 0.001201516 15.48634 0
vt 0.001201516 19.68444 0
vt 39.37008 15.48634 0
vt 39.37008 19.68444 0
vt 0.001201516 39.37008 0
vt 0.001201516 0.001201516 0
vt -39.37008 39.37008 0
vt -1.969285 0.001201516 0
vt -37.402 0.001201516 0
vt -39.37008 0.001201516 0
vt 36.15541 0 0
vt 36.18291 0.4195987 0
vt 39.37008 0 0
vt 36.26495 0.8320179 0
vt 36.40011 1.230201 0
vt 36.58609 1.607335 0
vt 36.81971 1.956967 0
vt 37.09696 2.273115 0
vt 37.41311 2.55037 0
vt 37.76274 2.783986 0
vt 38.13988 2.969968 0
vt 38.53806 3.105133 0
vt 38.95048 3.187169 0
vt 39.37008 3.214671 0
vt 0 0 0
vt 0.3368165 5.138826 0
vt 3.21467 0 0
vt 1.341503 10.18973 0
vt 2.996869 15.06628 0
vt 3.523985 4.719228 0
vt 5.27459 19.68504 0
vt 4.446636 9.357708 0
vt 5.966837 13.83608 0
vt 8.135695 23.96699 0
vt 8.058577 18.0777 0
vt 10.68606 22.01002 0
vt 11.53123 27.83885 0
vt 13.80434 25.56573 0
vt 15.40309 31.23438 0
vt 17.36006 28.68401 0
vt 19.68504 34.09549 0
vt 21.29238 31.3115 0
vt 24.3038 36.37321 0
vt 25.534 33.40324 0
vt 29.18035 38.02858 0
vt 30.01237 34.92344 0
vt 34.23125 39.03326 0
vt 34.65085 35.8461 0
vt 39.37008 39.37008 0
vt 39.37008 36.15541 0
vt 33.27304 4.985074 0
vt 36.15541 4.985074 0
vt 33.27304 4.591372 0
vt 36.15541 4.197672 0
vt 6.097044 4.591372 0
vt 3.21467 4.197672 0
vt 39.37008 4.197672 0
vt 3.21467 4.985074 0
vt 6.097044 4.985074 0
vt 0 0 0
vt 0 4.197672 0
vt 39.37008 0 0
vt 1.75102E-07 -2.649361E-06 0
vt 1.75102E-07 4.197669 0
vt 39.37008 -2.649361E-06 0
vt 3.214671 4.197669 0
vt 3.214671 4.985071 0
vt 6.097044 4.59137 0
vt 6.097044 4.985071 0
vt 33.27304 4.59137 0
vt 33.27304 4.985071 0
vt 36.15541 4.197669 0
vt 39.37008 4.197669 0
vt 36.15541 4.985071 0
vt -36.71086 0 0
vt -41.86071 0 0
vt -36.71086 4.197672 0
vt -41.86071 4.197672 0
vt -36.03867 0 0
vt -41.18852 0 0
vt -36.03867 4.197672 0
vt -41.18852 4.197672 0
vt -34.70579 0 0
vt -39.85564 0 0
vt -34.70579 4.197672 0
vt -39.85564 4.197672 0
vt -32.73502 0 0
vt -37.88488 0 0
vt -32.73502 4.197672 0
vt -37.88488 4.197672 0
vt -30.1601 0 0
vt -35.30995 0 0
vt -30.1601 4.197672 0
vt -35.30995 4.197672 0
vt -27.02507 0 0
vt -32.17492 0 0
vt -27.02507 4.197672 0
vt -32.17492 4.197672 0
vt -23.38357 4.197672 0
vt -23.38357 0 0
vt -28.53342 4.197672 0
vt -28.53342 0 0
vt -19.29792 4.197672 0
vt -19.29792 0 0
vt -24.44777 4.197672 0
vt -24.44777 0 0
vt -14.83801 4.197672 0
vt -14.83801 0 0
vt -19.98787 4.197672 0
vt -19.98787 0 0
vt -10.08017 4.197672 0
vt -10.08017 0 0
vt -15.23002 4.197672 0
vt -15.23002 0 0
vt -5.105795 4.197672 0
vt -5.105795 0 0
vt -10.25565 4.197672 0
vt -10.25565 0 0
vt 0 4.197672 0
vt 0 0 0
vt -5.149853 4.197672 0
vt -5.149853 0 0
vt 0 0 0
vt -39.37008 0 0
vt -0.3368165 5.138826 0
vt -1.341503 10.18973 0
vt -2.996869 15.06628 0
vt -5.27459 19.68504 0
vt -8.135695 23.96699 0
vt -11.53123 27.83885 0
vt -15.40309 31.23438 0
vt -19.68504 34.09549 0
vt -24.3038 36.37321 0
vt -29.18035 38.02858 0
vt -34.23125 39.03326 0
vt -39.37008 39.37008 0
vt 36.15482 0.001201516 0
vt 36.15482 39.37008 0
vt 39.37008 0.001201516 0
vt 39.37008 39.37008 0
vt 0.001201516 0.001201516 0
vt 0.001201516 39.37008 0
vt 3.214056 0.001201516 0
vt 3.214056 39.37008 0
vt 0.001201516 15.48634 0
vt -39.37008 15.48634 0
vt 0.001201516 19.68444 0
vt -39.37008 19.68444 0
vt -3.214056 19.68444 0
vt 0.001201516 19.68444 0
vt -39.37008 19.68444 0
vt -36.15482 19.68444 0
vt -6.097694 20.47263 0
vt -3.214056 20.47263 0
vt -6.097694 20.07854 0
vt -3.214056 19.68444 0
vt -36.15482 19.68444 0
vt -33.27359 20.07854 0
vt -36.15482 20.47263 0
vt -33.27359 20.47263 0
vt 0.001201516 19.68444 0
vt 0.001201516 15.48634 0
vt -39.37008 19.68444 0
vt -39.37008 15.48634 0
vt 39.37008 15.48634 0
vt 37.402 15.48634 0
vt 39.37008 19.68444 0
vt 1.969285 15.48634 0
vt 0.001201516 15.48634 0
vt 0.001201516 19.68444 0
vt 36.15482 19.68444 0
vt 39.37008 19.68444 0
vt 0.001201516 19.68444 0
vt 3.214056 19.68444 0
vt 33.27359 20.47263 0
vt 36.15482 20.47263 0
vt 33.27359 20.07854 0
vt 36.15482 19.68444 0
vt 3.214056 19.68444 0
vt 6.097694 20.07854 0
vt 3.214056 20.47263 0
vt 6.097694 20.47263 0
vt 0.001201516 15.48634 0
vt 0.001201516 19.68444 0
vt 39.37008 15.48634 0
vt 39.37008 19.68444 0
vt 0.001201516 39.37008 0
vt 0.001201516 0.001201516 0
vt -39.37008 39.37008 0
vt -1.969285 0.001201516 0
vt -37.402 0.001201516 0
vt -39.37008 0.001201516 0
vn 0.01587102 0.999874 5.683625E-14
vn 0.01587102 0.999874 5.683625E-14
vn 0.01587102 0.999874 5.683625E-14
vn 0.01587102 0.999874 5.683625E-14
vn 0.01587102 0.999874 5.683625E-14
vn 0.01587102 0.999874 5.683625E-14
vn 0.01587102 0.999874 5.683625E-14
vn 0.01587102 0.999874 5.683625E-14
vn 0.01587302 0.01587302 0.999748
vn 0.01587302 0.01587302 0.999748
vn 0.01587302 0.01587302 0.999748
vn 0.01587302 0.01587302 0.999748
vn 0.01587102 0.999874 5.683625E-14
vn 0.01587102 0.999874 5.683625E-14
vn 0.01587102 0.999874 5.683625E-14
vn 0.01587102 0.999874 5.683625E-14
vn 0.01587302 0.01587302 0.999748
vn 0.01587302 0.01587302 0.999748
vn 0.01587302 0.01587302 0.999748
vn 0.01587302 0.01587302 0.999748
vn 0.01587302 0.01587302 0.999748
vn 0.01587302 0.01587302 0.999748
vn 0.01587302 0.01587302 0.999748
vn 0.01587302 0.01587302 0.999748
vn -0.999874 0.01587102 9.021695E-16
vn -0.999874 0.01587102 9.021695E-16
vn -0.999874 0.01587102 9.021695E-16
vn -0.999874 0.01587102 9.021695E-16
vn 0.01587302 0.01587302 -0.999748
vn 0.01587302 0.01587302 -0.999748
vn 0.01587302 0.01587302 -0.999748
vn 0.01587302 0.01587302 -0.999748
vn 0.01587302 0.01587302 -0.999748
vn 0.01587302 0.01587302 -0.999748
vn 0.01587102 0.999874 5.683625E-14
vn 0.01587102 0.999874 5.683625E-14
vn 0.01587102 0.999874 5.683625E-14
vn 0.01587102 0.999874 5.683625E-14
vn 0.01587302 0.01587302 -0.999748
vn 0.01587302 0.01587302 -0.999748
vn 0.01587302 0.01587302 -0.999748
vn 0.01587302 0.01587302 -0.999748
vn 0.01587302 0.01587302 -0.999748
vn 0.01587302 0.01587302 -0.999748
vn 0.01587302 0.01587302 -0.999748
vn 0.01587302 0.01587302 -0.999748
vn 0.999874 0.01587102 9.021559E-16
vn 0.999874 0.01587102 9.021559E-16
vn 0.999874 0.01587102 9.021559E-16
vn 0.999874 0.01587102 9.021559E-16
vn 0.01587102 -0.999874 -5.683625E-14
vn 0.01587102 -0.999874 -5.683625E-14
vn 0.01587102 -0.999874 -5.683625E-14
vn 0.01587102 -0.999874 -5.683625E-14
vn 0.01587102 -0.999874 -5.683625E-14
vn 0.01587102 -0.999874 -5.683625E-14
vn 0.999874 0.01587102 0
vn 0.999874 0.01587102 0
vn 0.999874 0.01587102 0
vn -0.999874 0.01587102 0
vn -0.999874 0.01587102 0
vn -0.999874 0.01587102 0
vn 0.01587302 0.968254 -0.249464
vn 0.01587302 0.968254 -0.249464
vn 0.01587302 0.968254 -0.249464
vn 0.01587302 0.968254 -0.249464
vn 0.01587302 0.968254 -0.249464
vn 0.01587302 0.968254 -0.249464
vn 0.01587302 0.968254 -0.249464
vn 0.01587302 0.968254 -0.249464
vn 0.01587302 0.01587302 0.999748
vn 0.01587302 0.01587302 0.999748
vn 0.01587302 0.01587302 0.999748
vn 0.01587302 0.01587302 0.999748
vn 0.01587102 0.999874 0
vn 0.01587102 0.999874 0
vn 0.01587102 0.999874 0
vn 0.01587102 0.999874 0
vn 0.01587302 0.01587302 0.999748
vn 0.01587302 0.01587302 0.999748
vn 0.01587302 0.01587302 0.999748
vn 0.01587302 0.01587302 0.999748
vn 0.01587302 0.01587302 0.999748
vn 0.01587302 0.01587302 0.999748
vn 0.01587302 0.01587302 0.999748
vn 0.01587302 0.01587302 0.999748
vn 0.01587102 0.999874 5.683625E-14
vn 0.01587102 0.999874 5.683625E-14
vn 0.01587102 0.999874 5.683625E-14
vn 0.01587102 0.999874 5.683625E-14
vn 0.01587102 0.999874 5.683625E-14
vn 0.01587102 0.999874 5.683625E-14
vn 0.01587102 0.999874 5.683625E-14
vn 0.01587102 0.999874 5.683625E-14
vn 0.01587302 0.01587302 0.999748
vn 0.01587302 0.01587302 0.999748
vn 0.01587302 0.01587302 0.999748
vn 0.01587302 0.01587302 0.999748
vn 0.01587102 0.999874 5.683625E-14
vn 0.01587102 0.999874 5.683625E-14
vn 0.01587102 0.999874 5.683625E-14
vn 0.01587102 0.999874 5.683625E-14
vn 0.01587302 0.01587302 0.999748
vn 0.01587302 0.01587302 0.999748
vn 0.01587302 0.01587302 0.999748
vn 0.01587302 0.01587302 0.999748
vn 0.01587302 0.01587302 0.999748
vn 0.01587302 0.01587302 0.999748
vn 0.01587302 0.01587302 0.999748
vn 0.01587302 0.01587302 0.999748
vn -0.999874 0.01587102 9.021695E-16
vn -0.999874 0.01587102 9.021695E-16
vn -0.999874 0.01587102 9.021695E-16
vn -0.999874 0.01587102 9.021695E-16
vn 0.01587302 0.01587302 -0.999748
vn 0.01587302 0.01587302 -0.999748
vn 0.01587302 0.01587302 -0.999748
vn 0.01587302 0.01587302 -0.999748
vn 0.01587302 0.01587302 -0.999748
vn 0.01587302 0.01587302 -0.999748
vn 0.01587102 0.999874 5.683625E-14
vn 0.01587102 0.999874 5.683625E-14
vn 0.01587102 0.999874 5.683625E-14
vn 0.01587102 0.999874 5.683625E-14
vn 0.01587302 0.01587302 -0.999748
vn 0.01587302 0.01587302 -0.999748
vn 0.01587302 0.01587302 -0.999748
vn 0.01587302 0.01587302 -0.999748
vn 0.01587302 0.01587302 -0.999748
vn 0.01587302 0.01587302 -0.999748
vn 0.01587302 0.01587302 -0.999748
vn 0.01587302 0.01587302 -0.999748
vn 0.999874 0.01587102 9.021559E-16
vn 0.999874 0.01587102 9.021559E-16
vn 0.999874 0.01587102 9.021559E-16
vn 0.999874 0.01587102 9.021559E-16
vn 0.01587102 -0.999874 -5.683625E-14
vn 0.01587102 -0.999874 -5.683625E-14
vn 0.01587102 -0.999874 -5.683625E-14
vn 0.01587102 -0.999874 -5.683625E-14
vn 0.01587102 -0.999874 -5.683625E-14
vn 0.01587102 -0.999874 -5.683625E-14
vn 0 1 0
vn 0 1 0
vn 0 1 0
vn 0 1 0
vn 0 1 0
vn 0 1 0
vn 0 1 0
vn 0 1 0
vn 0 1 0
vn 0 1 0
vn 0 1 0
vn 0 1 0
vn 0 1 0
vn 0 1 0
vn 0 1 0
vn 0 1 0
vn 0 1 0
vn 0 1 0
vn 0 1 0
vn 0 1 0
vn 0 1 0
vn 0 1 0
vn 0 1 0
vn 0 1 0
vn 0 1 0
vn 0 1 0
vn 0 1 0
vn 0 1 0
vn 0 1 0
vn 0 1 0
vn 0 1 0
vn 0 1 0
vn 0 1 0
vn 0 1 0
vn 0 1 0
vn 0 1 0
vn 0 1 0
vn 0 1 0
vn 0 1 0
vn 0 1 0
vn 0 0 -1
vn 0 0 -1
vn 0 0 -1
vn 0 0 -1
vn 0 0 -1
vn 0 0 -1
vn 0 0 -1
vn 0 0 -1
vn 0 0 -1
vn 0 0 -1
vn 0 0 -1
vn 0 0 -1
vn 1 0 0
vn 1 0 0
vn 1 0 0
vn 1 0 0
vn 1 0 0
vn 1 0 0
vn 1 0 0
vn 1 0 0
vn 1 0 0
vn 1 0 0
vn 1 0 0
vn 1 0 0
vn -0.1305262 0 0.9914449
vn -0.06540318 0 0.9978589
vn -0.1305262 0 0.9914449
vn -0.06540318 0 0.9978589
vn -0.258819 0 0.9659258
vn -0.1305262 0 0.9914449
vn -0.258819 0 0.9659258
vn -0.1305262 0 0.9914449
vn -0.3826834 0 0.9238795
vn -0.258819 0 0.9659258
vn -0.3826834 0 0.9238795
vn -0.258819 0 0.9659258
vn -0.5 0 0.8660254
vn -0.3826834 0 0.9238795
vn -0.5 0 0.8660254
vn -0.3826834 0 0.9238795
vn -0.6087614 0 0.7933533
vn -0.5 0 0.8660254
vn -0.6087614 0 0.7933533
vn -0.5 0 0.8660254
vn -0.7071068 0 0.7071068
vn -0.6087614 0 0.7933533
vn -0.7071068 0 0.7071068
vn -0.6087614 0 0.7933533
vn -0.7933533 0 0.6087614
vn -0.7933533 0 0.6087614
vn -0.7071068 0 0.7071068
vn -0.7071068 0 0.7071068
vn -0.8660254 0 0.5
vn -0.8660254 0 0.5
vn -0.7933533 0 0.6087614
vn -0.7933533 0 0.6087614
vn -0.9238795 0 0.3826834
vn -0.9238795 0 0.3826834
vn -0.8660254 0 0.5
vn -0.8660254 0 0.5
vn -0.9659258 0 0.258819
vn -0.9659258 0 0.258819
vn -0.9238795 0 0.3826834
vn -0.9238795 0 0.3826834
vn -0.9914449 0 0.1305262
vn -0.9914449 0 0.1305262
vn -0.9659258 0 0.258819
vn -0.9659258 0 0.258819
vn -0.9978589 0 0.06540314
vn -0.9978589 0 0.06540314
vn -0.9914449 0 0.1305262
vn -0.9914449 0 0.1305262
vn 0 -1 0
vn 0 -1 0
vn 0 -1 0
vn 0 -1 0
vn 0 -1 0
vn 0 -1 0
vn 0 -1 0
vn 0 -1 0
vn 0 -1 0
vn 0 -1 0
vn 0 -1 0
vn 0 -1 0
vn 0 -1 0
vn 0 -1 0
vn 1.907108E-06 0.01587102 0.999874
vn 1.907108E-06 0.01587102 0.999874
vn 1.907108E-06 0.01587102 0.999874
vn -1.907108E-06 0.01587102 -0.999874
vn -1.907108E-06 0.01587102 -0.999874
vn -1.907108E-06 0.01587102 -0.999874
vn 0.2494641 0.968254 0.01587254
vn 0.2494641 0.968254 0.01587254
vn 0.2494641 0.968254 0.01587254
vn 0.2494641 0.968254 0.01587254
vn 0.2494641 0.968254 0.01587254
vn 0.2494641 0.968254 0.01587254
vn 0.2494641 0.968254 0.01587254
vn 0.2494641 0.968254 0.01587254
vn -0.9997479 0.01587302 0.01587492
vn -0.9997479 0.01587302 0.01587492
vn -0.9997479 0.01587302 0.01587492
vn -0.9997479 0.01587302 0.01587492
vn 3.027156E-08 0.999874 0.01587102
vn 3.027156E-08 0.999874 0.01587102
vn 3.027156E-08 0.999874 0.01587102
vn 3.027156E-08 0.999874 0.01587102
vn -0.9997479 0.01587302 0.01587492
vn -0.9997479 0.01587302 0.01587492
vn -0.9997479 0.01587302 0.01587492
vn -0.9997479 0.01587302 0.01587492
vn -0.9997479 0.01587302 0.01587492
vn -0.9997479 0.01587302 0.01587492
vn -0.9997479 0.01587302 0.01587492
vn -0.9997479 0.01587302 0.01587492
vn 0 1 0
vn 0 1 0
vn 0 1 0
vn 0 1 0
vn 0 1 0
vn 0 1 0
vn 0 1 0
vn 0 1 0
vn 0 1 0
vn 0 1 0
vn 0 1 0
vn 0 1 0
vn 0 1 0
vn 0 1 0
vn 0 1 0
vn 0 1 0
vn 0 1 0
vn 0 1 0
vn 0 1 0
vn 0 1 0
vn 0 1 0
vn 0 1 0
vn 0 1 0
vn 0 1 0
vn 0 1 0
vn 0 1 0
vn 0 1 0
vn 0 1 0
vn 0 1 0
vn 0 1 0
vn 0 1 0
vn 0 1 0
vn 0 1 0
vn 0 1 0
vn 0 1 0
vn 0 1 0
vn 0 1 0
vn 0 1 0
vn 0 1 0
vn 0 1 0
vn -2.086163E-06 0 1
vn -2.086163E-06 0 1
vn -2.086163E-06 0 1
vn -2.086163E-06 0 1
vn -2.086163E-06 0 1
vn -2.086163E-06 0 1
vn -2.086163E-06 0 1
vn -2.086163E-06 0 1
vn -2.086163E-06 0 1
vn -2.086163E-06 0 1
vn -2.086163E-06 0 1
vn -2.086163E-06 0 1
vn -1 0 -2.086163E-06
vn -1 0 -2.086163E-06
vn -1 0 -2.086163E-06
vn -1 0 -2.086163E-06
vn -1 0 -2.086163E-06
vn -1 0 -2.086163E-06
vn -1 0 -2.086163E-06
vn -1 0 -2.086163E-06
vn -1 0 -2.086163E-06
vn -1 0 -2.086163E-06
vn -1 0 -2.086163E-06
vn -1 0 -2.086163E-06
vn 0.1305283 0 -0.9914446
vn 0.06540526 0 -0.9978588
vn 0.1305283 0 -0.9914446
vn 0.06540526 0 -0.9978588
vn 0.258821 0 -0.9659253
vn 0.1305283 0 -0.9914446
vn 0.258821 0 -0.9659253
vn 0.1305283 0 -0.9914446
vn 0.3826853 0 -0.9238787
vn 0.258821 0 -0.9659253
vn 0.3826853 0 -0.9238787
vn 0.258821 0 -0.9659253
vn 0.5000018 0 -0.8660244
vn 0.3826853 0 -0.9238787
vn 0.5000018 0 -0.8660244
vn 0.3826853 0 -0.9238787
vn 0.6087631 0 -0.7933521
vn 0.5000018 0 -0.8660244
vn 0.6087631 0 -0.7933521
vn 0.5000018 0 -0.8660244
vn 0.7071083 0 -0.7071053
vn 0.6087631 0 -0.7933521
vn 0.7071083 0 -0.7071053
vn 0.6087631 0 -0.7933521
vn 0.7933546 0 -0.6087598
vn 0.7933546 0 -0.6087598
vn 0.7071083 0 -0.7071053
vn 0.7071083 0 -0.7071053
vn 0.8660265 0 -0.4999982
vn 0.8660265 0 -0.4999982
vn 0.7933546 0 -0.6087598
vn 0.7933546 0 -0.6087598
vn 0.9238803 0 -0.3826815
vn 0.9238803 0 -0.3826815
vn 0.8660265 0 -0.4999982
vn 0.8660265 0 -0.4999982
vn 0.9659263 0 -0.258817
vn 0.9659263 0 -0.258817
vn 0.9238803 0 -0.3826815
vn 0.9238803 0 -0.3826815
vn 0.9914452 0 -0.1305241
vn 0.9914452 0 -0.1305241
vn 0.9659263 0 -0.258817
vn 0.9659263 0 -0.258817
vn 0.9978591 0 -0.06540106
vn 0.9978591 0 -0.06540106
vn 0.9914452 0 -0.1305241
vn 0.9914452 0 -0.1305241
vn 0 -1 0
vn 0 -1 0
vn 0 -1 0
vn 0 -1 0
vn 0 -1 0
vn 0 -1 0
vn 0 -1 0
vn 0 -1 0
vn 0 -1 0
vn 0 -1 0
vn 0 -1 0
vn 0 -1 0
vn 0 -1 0
vn 0 -1 0
vn 0.999874 0.01587102 -8.343599E-07
vn 0.999874 0.01587102 -8.343599E-07
vn 0.999874 0.01587102 -8.343599E-07
vn -0.999874 0.01587102 8.343599E-07
vn -0.999874 0.01587102 8.343599E-07
vn -0.999874 0.01587102 8.343599E-07
vn 0.01587281 0.968254 -0.2494641
vn 0.01587281 0.968254 -0.2494641
vn 0.01587281 0.968254 -0.2494641
vn 0.01587281 0.968254 -0.2494641
vn 0.01587281 0.968254 -0.2494641
vn 0.01587281 0.968254 -0.2494641
vn 0.01587281 0.968254 -0.2494641
vn 0.01587281 0.968254 -0.2494641
vn 0.01587385 0.01587302 0.999748
vn 0.01587385 0.01587302 0.999748
vn 0.01587385 0.01587302 0.999748
vn 0.01587385 0.01587302 0.999748
vn 0.01587102 0.999874 -1.324381E-08
vn 0.01587102 0.999874 -1.324381E-08
vn 0.01587102 0.999874 -1.324381E-08
vn 0.01587102 0.999874 -1.324381E-08
vn 0.01587385 0.01587302 0.999748
vn 0.01587385 0.01587302 0.999748
vn 0.01587385 0.01587302 0.999748
vn 0.01587385 0.01587302 0.999748
vn 0.01587385 0.01587302 0.999748
vn 0.01587385 0.01587302 0.999748
vn 0.01587385 0.01587302 0.999748
vn 0.01587385 0.01587302 0.999748
vn 0 1 0
vn 0 1 0
vn 0 1 0
vn 0 1 0
vn 0 1 0
vn 0 1 0
vn 0 1 0
vn 0 1 0
vn 0 1 0
vn 0 1 0
vn 0 1 0
vn 0 1 0
vn 0 1 0
vn 0 1 0
vn 0 1 0
vn 0 1 0
vn 0 1 0
vn 0 1 0
vn 0 1 0
vn 0 1 0
vn 0 1 0
vn 0 1 0
vn 0 1 0
vn 0 1 0
vn 0 1 0
vn 0 1 0
vn 0 1 0
vn 0 1 0
vn 0 1 0
vn 0 1 0
vn 0 1 0
vn 0 1 0
vn 0 1 0
vn 0 1 0
vn 0 1 0
vn 0 1 0
vn 0 1 0
vn 0 1 0
vn 0 1 0
vn 0 1 0
vn -8.34465E-07 0 -1
vn -8.34465E-07 0 -1
vn -8.34465E-07 0 -1
vn -8.34465E-07 0 -1
vn -8.34465E-07 0 -1
vn -8.34465E-07 0 -1
vn -8.34465E-07 0 -1
vn -8.34465E-07 0 -1
vn -8.34465E-07 0 -1
vn -8.34465E-07 0 -1
vn -8.34465E-07 0 -1
vn -8.34465E-07 0 -1
vn 1 0 -8.34465E-07
vn 1 0 -8.34465E-07
vn 1 0 -8.34465E-07
vn 1 0 -8.34465E-07
vn 1 0 -8.34465E-07
vn 1 0 -8.34465E-07
vn 1 0 -8.34465E-07
vn 1 0 -8.34465E-07
vn 1 0 -8.34465E-07
vn 1 0 -8.34465E-07
vn 1 0 -8.34465E-07
vn 1 0 -8.34465E-07
vn -0.1305254 0 0.991445
vn -0.06540234 0 0.997859
vn -0.1305254 0 0.991445
vn -0.06540234 0 0.997859
vn -0.2588182 0 0.9659261
vn -0.1305254 0 0.991445
vn -0.2588182 0 0.9659261
vn -0.1305254 0 0.991445
vn -0.3826826 0 0.9238798
vn -0.2588182 0 0.9659261
vn -0.3826826 0 0.9238798
vn -0.2588182 0 0.9659261
vn -0.4999993 0 0.8660259
vn -0.3826826 0 0.9238798
vn -0.4999993 0 0.8660259
vn -0.3826826 0 0.9238798
vn -0.6087608 0 0.7933539
vn -0.4999993 0 0.8660259
vn -0.6087608 0 0.7933539
vn -0.4999993 0 0.8660259
vn -0.7071062 0 0.7071074
vn -0.6087608 0 0.7933539
vn -0.7071062 0 0.7071074
vn -0.6087608 0 0.7933539
vn -0.7933528 0 0.6087621
vn -0.7933528 0 0.6087621
vn -0.7071062 0 0.7071074
vn -0.7071062 0 0.7071074
vn -0.866025 0 0.5000007
vn -0.866025 0 0.5000007
vn -0.7933528 0 0.6087621
vn -0.7933528 0 0.6087621
vn -0.9238792 0 0.3826842
vn -0.9238792 0 0.3826842
vn -0.866025 0 0.5000007
vn -0.866025 0 0.5000007
vn -0.9659256 0 0.2588198
vn -0.9659256 0 0.2588198
vn -0.9238792 0 0.3826842
vn -0.9238792 0 0.3826842
vn -0.9914448 0 0.130527
vn -0.9914448 0 0.130527
vn -0.9659256 0 0.2588198
vn -0.9659256 0 0.2588198
vn -0.9978589 0 0.06540398
vn -0.9978589 0 0.06540398
vn -0.9914448 0 0.130527
vn -0.9914448 0 0.130527
vn 0 -1 0
vn 0 -1 0
vn 0 -1 0
vn 0 -1 0
vn 0 -1 0
vn 0 -1 0
vn 0 -1 0
vn 0 -1 0
vn 0 -1 0
vn 0 -1 0
vn 0 -1 0
vn 0 -1 0
vn 0 -1 0
vn 0 -1 0
vn 0 1 0
vn 0 1 0
vn 0 1 0
vn 0 1 0
vn 0 1 0
vn 0 1 0
vn 0 1 0
vn 0 1 0
vn 0 1 0
vn 0 1 0
vn 0 1 0
vn 0 1 0
vn 0 1 0
vn 0 1 0
vn 0 1 0
vn 0 1 0
vn 0 1 0
vn 0 1 0
vn 0 1 0
vn 0 1 0
vn 0 1 0
vn 0 1 0
vn 0 1 0
vn 0 1 0
vn 0 1 0
vn 0 1 0
vn 0 1 0
vn 0 1 0
vn 0 1 0
vn 0 1 0
vn 0 1 0
vn 0 1 0
vn 0 1 0
vn 0 1 0
vn 0 1 0
vn 0 1 0
vn 0 1 0
vn 0 1 0
vn 0 1 0
vn 0 1 0
vn -1 0 1.66893E-06
vn -1 0 1.66893E-06
vn -1 0 1.66893E-06
vn -1 0 1.66893E-06
vn -1 0 1.66893E-06
vn -1 0 1.66893E-06
vn -1 0 1.66893E-06
vn -1 0 1.66893E-06
vn -1 0 1.66893E-06
vn -1 0 1.66893E-06
vn -1 0 1.66893E-06
vn -1 0 1.66893E-06
vn -1.66893E-06 0 -1
vn -1.66893E-06 0 -1
vn -1.66893E-06 0 -1
vn -1.66893E-06 0 -1
vn -1.66893E-06 0 -1
vn -1.66893E-06 0 -1
vn -1.66893E-06 0 -1
vn -1.66893E-06 0 -1
vn -1.66893E-06 0 -1
vn -1.66893E-06 0 -1
vn -1.66893E-06 0 -1
vn -1.66893E-06 0 -1
vn 0.9914451 0 0.1305245
vn 0.9978591 0 0.06540151
vn 0.9914451 0 0.1305245
vn 0.9978591 0 0.06540151
vn 0.9659262 0 0.2588174
vn 0.9914451 0 0.1305245
vn 0.9659262 0 0.2588174
vn 0.9914451 0 0.1305245
vn 0.9238802 0 0.3826818
vn 0.9659262 0 0.2588174
vn 0.9238802 0 0.3826818
vn 0.9659262 0 0.2588174
vn 0.8660263 0 0.4999986
vn 0.9238802 0 0.3826818
vn 0.8660263 0 0.4999986
vn 0.9238802 0 0.3826818
vn 0.7933543 0 0.6087601
vn 0.8660263 0 0.4999986
vn 0.7933543 0 0.6087601
vn 0.8660263 0 0.4999986
vn 0.707108 0 0.7071056
vn 0.7933543 0 0.6087601
vn 0.707108 0 0.7071056
vn 0.7933543 0 0.6087601
vn 0.6087627 0 0.7933523
vn 0.6087627 0 0.7933523
vn 0.707108 0 0.7071056
vn 0.707108 0 0.7071056
vn 0.5000014 0 0.8660246
vn 0.5000014 0 0.8660246
vn 0.6087627 0 0.7933523
vn 0.6087627 0 0.7933523
vn 0.3826849 0 0.9238788
vn 0.3826849 0 0.9238788
vn 0.5000014 0 0.8660246
vn 0.5000014 0 0.8660246
vn 0.2588206 0 0.9659254
vn 0.2588206 0 0.9659254
vn 0.3826849 0 0.9238788
vn 0.3826849 0 0.9238788
vn 0.1305279 0 0.9914446
vn 0.1305279 0 0.9914446
vn 0.2588206 0 0.9659254
vn 0.2588206 0 0.9659254
vn 0.06540481 0 0.9978588
vn 0.06540481 0 0.9978588
vn 0.1305279 0 0.9914446
vn 0.1305279 0 0.9914446
vn 0 -1 0
vn 0 -1 0
vn 0 -1 0
vn 0 -1 0
vn 0 -1 0
vn 0 -1 0
vn 0 -1 0
vn 0 -1 0
vn 0 -1 0
vn 0 -1 0
vn 0 -1 0
vn 0 -1 0
vn 0 -1 0
vn 0 -1 0
vn 0.999874 0.01587102 -3.337439E-06
vn 0.999874 0.01587102 -3.337439E-06
vn 0.999874 0.01587102 -3.337439E-06
vn -0.999874 0.01587102 3.337439E-06
vn -0.999874 0.01587102 3.337439E-06
vn -0.999874 0.01587102 3.337439E-06
vn 0.01587218 0.968254 -0.2494641
vn 0.01587218 0.968254 -0.2494641
vn 0.01587218 0.968254 -0.2494641
vn 0.01587218 0.968254 -0.2494641
vn 0.01587218 0.968254 -0.2494641
vn 0.01587218 0.968254 -0.2494641
vn 0.01587218 0.968254 -0.2494641
vn 0.01587218 0.968254 -0.2494641
vn 0.01587635 0.01587302 0.9997479
vn 0.01587635 0.01587302 0.9997479
vn 0.01587635 0.01587302 0.9997479
vn 0.01587635 0.01587302 0.9997479
vn 0.01587102 0.999874 -5.297523E-08
vn 0.01587102 0.999874 -5.297523E-08
vn 0.01587102 0.999874 -5.297523E-08
vn 0.01587102 0.999874 -5.297523E-08
vn 0.01587635 0.01587302 0.9997479
vn 0.01587635 0.01587302 0.9997479
vn 0.01587635 0.01587302 0.9997479
vn 0.01587635 0.01587302 0.9997479
vn 0.01587635 0.01587302 0.9997479
vn 0.01587635 0.01587302 0.9997479
vn 0.01587635 0.01587302 0.9997479
vn 0.01587635 0.01587302 0.9997479
vn 0 1 0
vn 0 1 0
vn 0 1 0
vn 0 1 0
vn 0 1 0
vn 0 1 0
vn 0 1 0
vn 0 1 0
vn 0 1 0
vn 0 1 0
vn 0 1 0
vn 0 1 0
vn 0 1 0
vn 0 1 0
vn 0 1 0
vn 0 1 0
vn 0 1 0
vn 0 1 0
vn 0 1 0
vn 0 1 0
vn 0 1 0
vn 0 1 0
vn 0 1 0
vn 0 1 0
vn 0 1 0
vn 0 1 0
vn 0 1 0
vn 0 1 0
vn 0 1 0
vn 0 1 0
vn 0 1 0
vn 0 1 0
vn 0 1 0
vn 0 1 0
vn 0 1 0
vn 0 1 0
vn 0 1 0
vn 0 1 0
vn 0 1 0
vn 0 1 0
vn 1 0 5.960464E-07
vn 1 0 5.960464E-07
vn 1 0 5.960464E-07
vn 1 0 5.960464E-07
vn 1 0 5.960464E-07
vn 1 0 5.960464E-07
vn 1 0 5.960464E-07
vn 1 0 5.960464E-07
vn 1 0 5.960464E-07
vn 1 0 5.960464E-07
vn 1 0 5.960464E-07
vn 1 0 5.960464E-07
vn -5.960464E-07 0 1
vn -5.960464E-07 0 1
vn -5.960464E-07 0 1
vn -5.960464E-07 0 1
vn -5.960464E-07 0 1
vn -5.960464E-07 0 1
vn -5.960464E-07 0 1
vn -5.960464E-07 0 1
vn -5.960464E-07 0 1
vn -5.960464E-07 0 1
vn -5.960464E-07 0 1
vn -5.960464E-07 0 1
vn -0.9914448 0 -0.1305268
vn -0.9978589 0 -0.06540377
vn -0.9914448 0 -0.1305268
vn -0.9978589 0 -0.06540377
vn -0.9659256 0 -0.2588196
vn -0.9914448 0 -0.1305268
vn -0.9659256 0 -0.2588196
vn -0.9914448 0 -0.1305268
vn -0.9238793 0 -0.3826839
vn -0.9659256 0 -0.2588196
vn -0.9238793 0 -0.3826839
vn -0.9659256 0 -0.2588196
vn -0.8660251 0 -0.5000005
vn -0.9238793 0 -0.3826839
vn -0.8660251 0 -0.5000005
vn -0.9238793 0 -0.3826839
vn -0.793353 0 -0.6087619
vn -0.8660251 0 -0.5000005
vn -0.793353 0 -0.6087619
vn -0.8660251 0 -0.5000005
vn -0.7071064 0 -0.7071072
vn -0.793353 0 -0.6087619
vn -0.7071064 0 -0.7071072
vn -0.793353 0 -0.6087619
vn -0.608761 0 -0.7933537
vn -0.608761 0 -0.7933537
vn -0.7071064 0 -0.7071072
vn -0.7071064 0 -0.7071072
vn -0.4999995 0 -0.8660257
vn -0.4999995 0 -0.8660257
vn -0.608761 0 -0.7933537
vn -0.608761 0 -0.7933537
vn -0.3826829 0 -0.9238797
vn -0.3826829 0 -0.9238797
vn -0.4999995 0 -0.8660257
vn -0.4999995 0 -0.8660257
vn -0.2588184 0 -0.965926
vn -0.2588184 0 -0.965926
vn -0.3826829 0 -0.9238797
vn -0.3826829 0 -0.9238797
vn -0.1305256 0 -0.9914449
vn -0.1305256 0 -0.9914449
vn -0.2588184 0 -0.965926
vn -0.2588184 0 -0.965926
vn -0.06540255 0 -0.997859
vn -0.06540255 0 -0.997859
vn -0.1305256 0 -0.9914449
vn -0.1305256 0 -0.9914449
vn 0 -1 0
vn 0 -1 0
vn 0 -1 0
vn 0 -1 0
vn 0 -1 0
vn 0 -1 0
vn 0 -1 0
vn 0 -1 0
vn 0 -1 0
vn 0 -1 0
vn 0 -1 0
vn 0 -1 0
vn 0 -1 0
vn 0 -1 0
vn -4.16237E-08 0.999874 -0.01587102
vn -4.16237E-08 0.999874 -0.01587102
vn -4.16237E-08 0.999874 -0.01587102
vn -4.16237E-08 0.999874 -0.01587102
vn -4.16237E-08 0.999874 -0.01587102
vn -4.16237E-08 0.999874 -0.01587102
vn -4.16237E-08 0.999874 -0.01587102
vn -4.16237E-08 0.999874 -0.01587102
vn 0.9997479 0.01587302 -0.01587564
vn 0.9997479 0.01587302 -0.01587564
vn 0.9997479 0.01587302 -0.01587564
vn 0.9997479 0.01587302 -0.01587564
vn -4.16237E-08 0.999874 -0.01587102
vn -4.16237E-08 0.999874 -0.01587102
vn -4.16237E-08 0.999874 -0.01587102
vn -4.16237E-08 0.999874 -0.01587102
vn 0.9997479 0.01587302 -0.01587564
vn 0.9997479 0.01587302 -0.01587564
vn 0.9997479 0.01587302 -0.01587564
vn 0.9997479 0.01587302 -0.01587564
vn 0.9997479 0.01587302 -0.01587564
vn 0.9997479 0.01587302 -0.01587564
vn 0.9997479 0.01587302 -0.01587564
vn 0.9997479 0.01587302 -0.01587564
vn 2.622274E-06 0.01587102 0.999874
vn 2.622274E-06 0.01587102 0.999874
vn 2.622274E-06 0.01587102 0.999874
vn 2.622274E-06 0.01587102 0.999874
vn -0.9997481 0.01587302 -0.01587039
vn -0.9997481 0.01587302 -0.01587039
vn -0.9997481 0.01587302 -0.01587039
vn -0.9997481 0.01587302 -0.01587039
vn -0.9997481 0.01587302 -0.01587039
vn -0.9997481 0.01587302 -0.01587039
vn -4.16237E-08 0.999874 -0.01587102
vn -4.16237E-08 0.999874 -0.01587102
vn -4.16237E-08 0.999874 -0.01587102
vn -4.16237E-08 0.999874 -0.01587102
vn -0.9997481 0.01587302 -0.01587039
vn -0.9997481 0.01587302 -0.01587039
vn -0.9997481 0.01587302 -0.01587039
vn -0.9997481 0.01587302 -0.01587039
vn -0.9997481 0.01587302 -0.01587039
vn -0.9997481 0.01587302 -0.01587039
vn -0.9997481 0.01587302 -0.01587039
vn -0.9997481 0.01587302 -0.01587039
vn -2.622274E-06 0.01587102 -0.999874
vn -2.622274E-06 0.01587102 -0.999874
vn -2.622274E-06 0.01587102 -0.999874
vn -2.622274E-06 0.01587102 -0.999874
vn -4.16231E-08 -0.999874 -0.01587102
vn -4.16231E-08 -0.999874 -0.01587102
vn -4.16231E-08 -0.999874 -0.01587102
vn -4.16231E-08 -0.999874 -0.01587102
vn -4.16231E-08 -0.999874 -0.01587102
vn -4.16231E-08 -0.999874 -0.01587102
vn 0 1 0
vn 0 1 0
vn 0 1 0
vn 0 1 0
vn 0 1 0
vn 0 1 0
vn 0 1 0
vn 0 1 0
vn 0 1 0
vn 0 1 0
vn 0 1 0
vn 0 1 0
vn 0 1 0
vn 0 1 0
vn 0 1 0
vn 0 1 0
vn 0 1 0
vn 0 1 0
vn 0 1 0
vn 0 1 0
vn 0 1 0
vn 0 1 0
vn 0 1 0
vn 0 1 0
vn 0 1 0
vn 0 1 0
vn 0 1 0
vn 0 1 0
vn 0 1 0
vn 0 1 0
vn 0 1 0
vn 0 1 0
vn 0 1 0
vn 0 1 0
vn 0 1 0
vn 0 1 0
vn 0 1 0
vn 0 1 0
vn 0 1 0
vn 0 1 0
vn -1 0 2.503395E-06
vn -1 0 2.503395E-06
vn -1 0 2.503395E-06
vn -1 0 2.503395E-06
vn -1 0 2.503395E-06
vn -1 0 2.503395E-06
vn -1 0 2.503395E-06
vn -1 0 2.503395E-06
vn -1 0 2.503395E-06
vn -1 0 2.503395E-06
vn -1 0 2.503395E-06
vn -1 0 2.503395E-06
vn -2.503395E-06 0 -1
vn -2.503395E-06 0 -1
vn -2.503395E-06 0 -1
vn -2.503395E-06 0 -1
vn -2.503395E-06 0 -1
vn -2.503395E-06 0 -1
vn -2.503395E-06 0 -1
vn -2.503395E-06 0 -1
vn -2.503395E-06 0 -1
vn -2.503395E-06 0 -1
vn -2.503395E-06 0 -1
vn -2.503395E-06 0 -1
vn 0.9914452 0 0.1305237
vn 0.9978591 0 0.06540068
vn 0.9914452 0 0.1305237
vn 0.9978591 0 0.06540068
vn 0.9659265 0 0.2588166
vn 0.9914452 0 0.1305237
vn 0.9659265 0 0.2588166
vn 0.9914452 0 0.1305237
vn 0.9238805 0 0.3826811
vn 0.9659265 0 0.2588166
vn 0.9238805 0 0.3826811
vn 0.9659265 0 0.2588166
vn 0.8660267 0 0.4999978
vn 0.9238805 0 0.3826811
vn 0.8660267 0 0.4999978
vn 0.9238805 0 0.3826811
vn 0.7933549 0 0.6087595
vn 0.8660267 0 0.4999978
vn 0.7933549 0 0.6087595
vn 0.8660267 0 0.4999978
vn 0.7071086 0 0.707105
vn 0.7933549 0 0.6087595
vn 0.7071086 0 0.707105
vn 0.7933549 0 0.6087595
vn 0.6087634 0 0.7933518
vn 0.6087634 0 0.7933518
vn 0.7071086 0 0.707105
vn 0.7071086 0 0.707105
vn 0.5000021 0 0.8660242
vn 0.5000021 0 0.8660242
vn 0.6087634 0 0.7933518
vn 0.6087634 0 0.7933518
vn 0.3826857 0 0.9238786
vn 0.3826857 0 0.9238786
vn 0.5000021 0 0.8660242
vn 0.5000021 0 0.8660242
vn 0.2588214 0 0.9659252
vn 0.2588214 0 0.9659252
vn 0.3826857 0 0.9238786
vn 0.3826857 0 0.9238786
vn 0.1305287 0 0.9914446
vn 0.1305287 0 0.9914446
vn 0.2588214 0 0.9659252
vn 0.2588214 0 0.9659252
vn 0.06540564 0 0.9978588
vn 0.06540564 0 0.9978588
vn 0.1305287 0 0.9914446
vn 0.1305287 0 0.9914446
vn 0 -1 0
vn 0 -1 0
vn 0 -1 0
vn 0 -1 0
vn 0 -1 0
vn 0 -1 0
vn 0 -1 0
vn 0 -1 0
vn 0 -1 0
vn 0 -1 0
vn 0 -1 0
vn 0 -1 0
vn 0 -1 0
vn 0 -1 0
vn 0.999874 0.01587102 -4.231396E-06
vn 0.999874 0.01587102 -4.231396E-06
vn 0.999874 0.01587102 -4.231396E-06
vn -0.999874 0.01587102 4.231396E-06
vn -0.999874 0.01587102 4.231396E-06
vn -0.999874 0.01587102 4.231396E-06
vn 0.01587196 0.968254 -0.2494641
vn 0.01587196 0.968254 -0.2494641
vn 0.01587196 0.968254 -0.2494641
vn 0.01587196 0.968254 -0.2494641
vn 0.01587196 0.968254 -0.2494641
vn 0.01587196 0.968254 -0.2494641
vn 0.01587196 0.968254 -0.2494641
vn 0.01587196 0.968254 -0.2494641
vn 0.01587725 0.01587302 0.9997479
vn 0.01587725 0.01587302 0.9997479
vn 0.01587725 0.01587302 0.9997479
vn 0.01587725 0.01587302 0.9997479
vn 0.01587102 0.999874 -6.716503E-08
vn 0.01587102 0.999874 -6.716503E-08
vn 0.01587102 0.999874 -6.716503E-08
vn 0.01587102 0.999874 -6.716503E-08
vn 0.01587725 0.01587302 0.9997479
vn 0.01587725 0.01587302 0.9997479
vn 0.01587725 0.01587302 0.9997479
vn 0.01587725 0.01587302 0.9997479
vn 0.01587725 0.01587302 0.9997479
vn 0.01587725 0.01587302 0.9997479
vn 0.01587725 0.01587302 0.9997479
vn 0.01587725 0.01587302 0.9997479
vn -0.01587102 0.999874 5.10832E-08
vn -0.01587102 0.999874 5.10832E-08
vn -0.01587102 0.999874 5.10832E-08
vn -0.01587102 0.999874 5.10832E-08
vn -0.01587102 0.999874 5.10832E-08
vn -0.01587102 0.999874 5.10832E-08
vn -0.01587102 0.999874 5.10832E-08
vn -0.01587102 0.999874 5.10832E-08
vn -0.01587624 0.01587302 -0.9997479
vn -0.01587624 0.01587302 -0.9997479
vn -0.01587624 0.01587302 -0.9997479
vn -0.01587624 0.01587302 -0.9997479
vn -0.01587102 0.999874 5.10832E-08
vn -0.01587102 0.999874 5.10832E-08
vn -0.01587102 0.999874 5.10832E-08
vn -0.01587102 0.999874 5.10832E-08
vn -0.01587624 0.01587302 -0.9997479
vn -0.01587624 0.01587302 -0.9997479
vn -0.01587624 0.01587302 -0.9997479
vn -0.01587624 0.01587302 -0.9997479
vn -0.01587624 0.01587302 -0.9997479
vn -0.01587624 0.01587302 -0.9997479
vn -0.01587624 0.01587302 -0.9997479
vn -0.01587624 0.01587302 -0.9997479
vn 0.999874 0.01587102 -3.218245E-06
vn 0.999874 0.01587102 -3.218245E-06
vn 0.999874 0.01587102 -3.218245E-06
vn 0.999874 0.01587102 -3.218245E-06
vn -0.0158698 0.01587302 0.9997481
vn -0.0158698 0.01587302 0.9997481
vn -0.0158698 0.01587302 0.9997481
vn -0.0158698 0.01587302 0.9997481
vn -0.0158698 0.01587302 0.9997481
vn -0.0158698 0.01587302 0.9997481
vn -0.01587102 0.999874 5.10832E-08
vn -0.01587102 0.999874 5.10832E-08
vn -0.01587102 0.999874 5.10832E-08
vn -0.01587102 0.999874 5.10832E-08
vn -0.0158698 0.01587302 0.9997481
vn -0.0158698 0.01587302 0.9997481
vn -0.0158698 0.01587302 0.9997481
vn -0.0158698 0.01587302 0.9997481
vn -0.0158698 0.01587302 0.9997481
vn -0.0158698 0.01587302 0.9997481
vn -0.0158698 0.01587302 0.9997481
vn -0.0158698 0.01587302 0.9997481
vn -0.999874 0.01587102 3.218245E-06
vn -0.999874 0.01587102 3.218245E-06
vn -0.999874 0.01587102 3.218245E-06
vn -0.999874 0.01587102 3.218245E-06
vn -0.01587102 -0.999874 5.108332E-08
vn -0.01587102 -0.999874 5.108332E-08
vn -0.01587102 -0.999874 5.108332E-08
vn -0.01587102 -0.999874 5.108332E-08
vn -0.01587102 -0.999874 5.108332E-08
vn -0.01587102 -0.999874 5.108332E-08
vn 0 1 0
vn 0 1 0
vn 0 1 0
vn 0 1 0
vn 0 1 0
vn 0 1 0
vn 0 1 0
vn 0 1 0
vn 0 1 0
vn 0 1 0
vn 0 1 0
vn 0 1 0
vn 0 1 0
vn 0 1 0
vn 0 1 0
vn 0 1 0
vn 0 1 0
vn 0 1 0
vn 0 1 0
vn 0 1 0
vn 0 1 0
vn 0 1 0
vn 0 1 0
vn 0 1 0
vn 0 1 0
vn 0 1 0
vn 0 1 0
vn 0 1 0
vn 0 1 0
vn 0 1 0
vn 0 1 0
vn 0 1 0
vn 0 1 0
vn 0 1 0
vn 0 1 0
vn 0 1 0
vn 0 1 0
vn 0 1 0
vn 0 1 0
vn 0 1 0
vn 3.218651E-06 0 1
vn 3.218651E-06 0 1
vn 3.218651E-06 0 1
vn 3.218651E-06 0 1
vn 3.218651E-06 0 1
vn 3.218651E-06 0 1
vn 3.218651E-06 0 1
vn 3.218651E-06 0 1
vn 3.218651E-06 0 1
vn 3.218651E-06 0 1
vn 3.218651E-06 0 1
vn 3.218651E-06 0 1
vn -1 0 3.218651E-06
vn -1 0 3.218651E-06
vn -1 0 3.218651E-06
vn -1 0 3.218651E-06
vn -1 0 3.218651E-06
vn -1 0 3.218651E-06
vn -1 0 3.218651E-06
vn -1 0 3.218651E-06
vn -1 0 3.218651E-06
vn -1 0 3.218651E-06
vn -1 0 3.218651E-06
vn -1 0 3.218651E-06
vn 0.130523 0 -0.9914453
vn 0.06539997 0 -0.9978592
vn 0.130523 0 -0.9914453
vn 0.06539997 0 -0.9978592
vn 0.2588159 0 -0.9659266
vn 0.130523 0 -0.9914453
vn 0.2588159 0 -0.9659266
vn 0.130523 0 -0.9914453
vn 0.3826804 0 -0.9238808
vn 0.2588159 0 -0.9659266
vn 0.3826804 0 -0.9238808
vn 0.2588159 0 -0.9659266
vn 0.4999972 0 -0.8660271
vn 0.3826804 0 -0.9238808
vn 0.4999972 0 -0.8660271
vn 0.3826804 0 -0.9238808
vn 0.6087589 0 -0.7933553
vn 0.4999972 0 -0.8660271
vn 0.6087589 0 -0.7933553
vn 0.4999972 0 -0.8660271
vn 0.7071045 0 -0.707109
vn 0.6087589 0 -0.7933553
vn 0.7071045 0 -0.707109
vn 0.6087589 0 -0.7933553
vn 0.7933514 0 -0.608764
vn 0.7933514 0 -0.608764
vn 0.7071045 0 -0.707109
vn 0.7071045 0 -0.707109
vn 0.8660238 0 -0.5000028
vn 0.8660238 0 -0.5000028
vn 0.7933514 0 -0.608764
vn 0.7933514 0 -0.608764
vn 0.9238783 0 -0.3826864
vn 0.9238783 0 -0.3826864
vn 0.8660238 0 -0.5000028
vn 0.8660238 0 -0.5000028
vn 0.965925 0 -0.2588221
vn 0.965925 0 -0.2588221
vn 0.9238783 0 -0.3826864
vn 0.9238783 0 -0.3826864
vn 0.9914445 0 -0.1305294
vn 0.9914445 0 -0.1305294
vn 0.965925 0 -0.2588221
vn 0.965925 0 -0.2588221
vn 0.9978587 0 -0.06540635
vn 0.9978587 0 -0.06540635
vn 0.9914445 0 -0.1305294
vn 0.9914445 0 -0.1305294
vn 0 -1 0
vn 0 -1 0
vn 0 -1 0
vn 0 -1 0
vn 0 -1 0
vn 0 -1 0
vn 0 -1 0
vn 0 -1 0
vn 0 -1 0
vn 0 -1 0
vn 0 -1 0
vn 0 -1 0
vn 0 -1 0
vn 0 -1 0
vn 6.905555E-08 0.999874 0.01587102
vn 6.905555E-08 0.999874 0.01587102
vn 6.905555E-08 0.999874 0.01587102
vn 6.905555E-08 0.999874 0.01587102
vn 6.905555E-08 0.999874 0.01587102
vn 6.905555E-08 0.999874 0.01587102
vn 6.905555E-08 0.999874 0.01587102
vn 6.905555E-08 0.999874 0.01587102
vn -0.9997479 0.01587302 0.01587737
vn -0.9997479 0.01587302 0.01587737
vn -0.9997479 0.01587302 0.01587737
vn -0.9997479 0.01587302 0.01587737
vn 6.905555E-08 0.999874 0.01587102
vn 6.905555E-08 0.999874 0.01587102
vn 6.905555E-08 0.999874 0.01587102
vn 6.905555E-08 0.999874 0.01587102
vn -0.9997479 0.01587302 0.01587737
vn -0.9997479 0.01587302 0.01587737
vn -0.9997479 0.01587302 0.01587737
vn -0.9997479 0.01587302 0.01587737
vn -0.9997479 0.01587302 0.01587737
vn -0.9997479 0.01587302 0.01587737
vn -0.9997479 0.01587302 0.01587737
vn -0.9997479 0.01587302 0.01587737
vn -4.350591E-06 0.01587102 -0.999874
vn -4.350591E-06 0.01587102 -0.999874
vn -4.350591E-06 0.01587102 -0.999874
vn -4.350591E-06 0.01587102 -0.999874
vn 0.9997481 0.01587302 0.01586867
vn 0.9997481 0.01587302 0.01586867
vn 0.9997481 0.01587302 0.01586867
vn 0.9997481 0.01587302 0.01586867
vn 0.9997481 0.01587302 0.01586867
vn 0.9997481 0.01587302 0.01586867
vn 6.905555E-08 0.999874 0.01587102
vn 6.905555E-08 0.999874 0.01587102
vn 6.905555E-08 0.999874 0.01587102
vn 6.905555E-08 0.999874 0.01587102
vn 0.9997481 0.01587302 0.01586867
vn 0.9997481 0.01587302 0.01586867
vn 0.9997481 0.01587302 0.01586867
vn 0.9997481 0.01587302 0.01586867
vn 0.9997481 0.01587302 0.01586867
vn 0.9997481 0.01587302 0.01586867
vn 0.9997481 0.01587302 0.01586867
vn 0.9997481 0.01587302 0.01586867
vn 4.350591E-06 0.01587102 0.999874
vn 4.350591E-06 0.01587102 0.999874
vn 4.350591E-06 0.01587102 0.999874
vn 4.350591E-06 0.01587102 0.999874
vn 6.905846E-08 -0.999874 0.01587102
vn 6.905846E-08 -0.999874 0.01587102
vn 6.905846E-08 -0.999874 0.01587102
vn 6.905846E-08 -0.999874 0.01587102
vn 6.905846E-08 -0.999874 0.01587102
vn 6.905846E-08 -0.999874 0.01587102
vn 0 1 0
vn 0 1 0
vn 0 1 0
vn 0 1 0
vn 0 1 0
vn 0 1 0
vn 0 1 0
vn 0 1 0
vn 0 1 0
vn 0 1 0
vn 0 1 0
vn 0 1 0
vn 0 1 0
vn 0 1 0
vn 0 1 0
vn 0 1 0
vn 0 1 0
vn 0 1 0
vn 0 1 0
vn 0 1 0
vn 0 1 0
vn 0 1 0
vn 0 1 0
vn 0 1 0
vn 0 1 0
vn 0 1 0
vn 0 1 0
vn 0 1 0
vn 0 1 0
vn 0 1 0
vn 0 1 0
vn 0 1 0
vn 0 1 0
vn 0 1 0
vn 0 1 0
vn 0 1 0
vn 0 1 0
vn 0 1 0
vn 0 1 0
vn 0 1 0
vn -1.013279E-06 0 -1
vn -1.013279E-06 0 -1
vn -1.013279E-06 0 -1
vn -1.013279E-06 0 -1
vn -1.013279E-06 0 -1
vn -1.013279E-06 0 -1
vn -1.013279E-06 0 -1
vn -1.013279E-06 0 -1
vn -1.013279E-06 0 -1
vn -1.013279E-06 0 -1
vn -1.013279E-06 0 -1
vn -1.013279E-06 0 -1
vn 1 0 -1.013279E-06
vn 1 0 -1.013279E-06
vn 1 0 -1.013279E-06
vn 1 0 -1.013279E-06
vn 1 0 -1.013279E-06
vn 1 0 -1.013279E-06
vn 1 0 -1.013279E-06
vn 1 0 -1.013279E-06
vn 1 0 -1.013279E-06
vn 1 0 -1.013279E-06
vn 1 0 -1.013279E-06
vn 1 0 -1.013279E-06
vn -0.1305252 0 0.991445
vn -0.06540217 0 0.997859
vn -0.1305252 0 0.991445
vn -0.06540217 0 0.997859
vn -0.258818 0 0.9659261
vn -0.1305252 0 0.991445
vn -0.258818 0 0.9659261
vn -0.1305252 0 0.991445
vn -0.3826825 0 0.9238799
vn -0.258818 0 0.9659261
vn -0.3826825 0 0.9238799
vn -0.258818 0 0.9659261
vn -0.4999991 0 0.8660259
vn -0.3826825 0 0.9238799
vn -0.4999991 0 0.8660259
vn -0.3826825 0 0.9238799
vn -0.6087607 0 0.7933539
vn -0.4999991 0 0.8660259
vn -0.6087607 0 0.7933539
vn -0.4999991 0 0.8660259
vn -0.7071061 0 0.7071075
vn -0.6087607 0 0.7933539
vn -0.7071061 0 0.7071075
vn -0.6087607 0 0.7933539
vn -0.7933527 0 0.6087622
vn -0.7933527 0 0.6087622
vn -0.7071061 0 0.7071075
vn -0.7071061 0 0.7071075
vn -0.866025 0 0.5000009
vn -0.866025 0 0.5000009
vn -0.7933527 0 0.6087622
vn -0.7933527 0 0.6087622
vn -0.9238791 0 0.3826843
vn -0.9238791 0 0.3826843
vn -0.866025 0 0.5000009
vn -0.866025 0 0.5000009
vn -0.9659256 0 0.25882
vn -0.9659256 0 0.25882
vn -0.9238791 0 0.3826843
vn -0.9238791 0 0.3826843
vn -0.9914448 0 0.1305272
vn -0.9914448 0 0.1305272
vn -0.9659256 0 0.25882
vn -0.9659256 0 0.25882
vn -0.9978589 0 0.06540415
vn -0.9978589 0 0.06540415
vn -0.9914448 0 0.1305272
vn -0.9914448 0 0.1305272
vn 0 -1 0
vn 0 -1 0
vn 0 -1 0
vn 0 -1 0
vn 0 -1 0
vn 0 -1 0
vn 0 -1 0
vn 0 -1 0
vn 0 -1 0
vn 0 -1 0
vn 0 -1 0
vn 0 -1 0
vn 0 -1 0
vn 0 -1 0
vn -0.999874 0.01587102 3.993008E-06
vn -0.999874 0.01587102 3.993008E-06
vn -0.999874 0.01587102 3.993008E-06
vn 0.999874 0.01587102 -3.993008E-06
vn 0.999874 0.01587102 -3.993008E-06
vn 0.999874 0.01587102 -3.993008E-06
vn -0.01587202 0.968254 0.2494641
vn -0.01587202 0.968254 0.2494641
vn -0.01587202 0.968254 0.2494641
vn -0.01587202 0.968254 0.2494641
vn -0.01587202 0.968254 0.2494641
vn -0.01587202 0.968254 0.2494641
vn -0.01587202 0.968254 0.2494641
vn -0.01587202 0.968254 0.2494641
vn -0.01587701 0.01587302 -0.9997479
vn -0.01587701 0.01587302 -0.9997479
vn -0.01587701 0.01587302 -0.9997479
vn -0.01587701 0.01587302 -0.9997479
vn -0.01587102 0.999874 6.338108E-08
vn -0.01587102 0.999874 6.338108E-08
vn -0.01587102 0.999874 6.338108E-08
vn -0.01587102 0.999874 6.338108E-08
vn -0.01587701 0.01587302 -0.9997479
vn -0.01587701 0.01587302 -0.9997479
vn -0.01587701 0.01587302 -0.9997479
vn -0.01587701 0.01587302 -0.9997479
vn -0.01587701 0.01587302 -0.9997479
vn -0.01587701 0.01587302 -0.9997479
vn -0.01587701 0.01587302 -0.9997479
vn -0.01587701 0.01587302 -0.9997479
vn 0 1 0
vn 0 1 0
vn 0 1 0
vn 0 1 0
vn 0 1 0
vn 0 1 0
vn 0 1 0
vn 0 1 0
vn 0 1 0
vn 0 1 0
vn 0 1 0
vn 0 1 0
vn 0 1 0
vn 0 1 0
vn 0 1 0
vn 0 1 0
vn 0 1 0
vn 0 1 0
vn 0 1 0
vn 0 1 0
vn 0 1 0
vn 0 1 0
vn 0 1 0
vn 0 1 0
vn 0 1 0
vn 0 1 0
vn 0 1 0
vn 0 1 0
vn 0 1 0
vn 0 1 0
vn 0 1 0
vn 0 1 0
vn 0 1 0
vn 0 1 0
vn 0 1 0
vn 0 1 0
vn 0 1 0
vn 0 1 0
vn 0 1 0
vn 0 1 0
vn 3.993511E-06 0 1
vn 3.993511E-06 0 1
vn 3.993511E-06 0 1
vn 3.993511E-06 0 1
vn 3.993511E-06 0 1
vn 3.993511E-06 0 1
vn 3.993511E-06 0 1
vn 3.993511E-06 0 1
vn 3.993511E-06 0 1
vn 3.993511E-06 0 1
vn 3.993511E-06 0 1
vn 3.993511E-06 0 1
vn -1 0 3.993511E-06
vn -1 0 3.993511E-06
vn -1 0 3.993511E-06
vn -1 0 3.993511E-06
vn -1 0 3.993511E-06
vn -1 0 3.993511E-06
vn -1 0 3.993511E-06
vn -1 0 3.993511E-06
vn -1 0 3.993511E-06
vn -1 0 3.993511E-06
vn -1 0 3.993511E-06
vn -1 0 3.993511E-06
vn 0.1305222 0 -0.9914454
vn 0.06539919 0 -0.9978592
vn 0.1305222 0 -0.9914454
vn 0.06539919 0 -0.9978592
vn 0.2588152 0 -0.9659268
vn 0.1305222 0 -0.9914454
vn 0.2588152 0 -0.9659268
vn 0.1305222 0 -0.9914454
vn 0.3826797 0 -0.9238811
vn 0.2588152 0 -0.9659268
vn 0.3826797 0 -0.9238811
vn 0.2588152 0 -0.9659268
vn 0.4999965 0 -0.8660275
vn 0.3826797 0 -0.9238811
vn 0.4999965 0 -0.8660275
vn 0.3826797 0 -0.9238811
vn 0.6087583 0 -0.7933558
vn 0.4999965 0 -0.8660275
vn 0.6087583 0 -0.7933558
vn 0.4999965 0 -0.8660275
vn 0.707104 0 -0.7071096
vn 0.6087583 0 -0.7933558
vn 0.707104 0 -0.7071096
vn 0.6087583 0 -0.7933558
vn 0.7933509 0 -0.6087646
vn 0.7933509 0 -0.6087646
vn 0.707104 0 -0.7071096
vn 0.707104 0 -0.7071096
vn 0.8660234 0 -0.5000035
vn 0.8660234 0 -0.5000035
vn 0.7933509 0 -0.6087646
vn 0.7933509 0 -0.6087646
vn 0.923878 0 -0.3826871
vn 0.923878 0 -0.3826871
vn 0.8660234 0 -0.5000035
vn 0.8660234 0 -0.5000035
vn 0.9659248 0 -0.2588229
vn 0.9659248 0 -0.2588229
vn 0.923878 0 -0.3826871
vn 0.923878 0 -0.3826871
vn 0.9914443 0 -0.1305302
vn 0.9914443 0 -0.1305302
vn 0.9659248 0 -0.2588229
vn 0.9659248 0 -0.2588229
vn 0.9978587 0 -0.06540713
vn 0.9978587 0 -0.06540713
vn 0.9914443 0 -0.1305302
vn 0.9914443 0 -0.1305302
vn 0 -1 0
vn 0 -1 0
vn 0 -1 0
vn 0 -1 0
vn 0 -1 0
vn 0 -1 0
vn 0 -1 0
vn 0 -1 0
vn 0 -1 0
vn 0 -1 0
vn 0 -1 0
vn 0 -1 0
vn 0 -1 0
vn 0 -1 0
vn 7.56789E-08 0.999874 0.01587102
vn 7.56789E-08 0.999874 0.01587102
vn 7.56789E-08 0.999874 0.01587102
vn 7.56789E-08 0.999874 0.01587102
vn 7.56789E-08 0.999874 0.01587102
vn 7.56789E-08 0.999874 0.01587102
vn 7.56789E-08 0.999874 0.01587102
vn 7.56789E-08 0.999874 0.01587102
vn -0.9997479 0.01587302 0.01587778
vn -0.9997479 0.01587302 0.01587778
vn -0.9997479 0.01587302 0.01587778
vn -0.9997479 0.01587302 0.01587778
vn 7.56789E-08 0.999874 0.01587102
vn 7.56789E-08 0.999874 0.01587102
vn 7.56789E-08 0.999874 0.01587102
vn 7.56789E-08 0.999874 0.01587102
vn -0.9997479 0.01587302 0.01587778
vn -0.9997479 0.01587302 0.01587778
vn -0.9997479 0.01587302 0.01587778
vn -0.9997479 0.01587302 0.01587778
vn -0.9997479 0.01587302 0.01587778
vn -0.9997479 0.01587302 0.01587778
vn -0.9997479 0.01587302 0.01587778
vn -0.9997479 0.01587302 0.01587778
vn -4.767771E-06 0.01587102 -0.999874
vn -4.767771E-06 0.01587102 -0.999874
vn -4.767771E-06 0.01587102 -0.999874
vn -4.767771E-06 0.01587102 -0.999874
vn 0.9997481 0.01587302 0.01586825
vn 0.9997481 0.01587302 0.01586825
vn 0.9997481 0.01587302 0.01586825
vn 0.9997481 0.01587302 0.01586825
vn 0.9997481 0.01587302 0.01586825
vn 0.9997481 0.01587302 0.01586825
vn 7.56789E-08 0.999874 0.01587102
vn 7.56789E-08 0.999874 0.01587102
vn 7.56789E-08 0.999874 0.01587102
vn 7.56789E-08 0.999874 0.01587102
vn 0.9997481 0.01587302 0.01586825
vn 0.9997481 0.01587302 0.01586825
vn 0.9997481 0.01587302 0.01586825
vn 0.9997481 0.01587302 0.01586825
vn 0.9997481 0.01587302 0.01586825
vn 0.9997481 0.01587302 0.01586825
vn 0.9997481 0.01587302 0.01586825
vn 0.9997481 0.01587302 0.01586825
vn 4.767771E-06 0.01587102 0.999874
vn 4.767771E-06 0.01587102 0.999874
vn 4.767771E-06 0.01587102 0.999874
vn 4.767771E-06 0.01587102 0.999874
vn 7.567891E-08 -0.999874 0.01587102
vn 7.567891E-08 -0.999874 0.01587102
vn 7.567891E-08 -0.999874 0.01587102
vn 7.567891E-08 -0.999874 0.01587102
vn 7.567891E-08 -0.999874 0.01587102
vn 7.567891E-08 -0.999874 0.01587102
vn 7.56789E-08 0.999874 0.01587102
vn 7.56789E-08 0.999874 0.01587102
vn 7.56789E-08 0.999874 0.01587102
vn 7.56789E-08 0.999874 0.01587102
vn 7.56789E-08 0.999874 0.01587102
vn 7.56789E-08 0.999874 0.01587102
vn 7.56789E-08 0.999874 0.01587102
vn 7.56789E-08 0.999874 0.01587102
vn -0.9997479 0.01587302 0.01587778
vn -0.9997479 0.01587302 0.01587778
vn -0.9997479 0.01587302 0.01587778
vn -0.9997479 0.01587302 0.01587778
vn 7.56789E-08 0.999874 0.01587102
vn 7.56789E-08 0.999874 0.01587102
vn 7.56789E-08 0.999874 0.01587102
vn 7.56789E-08 0.999874 0.01587102
vn -0.9997479 0.01587302 0.01587778
vn -0.9997479 0.01587302 0.01587778
vn -0.9997479 0.01587302 0.01587778
vn -0.9997479 0.01587302 0.01587778
vn -0.9997479 0.01587302 0.01587778
vn -0.9997479 0.01587302 0.01587778
vn -0.9997479 0.01587302 0.01587778
vn -0.9997479 0.01587302 0.01587778
vn -4.767771E-06 0.01587102 -0.999874
vn -4.767771E-06 0.01587102 -0.999874
vn -4.767771E-06 0.01587102 -0.999874
vn -4.767771E-06 0.01587102 -0.999874
vn 0.9997481 0.01587302 0.01586825
vn 0.9997481 0.01587302 0.01586825
vn 0.9997481 0.01587302 0.01586825
vn 0.9997481 0.01587302 0.01586825
vn 0.9997481 0.01587302 0.01586825
vn 0.9997481 0.01587302 0.01586825
vn 7.56789E-08 0.999874 0.01587102
vn 7.56789E-08 0.999874 0.01587102
vn 7.56789E-08 0.999874 0.01587102
vn 7.56789E-08 0.999874 0.01587102
vn 0.9997481 0.01587302 0.01586825
vn 0.9997481 0.01587302 0.01586825
vn 0.9997481 0.01587302 0.01586825
vn 0.9997481 0.01587302 0.01586825
vn 0.9997481 0.01587302 0.01586825
vn 0.9997481 0.01587302 0.01586825
vn 0.9997481 0.01587302 0.01586825
vn 0.9997481 0.01587302 0.01586825
vn 4.767771E-06 0.01587102 0.999874
vn 4.767771E-06 0.01587102 0.999874
vn 4.767771E-06 0.01587102 0.999874
vn 4.767771E-06 0.01587102 0.999874
vn 7.567891E-08 -0.999874 0.01587102
vn 7.567891E-08 -0.999874 0.01587102
vn 7.567891E-08 -0.999874 0.01587102
vn 7.567891E-08 -0.999874 0.01587102
vn 7.567891E-08 -0.999874 0.01587102
vn 7.567891E-08 -0.999874 0.01587102
vn 0 1 0
vn 0 1 0
vn 0 1 0
vn 0 1 0
vn 0 1 0
vn 0 1 0
vn 0 1 0
vn 0 1 0
vn 0 1 0
vn 0 1 0
vn 0 1 0
vn 0 1 0
vn 0 1 0
vn 0 1 0
vn 0 1 0
vn 0 1 0
vn 0 1 0
vn 0 1 0
vn 0 1 0
vn 0 1 0
vn 0 1 0
vn 0 1 0
vn 0 1 0
vn 0 1 0
vn 0 1 0
vn 0 1 0
vn 0 1 0
vn 0 1 0
vn 0 1 0
vn 0 1 0
vn 0 1 0
vn 0 1 0
vn 0 1 0
vn 0 1 0
vn 0 1 0
vn 0 1 0
vn 0 1 0
vn 0 1 0
vn 0 1 0
vn 0 1 0
vn 1 0 -4.768372E-06
vn 1 0 -4.768372E-06
vn 1 0 -4.768372E-06
vn 1 0 -4.768372E-06
vn 1 0 -4.768372E-06
vn 1 0 -4.768372E-06
vn 1 0 -4.768372E-06
vn 1 0 -4.768372E-06
vn 1 0 -4.768372E-06
vn 1 0 -4.768372E-06
vn 1 0 -4.768372E-06
vn 1 0 -4.768372E-06
vn 4.768372E-06 0 1
vn 4.768372E-06 0 1
vn 4.768372E-06 0 1
vn 4.768372E-06 0 1
vn 4.768372E-06 0 1
vn 4.768372E-06 0 1
vn 4.768372E-06 0 1
vn 4.768372E-06 0 1
vn 4.768372E-06 0 1
vn 4.768372E-06 0 1
vn 4.768372E-06 0 1
vn 4.768372E-06 0 1
vn -0.9914455 0 -0.1305215
vn -0.9978592 0 -0.06539842
vn -0.9914455 0 -0.1305215
vn -0.9978592 0 -0.06539842
vn -0.9659271 0 -0.2588144
vn -0.9914455 0 -0.1305215
vn -0.9659271 0 -0.2588144
vn -0.9914455 0 -0.1305215
vn -0.9238814 0 -0.382679
vn -0.9659271 0 -0.2588144
vn -0.9238814 0 -0.382679
vn -0.9659271 0 -0.2588144
vn -0.8660278 0 -0.4999959
vn -0.9238814 0 -0.382679
vn -0.8660278 0 -0.4999959
vn -0.9238814 0 -0.382679
vn -0.7933562 0 -0.6087577
vn -0.8660278 0 -0.4999959
vn -0.7933562 0 -0.6087577
vn -0.8660278 0 -0.4999959
vn -0.7071102 0 -0.7071034
vn -0.7933562 0 -0.6087577
vn -0.7071102 0 -0.7071034
vn -0.7933562 0 -0.6087577
vn -0.6087652 0 -0.7933504
vn -0.6087652 0 -0.7933504
vn -0.7071102 0 -0.7071034
vn -0.7071102 0 -0.7071034
vn -0.5000041 0 -0.8660231
vn -0.5000041 0 -0.8660231
vn -0.6087652 0 -0.7933504
vn -0.6087652 0 -0.7933504
vn -0.3826878 0 -0.9238777
vn -0.3826878 0 -0.9238777
vn -0.5000041 0 -0.8660231
vn -0.5000041 0 -0.8660231
vn -0.2588236 0 -0.9659246
vn -0.2588236 0 -0.9659246
vn -0.3826878 0 -0.9238777
vn -0.3826878 0 -0.9238777
vn -0.1305309 0 -0.9914443
vn -0.1305309 0 -0.9914443
vn -0.2588236 0 -0.9659246
vn -0.2588236 0 -0.9659246
vn -0.0654079 0 -0.9978586
vn -0.0654079 0 -0.9978586
vn -0.1305309 0 -0.9914443
vn -0.1305309 0 -0.9914443
vn 0 -1 0
vn 0 -1 0
vn 0 -1 0
vn 0 -1 0
vn 0 -1 0
vn 0 -1 0
vn 0 -1 0
vn 0 -1 0
vn 0 -1 0
vn 0 -1 0
vn 0 -1 0
vn 0 -1 0
vn 0 -1 0
vn 0 -1 0
vn 0.01587102 0.999874 -8.892271E-08
vn 0.01587102 0.999874 -8.892271E-08
vn 0.01587102 0.999874 -8.892271E-08
vn 0.01587102 0.999874 -8.892271E-08
vn 0.01587102 0.999874 -8.892271E-08
vn 0.01587102 0.999874 -8.892271E-08
vn 0.01587102 0.999874 -8.892271E-08
vn 0.01587102 0.999874 -8.892271E-08
vn 0.01587862 0.01587302 0.9997479
vn 0.01587862 0.01587302 0.9997479
vn 0.01587862 0.01587302 0.9997479
vn 0.01587862 0.01587302 0.9997479
vn 0.01587102 0.999874 -8.892271E-08
vn 0.01587102 0.999874 -8.892271E-08
vn 0.01587102 0.999874 -8.892271E-08
vn 0.01587102 0.999874 -8.892271E-08
vn 0.01587862 0.01587302 0.9997479
vn 0.01587862 0.01587302 0.9997479
vn 0.01587862 0.01587302 0.9997479
vn 0.01587862 0.01587302 0.9997479
vn 0.01587862 0.01587302 0.9997479
vn 0.01587862 0.01587302 0.9997479
vn 0.01587862 0.01587302 0.9997479
vn 0.01587862 0.01587302 0.9997479
vn -0.999874 0.01587102 5.602131E-06
vn -0.999874 0.01587102 5.602131E-06
vn -0.999874 0.01587102 5.602131E-06
vn -0.999874 0.01587102 5.602131E-06
vn 0.01586742 0.01587302 -0.9997481
vn 0.01586742 0.01587302 -0.9997481
vn 0.01586742 0.01587302 -0.9997481
vn 0.01586742 0.01587302 -0.9997481
vn 0.01586742 0.01587302 -0.9997481
vn 0.01586742 0.01587302 -0.9997481
vn 0.01587102 0.999874 -8.892271E-08
vn 0.01587102 0.999874 -8.892271E-08
vn 0.01587102 0.999874 -8.892271E-08
vn 0.01587102 0.999874 -8.892271E-08
vn 0.01586742 0.01587302 -0.9997481
vn 0.01586742 0.01587302 -0.9997481
vn 0.01586742 0.01587302 -0.9997481
vn 0.01586742 0.01587302 -0.9997481
vn 0.01586742 0.01587302 -0.9997481
vn 0.01586742 0.01587302 -0.9997481
vn 0.01586742 0.01587302 -0.9997481
vn 0.01586742 0.01587302 -0.9997481
vn 0.999874 0.01587102 -5.602131E-06
vn 0.999874 0.01587102 -5.602131E-06
vn 0.999874 0.01587102 -5.602131E-06
vn 0.999874 0.01587102 -5.602131E-06
vn 0.01587102 -0.999874 -8.892271E-08
vn 0.01587102 -0.999874 -8.892271E-08
vn 0.01587102 -0.999874 -8.892271E-08
vn 0.01587102 -0.999874 -8.892271E-08
vn 0.01587102 -0.999874 -8.892271E-08
vn 0.01587102 -0.999874 -8.892271E-08

g [TargetMesh]
f 1/1 2/2 3/3
f 4/4 3/3 2/2
f 5/5 6/6 7/7
f 8/8 7/7 6/6
f 9/9 10/10 11/11
f 12/12 11/11 10/10
f 13/13 14/14 15/15
f 16/16 13/13 15/15
f 17/17 18/18 19/19
f 18/18 20/20 19/19
f 21/21 19/19 20/20
f 19/19 21/21 22/22
f 23/23 22/22 21/21
f 24/24 22/22 23/23
f 25/25 26/26 27/27
f 28/28 27/27 26/26
f 29/29 30/30 31/31
f 32/32 31/31 30/30
f 33/33 31/31 32/32
f 34/34 31/31 33/33
f 35/35 36/36 37/37
f 38/38 35/35 37/37
f 39/39 40/40 41/41
f 40/40 42/42 41/41
f 43/43 41/41 42/42
f 41/41 43/43 44/44
f 45/45 44/44 43/43
f 46/46 44/44 45/45
f 47/47 48/48 49/49
f 50/50 49/49 48/48
f 51/51 52/52 53/53
f 54/54 53/53 52/52
f 55/55 53/53 54/54
f 56/56 53/53 55/55
f 57/57 58/58 59/59
f 60/60 61/61 62/62
f 63/63 64/64 65/65
f 66/66 65/65 64/64
f 67/67 68/68 69/69
f 70/70 69/69 68/68
f 71/71 72/72 73/73
f 74/74 73/73 72/72
f 75/75 76/76 77/77
f 78/78 75/75 77/77
f 79/79 80/80 81/81
f 80/80 82/82 81/81
f 83/83 81/81 82/82
f 81/81 83/83 84/84
f 85/85 84/84 83/83
f 86/86 84/84 85/85
f 87/87 88/88 89/89
f 90/90 89/89 88/88
f 91/91 92/92 93/93
f 94/94 93/93 92/92
f 95/95 96/96 97/97
f 98/98 97/97 96/96
f 99/99 100/100 101/101
f 102/102 99/99 101/101
f 103/103 104/104 105/105
f 104/104 106/106 105/105
f 107/107 105/105 106/106
f 105/105 107/107 108/108
f 109/109 108/108 107/107
f 110/110 108/108 109/109
f 111/111 112/112 113/113
f 114/114 113/113 112/112
f 115/115 116/116 117/117
f 118/118 117/117 116/116
f 119/119 117/117 118/118
f 120/120 117/117 119/119
f 121/121 122/122 123/123
f 124/124 121/121 123/123
f 125/125 126/126 127/127
f 126/126 128/128 127/127
f 129/129 127/127 128/128
f 127/127 129/129 130/130
f 131/131 130/130 129/129
f 132/132 130/130 131/131
f 133/133 134/134 135/135
f 136/136 135/135 134/134
f 137/137 138/138 139/139
f 140/140 139/139 138/138
f 141/141 139/139 140/140
f 142/142 139/139 141/141
f 143/143 144/144 145/145
f 146/146 145/145 144/144
f 147/147 145/145 146/146
f 148/148 145/145 147/147
f 149/149 145/145 148/148
f 150/150 145/145 149/149
f 151/151 145/145 150/150
f 152/152 145/145 151/151
f 153/153 145/145 152/152
f 154/154 145/145 153/153
f 155/155 145/145 154/154
f 156/156 145/145 155/155
f 157/157 158/158 159/159
f 160/160 159/159 158/158
f 161/161 159/159 160/160
f 162/162 159/159 161/161
f 163/163 162/162 161/161
f 164/164 162/162 163/163
f 165/165 164/164 163/163
f 166/166 165/165 163/163
f 167/167 165/165 166/166
f 168/168 167/167 166/166
f 169/169 168/168 166/166
f 170/170 168/168 169/169
f 171/171 170/170 169/169
f 172/172 170/170 171/171
f 173/173 172/172 171/171
f 174/174 172/172 173/173
f 175/175 174/174 173/173
f 176/176 174/174 175/175
f 177/177 176/176 175/175
f 178/178 176/176 177/177
f 179/179 178/178 177/177
f 180/180 178/178 179/179
f 181/181 180/180 179/179
f 182/182 180/180 181/181
f 183/183 184/184 185/185
f 186/186 185/185 184/184
f 185/185 186/186 187/187
f 187/187 186/186 188/188
f 186/186 189/189 188/188
f 190/190 187/187 188/188
f 191/191 187/187 190/190
f 188/188 189/189 192/192
f 188/188 192/192 193/193
f 194/194 192/192 189/189
f 195/195 196/196 197/197
f 198/198 197/197 196/196
f 199/199 197/197 198/198
f 200/200 197/197 199/199
f 200/200 199/199 201/201
f 202/202 197/197 200/200
f 203/203 197/197 202/202
f 204/204 197/197 203/203
f 205/205 197/197 204/204
f 204/204 203/203 206/206
f 207/207 208/208 209/209
f 210/210 209/209 208/208
f 211/211 212/212 213/213
f 214/214 213/213 212/212
f 215/215 216/216 217/217
f 218/218 217/217 216/216
f 219/219 220/220 221/221
f 222/222 221/221 220/220
f 223/223 224/224 225/225
f 226/226 225/225 224/224
f 227/227 228/228 229/229
f 230/230 229/229 228/228
f 231/231 232/232 233/233
f 234/234 233/233 232/232
f 235/235 236/236 237/237
f 238/238 237/237 236/236
f 239/239 240/240 241/241
f 242/242 241/241 240/240
f 243/243 244/244 245/245
f 246/246 245/245 244/244
f 247/247 248/248 249/249
f 250/250 249/249 248/248
f 251/251 252/252 253/253
f 254/254 253/253 252/252
f 255/255 256/256 257/257
f 258/258 257/257 256/256
f 259/259 258/258 256/256
f 260/260 259/259 256/256
f 261/261 260/260 256/256
f 262/262 261/261 256/256
f 263/263 262/262 256/256
f 264/264 263/263 256/256
f 265/265 264/264 256/256
f 266/266 265/265 256/256
f 267/267 266/266 256/256
f 268/268 267/267 256/256
f 269/269 270/270 271/271
f 272/272 273/273 274/274
f 275/275 276/276 277/277
f 278/278 277/277 276/276
f 279/279 280/280 281/281
f 282/282 281/281 280/280
f 283/283 284/284 285/285
f 286/286 285/285 284/284
f 287/287 288/288 289/289
f 290/290 287/287 289/289
f 291/291 292/292 293/293
f 292/292 294/294 293/293
f 295/295 293/293 294/294
f 293/293 295/295 296/296
f 297/297 296/296 295/295
f 298/298 296/296 297/297
f 299/299 300/300 301/301
f 302/302 301/301 300/300
f 303/303 301/301 302/302
f 304/304 301/301 303/303
f 305/305 301/301 304/304
f 306/306 301/301 305/305
f 307/307 301/301 306/306
f 308/308 301/301 307/307
f 309/309 301/301 308/308
f 310/310 301/301 309/309
f 311/311 301/301 310/310
f 312/312 301/301 311/311
f 313/313 314/314 315/315
f 316/316 315/315 314/314
f 317/317 315/315 316/316
f 318/318 315/315 317/317
f 319/319 318/318 317/317
f 320/320 318/318 319/319
f 321/321 320/320 319/319
f 322/322 321/321 319/319
f 323/323 321/321 322/322
f 324/324 323/323 322/322
f 325/325 324/324 322/322
f 326/326 324/324 325/325
f 327/327 326/326 325/325
f 328/328 326/326 327/327
f 329/329 328/328 327/327
f 330/330 328/328 329/329
f 331/331 330/330 329/329
f 332/332 330/330 331/331
f 333/333 332/332 331/331
f 334/334 332/332 333/333
f 335/335 334/334 333/333
f 336/336 334/334 335/335
f 337/337 336/336 335/335
f 338/338 336/336 337/337
f 339/339 340/340 341/341
f 342/342 341/341 340/340
f 341/341 342/342 343/343
f 343/343 342/342 344/344
f 342/342 345/345 344/344
f 346/346 343/343 344/344
f 347/347 343/343 346/346
f 344/344 345/345 348/348
f 344/344 348/348 349/349
f 350/350 348/348 345/345
f 351/351 352/352 353/353
f 354/354 353/353 352/352
f 355/355 353/353 354/354
f 356/356 353/353 355/355
f 356/356 355/355 357/357
f 358/358 353/353 356/356
f 359/359 353/353 358/358
f 360/360 353/353 359/359
f 361/361 353/353 360/360
f 360/360 359/359 362/362
f 363/363 364/364 365/365
f 366/366 365/365 364/364
f 367/367 368/368 369/369
f 370/370 369/369 368/368
f 371/371 372/372 373/373
f 374/374 373/373 372/372
f 375/375 376/376 377/377
f 378/378 377/377 376/376
f 379/379 380/380 381/381
f 382/382 381/381 380/380
f 383/383 384/384 385/385
f 386/386 385/385 384/384
f 387/387 388/388 389/389
f 390/390 389/389 388/388
f 391/391 392/392 393/393
f 394/394 393/393 392/392
f 395/395 396/396 397/397
f 398/398 397/397 396/396
f 399/399 400/400 401/401
f 402/402 401/401 400/400
f 403/403 404/404 405/405
f 406/406 405/405 404/404
f 407/407 408/408 409/409
f 410/410 409/409 408/408
f 411/411 412/412 413/413
f 414/414 413/413 412/412
f 415/415 414/414 412/412
f 416/416 415/415 412/412
f 417/417 416/416 412/412
f 418/418 417/417 412/412
f 419/419 418/418 412/412
f 420/420 419/419 412/412
f 421/421 420/420 412/412
f 422/422 421/421 412/412
f 423/423 422/422 412/412
f 424/424 423/423 412/412
f 425/425 426/426 427/427
f 428/428 429/429 430/430
f 431/431 432/432 433/433
f 434/434 433/433 432/432
f 435/435 436/436 437/437
f 438/438 437/437 436/436
f 439/439 440/440 441/441
f 442/442 441/441 440/440
f 443/443 444/444 445/445
f 446/446 443/443 445/445
f 447/447 448/448 449/449
f 448/448 450/450 449/449
f 451/451 449/449 450/450
f 449/449 451/451 452/452
f 453/453 452/452 451/451
f 454/454 452/452 453/453
f 455/455 456/456 457/457
f 458/458 457/457 456/456
f 459/459 457/457 458/458
f 460/460 457/457 459/459
f 461/461 457/457 460/460
f 462/462 457/457 461/461
f 463/463 457/457 462/462
f 464/464 457/457 463/463
f 465/465 457/457 464/464
f 466/466 457/457 465/465
f 467/467 457/457 466/466
f 468/468 457/457 467/467
f 469/469 470/470 471/471
f 472/472 471/471 470/470
f 473/473 471/471 472/472
f 474/474 471/471 473/473
f 475/475 474/474 473/473
f 476/476 474/474 475/475
f 477/477 476/476 475/475
f 478/478 477/477 475/475
f 479/479 477/477 478/478
f 480/480 479/479 478/478
f 481/481 480/480 478/478
f 482/482 480/480 481/481
f 483/483 482/482 481/481
f 484/484 482/482 483/483
f 485/485 484/484 483/483
f 486/486 484/484 485/485
f 487/487 486/486 485/485
f 488/488 486/486 487/487
f 489/489 488/488 487/487
f 490/490 488/488 489/489
f 491/491 490/490 489/489
f 492/492 490/490 491/491
f 493/493 492/492 491/491
f 494/494 492/492 493/493
f 495/495 496/496 497/497
f 498/498 497/497 496/496
f 497/497 498/498 499/499
f 499/499 498/498 500/500
f 498/498 501/501 500/500
f 502/502 499/499 500/500
f 503/503 499/499 502/502
f 500/500 501/501 504/504
f 500/500 504/504 505/505
f 506/506 504/504 501/501
f 507/507 508/508 509/509
f 510/510 509/509 508/508
f 511/511 509/509 510/510
f 512/512 509/509 511/511
f 512/512 511/511 513/513
f 514/514 509/509 512/512
f 515/515 509/509 514/514
f 516/516 509/509 515/515
f 517/517 509/509 516/516
f 516/516 515/515 518/518
f 519/519 520/520 521/521
f 522/522 521/521 520/520
f 523/523 524/524 525/525
f 526/526 525/525 524/524
f 527/527 528/528 529/529
f 530/530 529/529 528/528
f 531/531 532/532 533/533
f 534/534 533/533 532/532
f 535/535 536/536 537/537
f 538/538 537/537 536/536
f 539/539 540/540 541/541
f 542/542 541/541 540/540
f 543/543 544/544 545/545
f 546/546 545/545 544/544
f 547/547 548/548 549/549
f 550/550 549/549 548/548
f 551/551 552/552 553/553
f 554/554 553/553 552/552
f 555/555 556/556 557/557
f 558/558 557/557 556/556
f 559/559 560/560 561/561
f 562/562 561/561 560/560
f 563/563 564/564 565/565
f 566/566 565/565 564/564
f 567/567 568/568 569/569
f 570/570 569/569 568/568
f 571/571 570/570 568/568
f 572/572 571/571 568/568
f 573/573 572/572 568/568
f 574/574 573/573 568/568
f 575/575 574/574 568/568
f 576/576 575/575 568/568
f 577/577 576/576 568/568
f 578/578 577/577 568/568
f 579/579 578/578 568/568
f 580/580 579/579 568/568
f 581/581 582/582 583/583
f 584/584 583/583 582/582
f 585/585 583/583 584/584
f 586/586 583/583 585/585
f 587/587 583/583 586/586
f 588/588 583/583 587/587
f 589/589 583/583 588/588
f 590/590 583/583 589/589
f 591/591 583/583 590/590
f 592/592 583/583 591/591
f 593/593 583/583 592/592
f 594/594 583/583 593/593
f 595/595 596/596 597/597
f 598/598 597/597 596/596
f 599/599 597/597 598/598
f 600/600 597/597 599/599
f 601/601 600/600 599/599
f 602/602 600/600 601/601
f 603/603 602/602 601/601
f 604/604 603/603 601/601
f 605/605 603/603 604/604
f 606/606 605/605 604/604
f 607/607 606/606 604/604
f 608/608 606/606 607/607
f 609/609 608/608 607/607
f 610/610 608/608 609/609
f 611/611 610/610 609/609
f 612/612 610/610 611/611
f 613/613 612/612 611/611
f 614/614 612/612 613/613
f 615/615 614/614 613/613
f 616/616 614/614 615/615
f 617/617 616/616 615/615
f 618/618 616/616 617/617
f 619/619 618/618 617/617
f 620/620 618/618 619/619
f 621/621 622/622 623/623
f 624/624 623/623 622/622
f 623/623 624/624 625/625
f 625/625 624/624 626/626
f 624/624 627/627 626/626
f 628/628 625/625 626/626
f 629/629 625/625 628/628
f 626/626 627/627 630/630
f 626/626 630/630 631/631
f 632/632 630/630 627/627
f 633/633 634/634 635/635
f 636/636 635/635 634/634
f 637/637 635/635 636/636
f 638/638 635/635 637/637
f 638/638 637/637 639/639
f 640/640 635/635 638/638
f 641/641 635/635 640/640
f 642/642 635/635 641/641
f 643/643 635/635 642/642
f 642/642 641/641 644/644
f 645/645 646/646 647/647
f 648/648 647/647 646/646
f 649/649 650/650 651/651
f 652/652 651/651 650/650
f 653/653 654/654 655/655
f 656/656 655/655 654/654
f 657/657 658/658 659/659
f 660/660 659/659 658/658
f 661/661 662/662 663/663
f 664/664 663/663 662/662
f 665/665 666/666 667/667
f 668/668 667/667 666/666
f 669/669 670/670 671/671
f 672/672 671/671 670/670
f 673/673 674/674 675/675
f 676/676 675/675 674/674
f 677/677 678/678 679/679
f 680/680 679/679 678/678
f 681/681 682/682 683/683
f 684/684 683/683 682/682
f 685/685 686/686 687/687
f 688/688 687/687 686/686
f 689/689 690/690 691/691
f 692/692 691/691 690/690
f 693/693 694/694 695/695
f 696/696 695/695 694/694
f 697/697 696/696 694/694
f 698/698 697/697 694/694
f 699/699 698/698 694/694
f 700/700 699/699 694/694
f 701/701 700/700 694/694
f 702/702 701/701 694/694
f 703/703 702/702 694/694
f 704/704 703/703 694/694
f 705/705 704/704 694/694
f 706/706 705/705 694/694
f 707/707 708/708 709/709
f 710/710 711/711 712/712
f 713/713 714/714 715/715
f 716/716 715/715 714/714
f 717/717 718/718 719/719
f 720/720 719/719 718/718
f 721/721 722/722 723/723
f 724/724 723/723 722/722
f 725/725 726/726 727/727
f 728/728 725/725 727/727
f 729/729 730/730 731/731
f 730/730 732/732 731/731
f 733/733 731/731 732/732
f 731/731 733/733 734/734
f 735/735 734/734 733/733
f 736/736 734/734 735/735
f 737/737 738/738 739/739
f 740/740 739/739 738/738
f 741/741 739/739 740/740
f 742/742 739/739 741/741
f 743/743 739/739 742/742
f 744/744 739/739 743/743
f 745/745 739/739 744/744
f 746/746 739/739 745/745
f 747/747 739/739 746/746
f 748/748 739/739 747/747
f 749/749 739/739 748/748
f 750/750 739/739 749/749
f 751/751 752/752 753/753
f 754/754 753/753 752/752
f 755/755 753/753 754/754
f 756/756 753/753 755/755
f 757/757 756/756 755/755
f 758/758 756/756 757/757
f 759/759 758/758 757/757
f 760/760 759/759 757/757
f 761/761 759/759 760/760
f 762/762 761/761 760/760
f 763/763 762/762 760/760
f 764/764 762/762 763/763
f 765/765 764/764 763/763
f 766/766 764/764 765/765
f 767/767 766/766 765/765
f 768/768 766/766 767/767
f 769/769 768/768 767/767
f 770/770 768/768 769/769
f 771/771 770/770 769/769
f 772/772 770/770 771/771
f 773/773 772/772 771/771
f 774/774 772/772 773/773
f 775/775 774/774 773/773
f 776/776 774/774 775/775
f 777/777 778/778 779/779
f 780/780 779/779 778/778
f 779/779 780/780 781/781
f 781/781 780/780 782/782
f 780/780 783/783 782/782
f 784/784 781/781 782/782
f 785/785 781/781 784/784
f 782/782 783/783 786/786
f 782/782 786/786 787/787
f 788/788 786/786 783/783
f 789/789 790/790 791/791
f 792/792 791/791 790/790
f 793/793 791/791 792/792
f 794/794 791/791 793/793
f 794/794 793/793 795/795
f 796/796 791/791 794/794
f 797/797 791/791 796/796
f 798/798 791/791 797/797
f 799/799 791/791 798/798
f 798/798 797/797 800/800
f 801/801 802/802 803/803
f 804/804 803/803 802/802
f 805/805 806/806 807/807
f 808/808 807/807 806/806
f 809/809 810/810 811/811
f 812/812 811/811 810/810
f 813/813 814/814 815/815
f 816/816 815/815 814/814
f 817/817 818/818 819/819
f 820/820 819/819 818/818
f 821/821 822/822 823/823
f 824/824 823/823 822/822
f 825/825 826/826 827/827
f 828/828 827/827 826/826
f 829/829 830/830 831/831
f 832/832 831/831 830/830
f 833/833 834/834 835/835
f 836/836 835/835 834/834
f 837/837 838/838 839/839
f 840/840 839/839 838/838
f 841/841 842/842 843/843
f 844/844 843/843 842/842
f 845/845 846/846 847/847
f 848/848 847/847 846/846
f 849/849 850/850 851/851
f 852/852 851/851 850/850
f 853/853 852/852 850/850
f 854/854 853/853 850/850
f 855/855 854/854 850/850
f 856/856 855/855 850/850
f 857/857 856/856 850/850
f 858/858 857/857 850/850
f 859/859 858/858 850/850
f 860/860 859/859 850/850
f 861/861 860/860 850/850
f 862/862 861/861 850/850
f 863/863 864/864 865/865
f 866/866 865/865 864/864
f 867/867 868/868 869/869
f 870/870 869/869 868/868
f 871/871 872/872 873/873
f 874/874 873/873 872/872
f 875/875 876/876 877/877
f 878/878 875/875 877/877
f 879/879 880/880 881/881
f 880/880 882/882 881/881
f 883/883 881/881 882/882
f 881/881 883/883 884/884
f 885/885 884/884 883/883
f 886/886 884/884 885/885
f 887/887 888/888 889/889
f 890/890 889/889 888/888
f 891/891 892/892 893/893
f 894/894 893/893 892/892
f 895/895 893/893 894/894
f 896/896 893/893 895/895
f 897/897 898/898 899/899
f 900/900 897/897 899/899
f 901/901 902/902 903/903
f 902/902 904/904 903/903
f 905/905 903/903 904/904
f 903/903 905/905 906/906
f 907/907 906/906 905/905
f 908/908 906/906 907/907
f 909/909 910/910 911/911
f 912/912 911/911 910/910
f 913/913 914/914 915/915
f 916/916 915/915 914/914
f 917/917 915/915 916/916
f 918/918 915/915 917/917
f 919/919 920/920 921/921
f 922/922 921/921 920/920
f 923/923 921/921 922/922
f 924/924 921/921 923/923
f 925/925 921/921 924/924
f 926/926 921/921 925/925
f 927/927 921/921 926/926
f 928/928 921/921 927/927
f 929/929 921/921 928/928
f 930/930 921/921 929/929
f 931/931 921/921 930/930
f 932/932 921/921 931/931
f 933/933 934/934 935/935
f 936/936 935/935 934/934
f 937/937 935/935 936/936
f 938/938 935/935 937/937
f 939/939 938/938 937/937
f 940/940 938/938 939/939
f 941/941 940/940 939/939
f 942/942 941/941 939/939
f 943/943 941/941 942/942
f 944/944 943/943 942/942
f 945/945 944/944 942/942
f 946/946 944/944 945/945
f 947/947 946/946 945/945
f 948/948 946/946 947/947
f 949/949 948/948 947/947
f 950/950 948/948 949/949
f 951/951 950/950 949/949
f 952/952 950/950 951/951
f 953/953 952/952 951/951
f 954/954 952/952 953/953
f 955/955 954/954 953/953
f 956/956 954/954 955/955
f 957/957 956/956 955/955
f 958/958 956/956 957/957
f 959/959 960/960 961/961
f 962/962 961/961 960/960
f 961/961 962/962 963/963
f 963/963 962/962 964/964
f 962/962 965/965 964/964
f 966/966 963/963 964/964
f 967/967 963/963 966/966
f 964/964 965/965 968/968
f 964/964 968/968 969/969
f 970/970 968/968 965/965
f 971/971 972/972 973/973
f 974/974 973/973 972/972
f 975/975 973/973 974/974
f 976/976 973/973 975/975
f 976/976 975/975 977/977
f 978/978 973/973 976/976
f 979/979 973/973 978/978
f 980/980 973/973 979/979
f 981/981 973/973 980/980
f 980/980 979/979 982/982
f 983/983 984/984 985/985
f 986/986 985/985 984/984
f 987/987 988/988 989/989
f 990/990 989/989 988/988
f 991/991 992/992 993/993
f 994/994 993/993 992/992
f 995/995 996/996 997/997
f 998/998 997/997 996/996
f 999/999 1000/1000 1001/1001
f 1002/1002 1001/1001 1000/1000
f 1003/1003 1004/1004 1005/1005
f 1006/1006 1005/1005 1004/1004
f 1007/1007 1008/1008 1009/1009
f 1010/1010 1009/1009 1008/1008
f 1011/1011 1012/1012 1013/1013
f 1014/1014 1013/1013 1012/1012
f 1015/1015 1016/1016 1017/1017
f 1018/1018 1017/1017 1016/1016
f 1019/1019 1020/1020 1021/1021
f 1022/1022 1021/1021 1020/1020
f 1023/1023 1024/1024 1025/1025
f 1026/1026 1025/1025 1024/1024
f 1027/1027 1028/1028 1029/1029
f 1030/1030 1029/1029 1028/1028
f 1031/1031 1032/1032 1033/1033
f 1034/1034 1033/1033 1032/1032
f 1035/1035 1034/1034 1032/1032
f 1036/1036 1035/1035 1032/1032
f 1037/1037 1036/1036 1032/1032
f 1038/1038 1037/1037 1032/1032
f 1039/1039 1038/1038 1032/1032
f 1040/1040 1039/1039 1032/1032
f 1041/1041 1040/1040 1032/1032
f 1042/1042 1041/1041 1032/1032
f 1043/1043 1042/1042 1032/1032
f 1044/1044 1043/1043 1032/1032
f 1045/1045 1046/1046 1047/1047
f 1048/1048 1049/1049 1050/1050
f 1051/1051 1052/1052 1053/1053
f 1054/1054 1053/1053 1052/1052
f 1055/1055 1056/1056 1057/1057
f 1058/1058 1057/1057 1056/1056
f 1059/1059 1060/1060 1061/1061
f 1062/1062 1061/1061 1060/1060
f 1063/1063 1064/1064 1065/1065
f 1066/1066 1063/1063 1065/1065
f 1067/1067 1068/1068 1069/1069
f 1068/1068 1070/1070 1069/1069
f 1071/1071 1069/1069 1070/1070
f 1069/1069 1071/1071 1072/1072
f 1073/1073 1072/1072 1071/1071
f 1074/1074 1072/1072 1073/1073
f 1075/1075 1076/1076 1077/1077
f 1078/1078 1077/1077 1076/1076
f 1079/1079 1080/1080 1081/1081
f 1082/1082 1081/1081 1080/1080
f 1083/1083 1084/1084 1085/1085
f 1086/1086 1085/1085 1084/1084
f 1087/1087 1088/1088 1089/1089
f 1090/1090 1087/1087 1089/1089
f 1091/1091 1092/1092 1093/1093
f 1092/1092 1094/1094 1093/1093
f 1095/1095 1093/1093 1094/1094
f 1093/1093 1095/1095 1096/1096
f 1097/1097 1096/1096 1095/1095
f 1098/1098 1096/1096 1097/1097
f 1099/1099 1100/1100 1101/1101
f 1102/1102 1101/1101 1100/1100
f 1103/1103 1104/1104 1105/1105
f 1106/1106 1105/1105 1104/1104
f 1107/1107 1105/1105 1106/1106
f 1108/1108 1105/1105 1107/1107
f 1109/1109 1110/1110 1111/1111
f 1112/1112 1109/1109 1111/1111
f 1113/1113 1114/1114 1115/1115
f 1114/1114 1116/1116 1115/1115
f 1117/1117 1115/1115 1116/1116
f 1115/1115 1117/1117 1118/1118
f 1119/1119 1118/1118 1117/1117
f 1120/1120 1118/1118 1119/1119
f 1121/1121 1122/1122 1123/1123
f 1124/1124 1123/1123 1122/1122
f 1125/1125 1126/1126 1127/1127
f 1128/1128 1127/1127 1126/1126
f 1129/1129 1127/1127 1128/1128
f 1130/1130 1127/1127 1129/1129
f 1131/1131 1132/1132 1133/1133
f 1134/1134 1133/1133 1132/1132
f 1135/1135 1133/1133 1134/1134
f 1136/1136 1133/1133 1135/1135
f 1137/1137 1133/1133 1136/1136
f 1138/1138 1133/1133 1137/1137
f 1139/1139 1133/1133 1138/1138
f 1140/1140 1133/1133 1139/1139
f 1141/1141 1133/1133 1140/1140
f 1142/1142 1133/1133 1141/1141
f 1143/1143 1133/1133 1142/1142
f 1144/1144 1133/1133 1143/1143
f 1145/1145 1146/1146 1147/1147
f 1148/1148 1147/1147 1146/1146
f 1149/1149 1147/1147 1148/1148
f 1150/1150 1147/1147 1149/1149
f 1151/1151 1150/1150 1149/1149
f 1152/1152 1150/1150 1151/1151
f 1153/1153 1152/1152 1151/1151
f 1154/1154 1153/1153 1151/1151
f 1155/1155 1153/1153 1154/1154
f 1156/1156 1155/1155 1154/1154
f 1157/1157 1156/1156 1154/1154
f 1158/1158 1156/1156 1157/1157
f 1159/1159 1158/1158 1157/1157
f 1160/1160 1158/1158 1159/1159
f 1161/1161 1160/1160 1159/1159
f 1162/1162 1160/1160 1161/1161
f 1163/1163 1162/1162 1161/1161
f 1164/1164 1162/1162 1163/1163
f 1165/1165 1164/1164 1163/1163
f 1166/1166 1164/1164 1165/1165
f 1167/1167 1166/1166 1165/1165
f 1168/1168 1166/1166 1167/1167
f 1169/1169 1168/1168 1167/1167
f 1170/1170 1168/1168 1169/1169
f 1171/1171 1172/1172 1173/1173
f 1174/1174 1173/1173 1172/1172
f 1173/1173 1174/1174 1175/1175
f 1175/1175 1174/1174 1176/1176
f 1174/1174 1177/1177 1176/1176
f 1178/1178 1175/1175 1176/1176
f 1179/1179 1175/1175 1178/1178
f 1176/1176 1177/1177 1180/1180
f 1176/1176 1180/1180 1181/1181
f 1182/1182 1180/1180 1177/1177
f 1183/1183 1184/1184 1185/1185
f 1186/1186 1185/1185 1184/1184
f 1187/1187 1185/1185 1186/1186
f 1188/1188 1185/1185 1187/1187
f 1188/1188 1187/1187 1189/1189
f 1190/1190 1185/1185 1188/1188
f 1191/1191 1185/1185 1190/1190
f 1192/1192 1185/1185 1191/1191
f 1193/1193 1185/1185 1192/1192
f 1192/1192 1191/1191 1194/1194
f 1195/1195 1196/1196 1197/1197
f 1198/1198 1197/1197 1196/1196
f 1199/1199 1200/1200 1201/1201
f 1202/1202 1201/1201 1200/1200
f 1203/1203 1204/1204 1205/1205
f 1206/1206 1205/1205 1204/1204
f 1207/1207 1208/1208 1209/1209
f 1210/1210 1209/1209 1208/1208
f 1211/1211 1212/1212 1213/1213
f 1214/1214 1213/1213 1212/1212
f 1215/1215 1216/1216 1217/1217
f 1218/1218 1217/1217 1216/1216
f 1219/1219 1220/1220 1221/1221
f 1222/1222 1221/1221 1220/1220
f 1223/1223 1224/1224 1225/1225
f 1226/1226 1225/1225 1224/1224
f 1227/1227 1228/1228 1229/1229
f 1230/1230 1229/1229 1228/1228
f 1231/1231 1232/1232 1233/1233
f 1234/1234 1233/1233 1232/1232
f 1235/1235 1236/1236 1237/1237
f 1238/1238 1237/1237 1236/1236
f 1239/1239 1240/1240 1241/1241
f 1242/1242 1241/1241 1240/1240
f 1243/1243 1244/1244 1245/1245
f 1246/1246 1245/1245 1244/1244
f 1247/1247 1246/1246 1244/1244
f 1248/1248 1247/1247 1244/1244
f 1249/1249 1248/1248 1244/1244
f 1250/1250 1249/1249 1244/1244
f 1251/1251 1250/1250 1244/1244
f 1252/1252 1251/1251 1244/1244
f 1253/1253 1252/1252 1244/1244
f 1254/1254 1253/1253 1244/1244
f 1255/1255 1254/1254 1244/1244
f 1256/1256 1255/1255 1244/1244
f 1257/1257 1258/1258 1259/1259
f 1260/1260 1259/1259 1258/1258
f 1261/1261 1262/1262 1263/1263
f 1264/1264 1263/1263 1262/1262
f 1265/1265 1266/1266 1267/1267
f 1268/1268 1267/1267 1266/1266
f 1269/1269 1270/1270 1271/1271
f 1272/1272 1269/1269 1271/1271
f 1273/1273 1274/1274 1275/1275
f 1274/1274 1276/1276 1275/1275
f 1277/1277 1275/1275 1276/1276
f 1275/1275 1277/1277 1278/1278
f 1279/1279 1278/1278 1277/1277
f 1280/1280 1278/1278 1279/1279
f 1281/1281 1282/1282 1283/1283
f 1284/1284 1283/1283 1282/1282
f 1285/1285 1286/1286 1287/1287
f 1288/1288 1287/1287 1286/1286
f 1289/1289 1287/1287 1288/1288
f 1290/1290 1287/1287 1289/1289
f 1291/1291 1292/1292 1293/1293
f 1294/1294 1291/1291 1293/1293
f 1295/1295 1296/1296 1297/1297
f 1296/1296 1298/1298 1297/1297
f 1299/1299 1297/1297 1298/1298
f 1297/1297 1299/1299 1300/1300
f 1301/1301 1300/1300 1299/1299
f 1302/1302 1300/1300 1301/1301
f 1303/1303 1304/1304 1305/1305
f 1306/1306 1305/1305 1304/1304
f 1307/1307 1308/1308 1309/1309
f 1310/1310 1309/1309 1308/1308
f 1311/1311 1309/1309 1310/1310
f 1312/1312 1309/1309 1311/1311
f 1313/1313 1314/1314 1315/1315
f 1316/1316 1315/1315 1314/1314
f 1317/1317 1315/1315 1316/1316
f 1318/1318 1315/1315 1317/1317
f 1319/1319 1315/1315 1318/1318
f 1320/1320 1315/1315 1319/1319
f 1321/1321 1315/1315 1320/1320
f 1322/1322 1315/1315 1321/1321
f 1323/1323 1315/1315 1322/1322
f 1324/1324 1315/1315 1323/1323
f 1325/1325 1315/1315 1324/1324
f 1326/1326 1315/1315 1325/1325
f 1327/1327 1328/1328 1329/1329
f 1330/1330 1329/1329 1328/1328
f 1331/1331 1329/1329 1330/1330
f 1332/1332 1329/1329 1331/1331
f 1333/1333 1332/1332 1331/1331
f 1334/1334 1332/1332 1333/1333
f 1335/1335 1334/1334 1333/1333
f 1336/1336 1335/1335 1333/1333
f 1337/1337 1335/1335 1336/1336
f 1338/1338 1337/1337 1336/1336
f 1339/1339 1338/1338 1336/1336
f 1340/1340 1338/1338 1339/1339
f 1341/1341 1340/1340 1339/1339
f 1342/1342 1340/1340 1341/1341
f 1343/1343 1342/1342 1341/1341
f 1344/1344 1342/1342 1343/1343
f 1345/1345 1344/1344 1343/1343
f 1346/1346 1344/1344 1345/1345
f 1347/1347 1346/1346 1345/1345
f 1348/1348 1346/1346 1347/1347
f 1349/1349 1348/1348 1347/1347
f 1350/1350 1348/1348 1349/1349
f 1351/1351 1350/1350 1349/1349
f 1352/1352 1350/1350 1351/1351
f 1353/1353 1354/1354 1355/1355
f 1356/1356 1355/1355 1354/1354
f 1355/1355 1356/1356 1357/1357
f 1357/1357 1356/1356 1358/1358
f 1356/1356 1359/1359 1358/1358
f 1360/1360 1357/1357 1358/1358
f 1361/1361 1357/1357 1360/1360
f 1358/1358 1359/1359 1362/1362
f 1358/1358 1362/1362 1363/1363
f 1364/1364 1362/1362 1359/1359
f 1365/1365 1366/1366 1367/1367
f 1368/1368 1367/1367 1366/1366
f 1369/1369 1367/1367 1368/1368
f 1370/1370 1367/1367 1369/1369
f 1370/1370 1369/1369 1371/1371
f 1372/1372 1367/1367 1370/1370
f 1373/1373 1367/1367 1372/1372
f 1374/1374 1367/1367 1373/1373
f 1375/1375 1367/1367 1374/1374
f 1374/1374 1373/1373 1376/1376
f 1377/1377 1378/1378 1379/1379
f 1380/1380 1379/1379 1378/1378
f 1381/1381 1382/1382 1383/1383
f 1384/1384 1383/1383 1382/1382
f 1385/1385 1386/1386 1387/1387
f 1388/1388 1387/1387 1386/1386
f 1389/1389 1390/1390 1391/1391
f 1392/1392 1391/1391 1390/1390
f 1393/1393 1394/1394 1395/1395
f 1396/1396 1395/1395 1394/1394
f 1397/1397 1398/1398 1399/1399
f 1400/1400 1399/1399 1398/1398
f 1401/1401 1402/1402 1403/1403
f 1404/1404 1403/1403 1402/1402
f 1405/1405 1406/1406 1407/1407
f 1408/1408 1407/1407 1406/1406
f 1409/1409 1410/1410 1411/1411
f 1412/1412 1411/1411 1410/1410
f 1413/1413 1414/1414 1415/1415
f 1416/1416 1415/1415 1414/1414
f 1417/1417 1418/1418 1419/1419
f 1420/1420 1419/1419 1418/1418
f 1421/1421 1422/1422 1423/1423
f 1424/1424 1423/1423 1422/1422
f 1425/1425 1426/1426 1427/1427
f 1428/1428 1427/1427 1426/1426
f 1429/1429 1428/1428 1426/1426
f 1430/1430 1429/1429 1426/1426
f 1431/1431 1430/1430 1426/1426
f 1432/1432 1431/1431 1426/1426
f 1433/1433 1432/1432 1426/1426
f 1434/1434 1433/1433 1426/1426
f 1435/1435 1434/1434 1426/1426
f 1436/1436 1435/1435 1426/1426
f 1437/1437 1436/1436 1426/1426
f 1438/1438 1437/1437 1426/1426
f 1439/1439 1440/1440 1441/1441
f 1442/1442 1443/1443 1444/1444
f 1445/1445 1446/1446 1447/1447
f 1448/1448 1447/1447 1446/1446
f 1449/1449 1450/1450 1451/1451
f 1452/1452 1451/1451 1450/1450
f 1453/1453 1454/1454 1455/1455
f 1456/1456 1455/1455 1454/1454
f 1457/1457 1458/1458 1459/1459
f 1460/1460 1457/1457 1459/1459
f 1461/1461 1462/1462 1463/1463
f 1462/1462 1464/1464 1463/1463
f 1465/1465 1463/1463 1464/1464
f 1463/1463 1465/1465 1466/1466
f 1467/1467 1466/1466 1465/1465
f 1468/1468 1466/1466 1467/1467
f 1469/1469 1470/1470 1471/1471
f 1472/1472 1471/1471 1470/1470
f 1473/1473 1471/1471 1472/1472
f 1474/1474 1471/1471 1473/1473
f 1475/1475 1471/1471 1474/1474
f 1476/1476 1471/1471 1475/1475
f 1477/1477 1471/1471 1476/1476
f 1478/1478 1471/1471 1477/1477
f 1479/1479 1471/1471 1478/1478
f 1480/1480 1471/1471 1479/1479
f 1481/1481 1471/1471 1480/1480
f 1482/1482 1471/1471 1481/1481
f 1483/1483 1484/1484 1485/1485
f 1486/1486 1485/1485 1484/1484
f 1487/1487 1485/1485 1486/1486
f 1488/1488 1485/1485 1487/1487
f 1489/1489 1488/1488 1487/1487
f 1490/1490 1488/1488 1489/1489
f 1491/1491 1490/1490 1489/1489
f 1492/1492 1491/1491 1489/1489
f 1493/1493 1491/1491 1492/1492
f 1494/1494 1493/1493 1492/1492
f 1495/1495 1494/1494 1492/1492
f 1496/1496 1494/1494 1495/1495
f 1497/1497 1496/1496 1495/1495
f 1498/1498 1496/1496 1497/1497
f 1499/1499 1498/1498 1497/1497
f 1500/1500 1498/1498 1499/1499
f 1501/1501 1500/1500 1499/1499
f 1502/1502 1500/1500 1501/1501
f 1503/1503 1502/1502 1501/1501
f 1504/1504 1502/1502 1503/1503
f 1505/1505 1504/1504 1503/1503
f 1506/1506 1504/1504 1505/1505
f 1507/1507 1506/1506 1505/1505
f 1508/1508 1506/1506 1507/1507
f 1509/1509 1510/1510 1511/1511
f 1512/1512 1511/1511 1510/1510
f 1511/1511 1512/1512 1513/1513
f 1513/1513 1512/1512 1514/1514
f 1512/1512 1515/1515 1514/1514
f 1516/1516 1513/1513 1514/1514
f 1517/1517 1513/1513 1516/1516
f 1514/1514 1515/1515 1518/1518
f 1514/1514 1518/1518 1519/1519
f 1520/1520 1518/1518 1515/1515
f 1521/1521 1522/1522 1523/1523
f 1524/1524 1523/1523 1522/1522
f 1525/1525 1523/1523 1524/1524
f 1526/1526 1523/1523 1525/1525
f 1526/1526 1525/1525 1527/1527
f 1528/1528 1523/1523 1526/1526
f 1529/1529 1523/1523 1528/1528
f 1530/1530 1523/1523 1529/1529
f 1531/1531 1523/1523 1530/1530
f 1530/1530 1529/1529 1532/1532
f 1533/1533 1534/1534 1535/1535
f 1536/1536 1535/1535 1534/1534
f 1537/1537 1538/1538 1539/1539
f 1540/1540 1539/1539 1538/1538
f 1541/1541 1542/1542 1543/1543
f 1544/1544 1543/1543 1542/1542
f 1545/1545 1546/1546 1547/1547
f 1548/1548 1547/1547 1546/1546
f 1549/1549 1550/1550 1551/1551
f 1552/1552 1551/1551 1550/1550
f 1553/1553 1554/1554 1555/1555
f 1556/1556 1555/1555 1554/1554
f 1557/1557 1558/1558 1559/1559
f 1560/1560 1559/1559 1558/1558
f 1561/1561 1562/1562 1563/1563
f 1564/1564 1563/1563 1562/1562
f 1565/1565 1566/1566 1567/1567
f 1568/1568 1567/1567 1566/1566
f 1569/1569 1570/1570 1571/1571
f 1572/1572 1571/1571 1570/1570
f 1573/1573 1574/1574 1575/1575
f 1576/1576 1575/1575 1574/1574
f 1577/1577 1578/1578 1579/1579
f 1580/1580 1579/1579 1578/1578
f 1581/1581 1582/1582 1583/1583
f 1584/1584 1583/1583 1582/1582
f 1585/1585 1584/1584 1582/1582
f 1586/1586 1585/1585 1582/1582
f 1587/1587 1586/1586 1582/1582
f 1588/1588 1587/1587 1582/1582
f 1589/1589 1588/1588 1582/1582
f 1590/1590 1589/1589 1582/1582
f 1591/1591 1590/1590 1582/1582
f 1592/1592 1591/1591 1582/1582
f 1593/1593 1592/1592 1582/1582
f 1594/1594 1593/1593 1582/1582
f 1595/1595 1596/1596 1597/1597
f 1598/1598 1597/1597 1596/1596
f 1599/1599 1600/1600 1601/1601
f 1602/1602 1601/1601 1600/1600
f 1603/1603 1604/1604 1605/1605
f 1606/1606 1605/1605 1604/1604
f 1607/1607 1608/1608 1609/1609
f 1610/1610 1607/1607 1609/1609
f 1611/1611 1612/1612 1613/1613
f 1612/1612 1614/1614 1613/1613
f 1615/1615 1613/1613 1614/1614
f 1613/1613 1615/1615 1616/1616
f 1617/1617 1616/1616 1615/1615
f 1618/1618 1616/1616 1617/1617
f 1619/1619 1620/1620 1621/1621
f 1622/1622 1621/1621 1620/1620
f 1623/1623 1624/1624 1625/1625
f 1626/1626 1625/1625 1624/1624
f 1627/1627 1625/1625 1626/1626
f 1628/1628 1625/1625 1627/1627
f 1629/1629 1630/1630 1631/1631
f 1632/1632 1629/1629 1631/1631
f 1633/1633 1634/1634 1635/1635
f 1634/1634 1636/1636 1635/1635
f 1637/1637 1635/1635 1636/1636
f 1635/1635 1637/1637 1638/1638
f 1639/1639 1638/1638 1637/1637
f 1640/1640 1638/1638 1639/1639
f 1641/1641 1642/1642 1643/1643
f 1644/1644 1643/1643 1642/1642
f 1645/1645 1646/1646 1647/1647
f 1648/1648 1647/1647 1646/1646
f 1649/1649 1647/1647 1648/1648
f 1650/1650 1647/1647 1649/1649
f 1651/1651 1652/1652 1653/1653
f 1654/1654 1653/1653 1652/1652
f 1655/1655 1656/1656 1657/1657
f 1658/1658 1657/1657 1656/1656
f 1659/1659 1660/1660 1661/1661
f 1662/1662 1661/1661 1660/1660
f 1663/1663 1664/1664 1665/1665
f 1666/1666 1663/1663 1665/1665
f 1667/1667 1668/1668 1669/1669
f 1668/1668 1670/1670 1669/1669
f 1671/1671 1669/1669 1670/1670
f 1669/1669 1671/1671 1672/1672
f 1673/1673 1672/1672 1671/1671
f 1674/1674 1672/1672 1673/1673
f 1675/1675 1676/1676 1677/1677
f 1678/1678 1677/1677 1676/1676
f 1679/1679 1680/1680 1681/1681
f 1682/1682 1681/1681 1680/1680
f 1683/1683 1681/1681 1682/1682
f 1684/1684 1681/1681 1683/1683
f 1685/1685 1686/1686 1687/1687
f 1688/1688 1685/1685 1687/1687
f 1689/1689 1690/1690 1691/1691
f 1690/1690 1692/1692 1691/1691
f 1693/1693 1691/1691 1692/1692
f 1691/1691 1693/1693 1694/1694
f 1695/1695 1694/1694 1693/1693
f 1696/1696 1694/1694 1695/1695
f 1697/1697 1698/1698 1699/1699
f 1700/1700 1699/1699 1698/1698
f 1701/1701 1702/1702 1703/1703
f 1704/1704 1703/1703 1702/1702
f 1705/1705 1703/1703 1704/1704
f 1706/1706 1703/1703 1705/1705
f 1707/1707 1708/1708 1709/1709
f 1710/1710 1709/1709 1708/1708
f 1711/1711 1709/1709 1710/1710
f 1712/1712 1709/1709 1711/1711
f 1713/1713 1709/1709 1712/1712
f 1714/1714 1709/1709 1713/1713
f 1715/1715 1709/1709 1714/1714
f 1716/1716 1709/1709 1715/1715
f 1717/1717 1709/1709 1716/1716
f 1718/1718 1709/1709 1717/1717
f 1719/1719 1709/1709 1718/1718
f 1720/1720 1709/1709 1719/1719
f 1721/1721 1722/1722 1723/1723
f 1724/1724 1723/1723 1722/1722
f 1725/1725 1723/1723 1724/1724
f 1726/1726 1723/1723 1725/1725
f 1727/1727 1726/1726 1725/1725
f 1728/1728 1726/1726 1727/1727
f 1729/1729 1728/1728 1727/1727
f 1730/1730 1729/1729 1727/1727
f 1731/1731 1729/1729 1730/1730
f 1732/1732 1731/1731 1730/1730
f 1733/1733 1732/1732 1730/1730
f 1734/1734 1732/1732 1733/1733
f 1735/1735 1734/1734 1733/1733
f 1736/1736 1734/1734 1735/1735
f 1737/1737 1736/1736 1735/1735
f 1738/1738 1736/1736 1737/1737
f 1739/1739 1738/1738 1737/1737
f 1740/1740 1738/1738 1739/1739
f 1741/1741 1740/1740 1739/1739
f 1742/1742 1740/1740 1741/1741
f 1743/1743 1742/1742 1741/1741
f 1744/1744 1742/1742 1743/1743
f 1745/1745 1744/1744 1743/1743
f 1746/1746 1744/1744 1745/1745
f 1747/1747 1748/1748 1749/1749
f 1750/1750 1749/1749 1748/1748
f 1749/1749 1750/1750 1751/1751
f 1751/1751 1750/1750 1752/1752
f 1750/1750 1753/1753 1752/1752
f 1754/1754 1751/1751 1752/1752
f 1755/1755 1751/1751 1754/1754
f 1752/1752 1753/1753 1756/1756
f 1752/1752 1756/1756 1757/1757
f 1758/1758 1756/1756 1753/1753
f 1759/1759 1760/1760 1761/1761
f 1762/1762 1761/1761 1760/1760
f 1763/1763 1761/1761 1762/1762
f 1764/1764 1761/1761 1763/1763
f 1764/1764 1763/1763 1765/1765
f 1766/1766 1761/1761 1764/1764
f 1767/1767 1761/1761 1766/1766
f 1768/1768 1761/1761 1767/1767
f 1769/1769 1761/1761 1768/1768
f 1768/1768 1767/1767 1770/1770
f 1771/1771 1772/1772 1773/1773
f 1774/1774 1773/1773 1772/1772
f 1775/1775 1776/1776 1777/1777
f 1778/1778 1777/1777 1776/1776
f 1779/1779 1780/1780 1781/1781
f 1782/1782 1781/1781 1780/1780
f 1783/1783 1784/1784 1785/1785
f 1786/1786 1785/1785 1784/1784
f 1787/1787 1788/1788 1789/1789
f 1790/1790 1789/1789 1788/1788
f 1791/1791 1792/1792 1793/1793
f 1794/1794 1793/1793 1792/1792
f 1795/1795 1796/1796 1797/1797
f 1798/1798 1797/1797 1796/1796
f 1799/1799 1800/1800 1801/1801
f 1802/1802 1801/1801 1800/1800
f 1803/1803 1804/1804 1805/1805
f 1806/1806 1805/1805 1804/1804
f 1807/1807 1808/1808 1809/1809
f 1810/1810 1809/1809 1808/1808
f 1811/1811 1812/1812 1813/1813
f 1814/1814 1813/1813 1812/1812
f 1815/1815 1816/1816 1817/1817
f 1818/1818 1817/1817 1816/1816
f 1819/1819 1820/1820 1821/1821
f 1822/1822 1821/1821 1820/1820
f 1823/1823 1822/1822 1820/1820
f 1824/1824 1823/1823 1820/1820
f 1825/1825 1824/1824 1820/1820
f 1826/1826 1825/1825 1820/1820
f 1827/1827 1826/1826 1820/1820
f 1828/1828 1827/1827 1820/1820
f 1829/1829 1828/1828 1820/1820
f 1830/1830 1829/1829 1820/1820
f 1831/1831 1830/1830 1820/1820
f 1832/1832 1831/1831 1820/1820
f 1833/1833 1834/1834 1835/1835
f 1836/1836 1835/1835 1834/1834
f 1837/1837 1838/1838 1839/1839
f 1840/1840 1839/1839 1838/1838
f 1841/1841 1842/1842 1843/1843
f 1844/1844 1843/1843 1842/1842
f 1845/1845 1846/1846 1847/1847
f 1848/1848 1845/1845 1847/1847
f 1849/1849 1850/1850 1851/1851
f 1850/1850 1852/1852 1851/1851
f 1853/1853 1851/1851 1852/1852
f 1851/1851 1853/1853 1854/1854
f 1855/1855 1854/1854 1853/1853
f 1856/1856 1854/1854 1855/1855
f 1857/1857 1858/1858 1859/1859
f 1860/1860 1859/1859 1858/1858
f 1861/1861 1862/1862 1863/1863
f 1864/1864 1863/1863 1862/1862
f 1865/1865 1863/1863 1864/1864
f 1866/1866 1863/1863 1865/1865
f 1867/1867 1868/1868 1869/1869
f 1870/1870 1867/1867 1869/1869
f 1871/1871 1872/1872 1873/1873
f 1872/1872 1874/1874 1873/1873
f 1875/1875 1873/1873 1874/1874
f 1873/1873 1875/1875 1876/1876
f 1877/1877 1876/1876 1875/1875
f 1878/1878 1876/1876 1877/1877
f 1879/1879 1880/1880 1881/1881
f 1882/1882 1881/1881 1880/1880
f 1883/1883 1884/1884 1885/1885
f 1886/1886 1885/1885 1884/1884
f 1887/1887 1885/1885 1886/1886
f 1888/1888 1885/1885 1887/1887
